icao24,origin_country,velocity,on_ground
a09281,United States,32.16,False
e8027c,Chile,232.25,False
ac494e,United States,58.28,False
a61867,United States,57.32,False
aa9321,United States,243.7,False
a77ec5,United States,129.01,False
c07d23,Canada,48.97,False
7c2eff,Australia,4.43,False
8744f6,Japan,142.53,False
acdfa6,United States,233.25,False
801657,India,156.29,False
a4d879,United States,215.89,False
acdfa3,United States,0.45,True
ad5637,United States,0.0,False
a9fc94,United States,62.5,False
aa9300,United States,272.66,False
a4d881,United States,0.06,True
ad562a,United States,89.9,False
801621,India,224.89,False
a5d203,United States,289.25,False
a15bf8,United States,44.67,False
a5e550,United States,53.23,False
adb930,United States,76.14,False
ad5622,United States,240.19,False
ac231d,United States,66.01,False
a09272,United States,76.62,False
80161a,India,225.25,False
801627,India,201.36,False
801625,India,162.6,False
acdfab,United States,74.59,False
a4b234,United States,129.04,False
ad694c,United States,212.62,False
407a06,United Kingdom,136.47,False
8a02cb,Indonesia,150.39,False
a34215,United States,198.13,False
a2355d,United States,228.74,False
ae1fe9,United States,24.0,False
adeca5,United States,216.84,False
a2228b,United States,201.5,False
8a02d3,Indonesia,223.73,False
8a02d4,Indonesia,122.57,False
ae1fe3,United States,53.66,False
4acb02,Sweden,12.01,False
a47597,United States,255.54,False
4bc8c8,Turkey,233.09,False
ab0361,United States,220.3,False
a7bc8e,United States,229.01,False
a53eb2,United States,63.44,False
e8024c,Chile,165.66,False
a61836,United States,0.06,True
abf008,United States,238.57,False
a3425f,United States,49.65,False
e80267,Chile,77.17,False
4bc8d5,Turkey,240.97,False
4bc8d6,Turkey,251.78,False
4bc8d3,Turkey,6.17,True
a35592,United States,202.05,False
ad5679,United States,144.05,False
acdffc,United States,188.71,False
801663,India,69.97,False
e80276,Chile,220.4,False
801662,India,6.43,True
ac3688,United States,15.43,True
801666,India,259.32,False
80165c,India,224.09,False
e8026e,Chile,1.8,True
ae1ff6,United States,48.37,False
02053d,Morocco,141.53,False
a3689e,United States,0.0,True
a3556f,United States,0.0,True
801673,India,157.31,False
a4c527,United States,171.52,False
ac21e4,United States,217.44,False
aa8075,United States,141.54,False
ae74e1,United States,60.92,False
ab01ee,United States,49.45,False
abad94,United States,245.59,False
a4b294,United States,248.4,False
a8a88b,United States,198.3,False
adda24,United States,9.26,True
e80219,Chile,224.71,False
a9a215,United States,48.44,False
ae74e8,United States,44.74,False
aae1ea,United States,287.08,False
a9656c,United States,50.28,False
a9523c,United States,164.19,False
a7124e,United States,237.94,False
e8020d,Chile,249.26,False
a03d4e,United States,53.87,False
0d11cc,Mexico,234.54,False
a0f4a2,United States,243.18,False
a091a6,United States,285.54,False
44023f,Austria,5.92,True
a6f23d,United States,219.75,False
4bc8cf,Turkey,72.7,False
a71291,United States,175.7,False
4bc8ce,Turkey,243.44,False
80168a,India,228.74,False
adda47,United States,37.33,False
a6f280,United States,229.16,False
e80239,Chile,5.4,True
ad41ed,United States,238.44,False
46b82a,Greece,0.0,True
0d11f9,Mexico,238.1,False
80169c,India,231.5,False
46b82f,Greece,246.42,False
a3428e,United States,185.29,False
a96561,United States,33.6,False
c0226c,Canada,237.51,False
a8a87e,United States,228.74,False
a27d58,United States,97.24,False
adda5e,United States,217.39,False
c0220d,Canada,240.14,False
46b831,Greece,164.01,False
c07bbe,Canada,162.96,False
c81d25,New Zealand,53.55,False
a091d5,United States,0.06,True
a02a69,United States,240.05,False
8851e9,Thailand,241.62,False
a114f4,United States,119.38,False
a4c592,United States,257.22,False
a5958c,United States,224.88,False
a6189c,United States,297.8,False
8851e6,Thailand,235.27,False
8851e5,Thailand,226.4,False
a5958b,United States,75.11,False
a8584a,United States,138.94,False
46b826,Greece,246.5,False
46b827,Greece,196.05,False
aa099e,United States,228.78,False
4cc2a7,Iceland,266.73,False
4cc2a3,Iceland,5.4,True
a1ad1f,United States,39.43,False
851958,Japan,9.26,True
a091b4,United States,132.81,False
a247f0,United States,222.48,False
a85887,United States,230.04,False
e80201,Chile,239.49,False
e80207,Chile,228.62,False
a7bbb2,United States,230.62,False
8014a4,India,240.35,False
aa07f9,United States,270.72,False
5110c8,Estonia,117.72,False
c0482a,Canada,196.52,False
a617e9,United States,96.63,False
c03517,Canada,167.98,False
71fc9d,Republic of Korea,119.36,False
ac34a1,United States,78.72,False
ac34a0,United States,229.21,False
ab5d2c,United States,291.36,False
c0481b,Canada,202.41,False
a4d7eb,United States,9.77,True
e0b215,Argentina,251.8,False
a4c4bb,United States,131.75,False
a0e1f1,United States,51.76,False
a2ba22,United States,240.86,False
ab5d52,United States,273.5,False
4aca88,Sweden,92.09,False
7c2f4b,Australia,62.77,False
a64d4d,United States,232.83,False
8a0487,Indonesia,130.28,False
a091f3,United States,178.64,False
e07585,Argentina,206.8,False
e07582,Argentina,254.36,False
ab5d58,United States,230.12,False
c02207,Canada,137.69,False
84d283,Japan,225.65,False
a091ed,United States,146.42,False
a5f7dc,United States,88.9,False
accd09,United States,125.16,False
a3ed91,United States,174.78,False
aaf4c8,United States,245.35,False
a14a78,United States,82.0,False
8a0478,Indonesia,178.64,False
a38a21,United States,245.99,False
a857c2,United States,163.21,False
8014e4,India,226.66,False
a6f28c,United States,223.27,False
8014e8,India,233.11,False
e49eee,Brazil,238.77,False
aa3d09,United States,157.16,False
c81d9d,New Zealand,70.77,False
8014db,India,137.66,False
8014df,India,82.54,False
e49ef3,Brazil,182.33,False
8014f4,India,227.94,False
a40d8d,United States,251.29,False
8014f2,India,157.02,False
8014ed,India,195.55,False
e0b255,Argentina,221.94,False
e0b254,Argentina,7.46,True
ac6a1f,United States,94.71,False
e48ba9,Brazil,203.32,False
8014c1,India,253.87,False
343141,Spain,231.24,False
a40d7a,United States,213.9,False
8a0448,Indonesia,244.5,False
ac21af,United States,274.11,False
acba1a,United States,59.62,False
acba30,United States,162.55,False
a2cd90,United States,116.52,False
a9b56b,United States,64.85,False
accd45,United States,199.3,False
a4d7e4,United States,205.54,False
e48baa,Brazil,250.69,False
a39d95,United States,193.54,False
abad6c,United States,236.49,False
a0092f,United States,43.8,False
a3ed58,United States,52.24,False
8014cf,India,72.49,False
471f7a,Hungary,221.56,False
471f69,Hungary,224.66,False
8a03b3,Indonesia,141.9,False
c020be,Canada,8.23,True
a09322,United States,156.13,False
ada558,United States,84.59,False
ae6230,United States,45.38,False
a4fa91,United States,48.55,False
a1bfba,United States,54.14,False
a4d907,United States,57.85,False
a88d6c,United States,261.76,False
a9a1b6,United States,0.06,False
ae6216,United States,53.61,False
a1bfac,United States,2.83,True
a35605,United States,118.57,False
0d1258,Mexico,217.24,False
ad4249,United States,52.16,False
a99a63,United States,1.46,False
7809b1,China,104.74,False
a9ea05,United States,7.46,True
7809ab,China,251.36,False
8014fd,India,220.7,False
a87a76,United States,38.07,True
ae6250,United States,45.83,False
e48c4c,Brazil,143.4,False
e48c4d,Brazil,0.0,True
c07c7b,Canada,192.41,False
c07c7a,Canada,191.91,False
a831e5,United States,15.43,True
a3a61b,United States,233.48,False
ada596,United States,78.22,False
5003d4,San Marino,6.43,True
a5d1b9,United States,249.42,False
398e2a,France,237.9,False
a3696e,United States,184.09,False
a9fd11,United States,39.67,False
a75a2d,United States,69.96,False
a41fcc,United States,114.57,False
aa2a54,United States,195.55,False
a27cdc,United States,69.71,False
a8dd2c,United States,235.11,False
a40ca4,United States,222.65,False
471f37,Hungary,243.41,False
a63a4b,United States,83.86,False
c033a9,Canada,138.94,False
a3da82,United States,50.92,False
a1034e,United States,42.1,False
ae6265,United States,7.46,True
7809eb,China,224.57,False
a63a5c,United States,54.77,False
0d120f,Mexico,141.23,False
a4b1ea,United States,78.36,False
a41faa,United States,122.57,False
ad428c,United States,56.08,False
a36968,United States,57.37,False
a977bb,United States,247.24,False
300ad5,Italy,49.01,False
7c2f04,Australia,29.97,False
7809fa,China,213.61,False
0d121b,Mexico,241.54,False
a3560b,United States,2.83,True
ac47b7,United States,0.0,True
a977d4,United States,196.07,False
c046f7,Canada,147.32,False
7809fd,China,222.03,False
a1bfcf,United States,232.69,False
c07c59,Canada,133.98,False
0d1233,Mexico,235.79,False
a4891e,United States,149.02,False
a8dd27,United States,259.67,False
a4766a,United States,72.13,False
a4d97e,United States,200.82,False
aa8110,United States,36.63,False
e48c04,Brazil,166.07,False
a76cb4,United States,62.9,False
a7cfb7,United States,76.23,False
8a01dd,Indonesia,164.45,False
ad9db0,United States,239.34,False
c07e1d,Canada,64.13,False
e49f2f,Brazil,0.0,True
505ceb,Slovakia,227.29,False
abadc0,United States,235.98,False
505cea,Slovakia,230.75,False
c81ac0,New Zealand,128.02,False
ac3751,United States,228.93,False
c07e32,Canada,206.18,False
a5d319,United States,235.37,False
c07e33,Canada,217.39,False
a8592c,United States,207.38,False
4cc269,Iceland,220.18,False
a76cbe,United States,156.57,False
a5d31d,United States,238.6,False
801738,India,202.96,False
a22358,United States,139.42,False
abadd6,United States,212.83,False
a3699a,United States,83.06,False
801742,India,234.05,False
ad574f,United States,0.0,True
a71337,United States,202.67,False
c07e62,Canada,110.12,False
80172d,India,233.56,False
ac2439,United States,183.81,False
a9ea6e,United States,45.05,False
a40cbb,United States,153.34,False
c035bb,Canada,190.31,False
ad9db8,United States,0.0,True
a7130c,United States,219.34,False
c07e59,Canada,271.9,False
c035d4,Canada,4.37,False
a1acdb,United States,192.75,False
8852e3,Thailand,223.01,False
ac377b,United States,192.97,False
7cb034,Australia,102.17,False
aae465,United States,246.43,False
7cb036,Australia,61.22,False
407b8b,United Kingdom,228.33,False
3c4b31,Germany,267.64,False
a85905,United States,38.2,False
e49f5b,Brazil,192.01,False
a9b4fe,United States,56.37,False
ac245c,United States,152.54,False
a9ea75,United States,46.2,False
a3a647,United States,243.33,False
0d10eb,Mexico,144.07,False
a65fae,United States,215.55,False
3c4b35,Germany,291.74,False
a248a2,United States,41.08,False
a89fa3,United States,3.09,True
ad4461,United States,1.03,True
ab0499,United States,7.28,False
800449,India,201.4,False
ad444d,United States,226.36,False
a85931,United States,248.13,False
a84603,United States,202.9,False
801783,India,77.04,False
801788,India,181.9,False
a3b97e,United States,121.06,False
a008aa,United States,224.02,False
a6061b,United States,72.89,False
a73957,United States,67.0,False
a9b4de,United States,94.14,False
ac379a,United States,241.13,False
80177e,India,68.43,False
a008c5,United States,232.29,False
a008c9,United States,283.73,False
a0d082,United States,62.04,False
ad445c,United States,184.06,False
ae0ddb,United States,63.49,False
a87a9f,United States,33.1,False
ac247a,United States,147.25,False
a39e0c,United States,12.35,True
ada5ee,United States,233.62,False
0ac3f8,Colombia,63.59,False
ac6b86,United States,104.13,False
a84699,United States,147.46,False
a2ce05,United States,202.36,False
a4a095,United States,238.66,False
a235b7,United States,153.74,False
c01049,Canada,290.06,False
a14b1a,United States,0.64,True
a3ee0b,United States,118.06,False
ad8b97,United States,42.18,False
a45072,United States,214.83,False
a008ed,United States,0.64,True
aa8164,United States,238.82,False
e49dff,Brazil,136.42,False
4aca13,Sweden,240.16,False
a1f092,United States,72.77,False
addb4a,United States,241.59,False
a1ae05,United States,174.22,False
4bb4f0,Turkey,247.02,False
a7000a,United States,5.92,True
4aca63,Sweden,230.86,False
4aca66,Sweden,82.83,False
4aca68,Sweden,291.87,False
a5d33b,United States,250.06,False
a6f332,United States,137.59,False
c81c07,New Zealand,52.46,False
7c2fdc,Australia,62.92,False
a222b2,United States,197.03,False
a092ea,United States,219.69,False
a7cfdd,United States,49.65,False
ab5da3,United States,28.85,False
a6f326,United States,234.62,False
7c1ca2,Australia,9.26,True
a7398d,United States,187.55,False
addb80,United States,220.49,False
76b861,Singapore,272.16,False
a8a97b,United States,60.03,False
a235f5,United States,51.88,False
8016b9,India,239.07,False
a475a3,United States,264.19,False
a8dcba,United States,52.97,False
a15e70,United States,247.58,False
ab0416,United States,8.23,True
a355b1,United States,11.32,True
a7268f,United States,63.31,False
a90fcb,United States,227.84,False
a6e030,United States,51.51,False
a248f5,United States,66.86,False
a95307,United States,210.84,False
471fad,Hungary,207.99,False
76b86c,Singapore,231.63,False
471fae,Hungary,58.97,False
ac3731,United States,216.34,False
a27e50,United States,215.66,False
4bb4e7,Turkey,263.01,False
847114,Japan,194.51,False
c07ca6,Canada,83.65,False
781a1f,China,244.38,False
8015c0,India,234.78,False
ad68ba,United States,198.76,False
a3a5ec,United States,221.31,False
ab15ba,United States,195.56,False
ac7e1c,United States,230.75,False
ad9e28,United States,73.92,False
a2ce7f,United States,65.66,False
a8de10,United States,240.77,False
47b1dc,Norway,259.03,False
ac48f2,United States,229.83,False
a582bb,United States,95.34,False
5002e4,San Marino,3.09,True
a76e37,United States,219.06,False
a475de,United States,201.71,False
a462ad,United States,51.09,False
ab4b34,United States,7.72,True
8015cd,India,254.7,False
a38b61,United States,75.69,False
0180b6,Libyan Arab Jamahiriya,4.12,True
ac6b11,United States,89.84,False
ac22a2,United States,55.66,False
a3db5e,United States,245.96,False
8015a4,India,0.64,True
781a53,China,304.53,False
ad68f0,United States,250.71,False
ac6b0c,United States,88.61,False
a0e2e5,United States,58.66,False
781a4b,China,252.82,False
8015a8,India,261.28,False
ab5e6c,United States,221.56,False
ad8b0a,United States,66.72,False
a9a397,United States,267.89,False
a26b4a,United States,0.0,True
873378,Japan,252.43,False
e0b110,Argentina,196.11,False
8015ad,India,226.34,False
ac7e63,United States,44.76,False
acce57,United States,104.95,False
ad8b1d,United States,195.24,False
c06a9b,Canada,250.65,False
adee36,United States,89.54,False
abae62,United States,76.04,False
885306,Thailand,188.29,False
adee1b,United States,92.96,False
ad8b20,United States,246.42,False
e49dde,Brazil,75.69,False
a0f70c,United States,165.83,False
ab5e9f,United States,43.51,False
0d116a,Mexico,231.65,False
a64e2f,United States,142.26,False
3c4ad7,Germany,245.97,False
8015e7,India,167.94,False
a2bb89,United States,120.38,False
a462f1,United States,96.61,False
a3a5cf,United States,196.02,False
ac7e8a,United States,84.87,False
a52e50,United States,191.24,False
a64e2a,United States,222.31,False
c81c9e,New Zealand,141.86,False
ada5d1,United States,46.24,False
a4d8dc,United States,230.9,False
a2bb83,United States,249.16,False
0180a0,Libyan Arab Jamahiriya,191.71,False
aa8081,United States,64.31,False
8015f7,India,249.65,False
3c4ada,Germany,282.36,False
ad9e73,United States,202.11,False
a582a4,United States,25.63,False
abae8f,United States,260.63,False
0800a2,United Republic of Tanzania,98.77,False
88530d,Thailand,197.1,False
8015ee,India,232.86,False
a38b84,United States,0.0,True
728671,Iraq,222.26,False
e48b65,Brazil,226.04,False
728677,Iraq,143.39,False
ae6350,United States,59.93,False
a99b5f,United States,198.97,False
a9a2ab,United States,104.71,False
4bc84d,Turkey,0.64,False
0d111a,Mexico,249.07,False
a0e431,United States,150.8,False
a9a2d5,United States,56.79,False
a35727,United States,233.72,False
344557,Spain,66.38,False
a99b83,United States,206.88,False
0d1138,Mexico,229.09,False
70203f,Bangladesh,251.87,False
ada64d,United States,2.57,True
70203e,Bangladesh,257.48,False
aa92fa,United States,279.81,False
0d112c,Mexico,233.0,False
0d112e,Mexico,226.31,False
c06a7f,Canada,171.87,False
c06a7d,Canada,237.07,False
ada699,United States,64.24,False
c06a7b,Canada,224.9,False
728684,Iraq,68.94,False
ad4395,United States,150.8,False
ad4390,United States,241.04,False
ada683,United States,253.43,False
a1173c,United States,219.52,False
4bc846,Turkey,240.02,False
4bc841,Turkey,219.13,False
4bc842,Turkey,1262.64,False
a02ab4,United States,43.48,False
0d1158,Mexico,232.32,False
a9c8ff,United States,121.05,False
aa92f8,United States,271.04,False
a9eb03,United States,32.93,False
87339a,Japan,8.75,True
a582f9,United States,99.42,False
a21127,United States,109.17,False
4bb567,Turkey,232.81,False
a5d2d4,United States,242.56,False
4bc899,Turkey,104.1,False
4bb565,Turkey,534.3,False
ad438d,United States,224.69,False
a8de56,United States,5.14,True
c06a38,Canada,285.53,False
a51b93,United States,175.67,False
a2376e,United States,45.27,False
aa92e8,United States,79.62,False
ae636c,United States,46.92,False
8518d0,Japan,246.15,False
34450d,Spain,0.0,True
a39dca,United States,245.55,False
801725,India,227.7,False
a712c7,United States,231.68,False
ad439c,United States,33.95,False
ab28d7,United States,224.57,False
a6f2b7,United States,166.59,False
ab15a5,United States,235.43,False
ae503d,United States,216.58,False
ad3098,United States,0.0,True
ac7e18,United States,0.0,True
a21108,United States,51.66,False
a21104,United States,86.89,False
a5d2f9,United States,242.59,False
4bc883,Turkey,220.05,False
a63b85,United States,146.38,False
a63b84,United States,181.79,False
344503,Spain,78.2,False
ac48ac,United States,0.0,True
a10455,United States,59.83,False
aa92c2,United States,0.0,True
ae638e,United States,136.25,False
4bc887,Turkey,238.14,False
4bc894,Turkey,241.84,False
4bc895,Turkey,237.12,False
4bc890,Turkey,218.21,False
a75b5e,United States,150.26,False
a14ad1,United States,259.45,False
73806e,Israel,257.96,False
a36661,United States,237.77,False
a3c975,United States,115.86,False
a86925,United States,153.57,False
801878,India,136.26,False
c058c2,Canada,5.14,True
ac4713,United States,221.05,False
c058ae,Canada,6.94,True
a4995f,United States,0.0,True
7c0ada,Australia,49.78,False
a2467a,United States,182.41,False
ada2fb,United States,30.35,False
a23359,United States,45.42,False
a1cffd,United States,141.9,False
4068f6,United Kingdom,218.56,False
c058cb,Canada,168.05,False
801859,India,267.35,False
a24657,United States,63.07,False
ab6dbb,United States,55.4,False
738061,Israel,239.28,False
738060,Israel,6.69,True
4bb475,Turkey,253.28,False
738065,Israel,225.15,False
738064,Israel,233.59,False
c07b05,Canada,200.53,False
738068,Israel,242.07,False
ad671e,United States,32.82,False
ab2760,United States,251.47,False
ac340a,United States,203.24,False
a3661f,United States,244.48,False
738072,Israel,240.82,False
738076,Israel,247.38,False
738073,Israel,256.87,False
a1cfda,United States,48.44,False
a36636,United States,241.13,False
c058bb,Canada,269.09,False
c058be,Canada,200.66,False
a2597b,United States,198.66,False
a30fe0,United States,151.77,False
702087,Bangladesh,257.33,False
c02067,Canada,207.47,False
440059,Austria,1.29,True
adb723,United States,228.25,False
a9fa34,United States,224.21,False
aa0701,United States,245.06,False
484fff,Kingdom of the Netherlands,268.68,False
abaaa8,United States,249.59,False
a35365,United States,227.08,False
a04e00,United States,238.31,False
3c4a23,Germany,271.89,False
3c4a22,Germany,224.73,False
c0204c,Canada,58.82,False
738052,Israel,247.43,False
738051,Israel,240.06,False
738058,Israel,246.3,False
738057,Israel,256.15,False
ac3434,United States,159.34,False
8a04f5,Indonesia,206.73,False
8a04f7,Indonesia,246.76,False
80188b,India,208.39,False
ac210e,United States,231.19,False
8a04f4,Indonesia,78.53,False
70209a,Bangladesh,239.5,False
adb744,United States,73.19,False
a3534a,United States,70.98,False
a8da39,United States,158.95,False
a3401a,United States,237.79,False
a3c94c,United States,179.71,False
ac7aaa,United States,84.55,False
a2467d,United States,41.87,False
80189d,India,277.23,False
a11392,United States,64.21,False
a1bcf5,United States,55.79,False
ad6758,United States,224.02,False
a2dce1,United States,0.39,True
ab5ade,United States,195.51,False
a3c966,United States,54.21,False
c02070,Canada,138.9,False
ac3453,United States,50.34,False
ac3452,United States,104.43,False
70209f,Bangladesh,237.18,False
e80047,Chile,239.6,False
70209e,Bangladesh,262.18,False
a90d7d,United States,61.82,False
e80049,Chile,234.68,False
a7ccce,United States,1.8,True
a7101e,United States,249.33,False
8a064e,Indonesia,243.48,False
a6f00d,United States,229.93,False
aa914f,United States,45.04,False
a4604d,United States,51.12,False
a59398,United States,213.61,False
874846,Japan,220.64,False
adb5b3,United States,57.5,False
a8431a,United States,250.44,False
ac32cf,United States,195.56,False
a258b7,United States,169.91,False
a3539d,United States,226.73,False
a018ee,United States,210.37,False
8a063c,Indonesia,73.22,False
a8b964,United States,248.46,False
a9c618,United States,142.85,False
a5939c,United States,124.67,False
abab67,United States,243.24,False
ac32f2,United States,187.79,False
ab5b8c,United States,239.95,False
aa3ae5,United States,229.89,False
ad52d3,United States,58.72,False
c0468e,Canada,193.55,False
a1009e,United States,62.58,False
a97659,United States,244.33,False
a138b8,United States,236.52,False
accb50,United States,205.47,False
a4b06c,United States,195.37,False
a6f01c,United States,151.98,False
ada2cc,United States,171.96,False
abab90,United States,244.79,False
8960f2,United Arab Emirates,269.07,False
a6bfdc,United States,226.34,False
8960ef,United Arab Emirates,256.3,False
8a060e,Indonesia,196.74,False
a91fd6,United States,226.91,False
c04631,Canada,157.03,False
a4e99e,United States,42.35,False
adfe82,United States,148.05,False
3c4a8c,Germany,291.18,False
a46093,United States,139.06,False
8960fa,United Arab Emirates,258.5,False
a4c34c,United States,232.45,False
8960d2,United Arab Emirates,246.93,False
c03330,Canada,208.72,False
c04662,Canada,53.92,False
c0332c,Canada,202.09,False
a89caa,United States,48.91,False
a9fa9e,United States,233.59,False
a258cd,United States,182.13,False
e0b09a,Argentina,134.2,False
a28e0a,United States,102.9,False
ab2729,United States,204.4,False
a74992,United States,180.24,False
a1be10,United States,198.6,False
a78ffa,United States,236.37,False
a3a391,United States,52.69,False
a73665,United States,119.88,False
5001d3,San Marino,248.31,False
a52b19,United States,198.44,False
8016de,India,236.08,False
70472b,Myanmar,136.42,False
ac8e14,United States,53.41,False
aa18d0,United States,136.9,False
a03b8d,United States,4.63,True
a245fb,United States,241.53,False
a628e2,United States,67.74,False
a2de46,United States,93.13,False
a41e2c,United States,219.02,False
a2cb12,United States,215.67,False
abbe0c,United States,50.93,False
896110,United Arab Emirates,258.34,False
34558f,Spain,210.07,False
a4e8ef,United States,210.86,False
8016c8,India,214.66,False
a3eb3c,United States,49.18,False
8016c7,India,107.06,False
c1ea6a,Canada,5.4,True
a365b7,United States,231.02,False
896116,United Arab Emirates,109.23,False
a65e4e,United States,37.89,False
a03b6d,United States,0.0,True
a9b375,United States,59.99,False
a41e29,United States,229.7,False
ac8e1d,United States,257.18,False
8016d7,India,235.86,False
89610e,United Arab Emirates,251.77,False
89610d,United Arab Emirates,248.96,False
a65e53,United States,47.1,False
a15b4c,United States,143.36,False
a9c66a,United States,0.0,True
ac45ac,United States,231.39,False
ab5b2b,United States,204.92,False
c1ea44,Canada,0.06,True
a472d9,United States,69.72,False
84715c,Japan,232.48,False
a41e90,United States,125.22,False
a72399,United States,58.34,False
a3c8d1,United States,241.12,False
a3c8cb,United States,280.38,False
acde46,United States,56.32,False
ad9b28,United States,235.77,False
847183,Japan,251.96,False
a9d987,United States,53.53,False
ab5b66,United States,242.28,False
a53e34,United States,51.61,False
8470a0,Japan,221.45,False
a12732,United States,194.01,False
a12733,United States,272.34,False
a77e97,United States,195.68,False
a7ce70,United States,41.52,False
841c60,Japan,262.64,False
7cb05e,Australia,164.53,False
7cb05d,Australia,128.08,False
a89e79,United States,50.25,False
a88b46,United States,52.43,False
aa3b85,United States,267.51,False
7cb067,Australia,0.0,True
7cb065,Australia,167.82,False
a2cb9e,United States,274.39,False
a24720,United States,5.66,True
7cb063,Australia,194.35,False
7cb061,Australia,159.87,False
a1272d,United States,227.14,False
a1272f,United States,227.8,False
89617e,United Arab Emirates,261.13,False
89617c,United Arab Emirates,258.68,False
ada336,United States,239.42,False
ae6012,United States,0.0,True
738101,Israel,261.84,False
ac2038,United States,232.66,False
738100,Israel,256.29,False
738103,Israel,155.58,False
896194,United Arab Emirates,262.72,False
ab1392,United States,54.04,False
896191,United Arab Emirates,248.8,False
3c15be,Germany,245.22,False
8a05ad,Indonesia,228.93,False
a1270a,United States,213.14,False
a7ce6c,United States,45.59,False
ac337e,United States,225.13,False
a8b8ba,United States,242.88,False
a12778,United States,217.13,False
ad402f,United States,263.66,False
a602ab,United States,223.61,False
896179,United Arab Emirates,146.1,False
80182f,India,139.24,False
a0f428,United States,0.0,True
a4870d,United States,141.17,False
a4d5f0,United States,219.21,False
ac205f,United States,196.84,False
a5f5bf,United States,136.58,False
a748f8,United States,233.2,False
aa3b2b,United States,28.74,False
801850,India,245.32,False
896186,United Arab Emirates,262.6,False
a3a2f8,United States,84.94,False
ab38a1,United States,234.59,False
a12750,United States,221.42,False
a23409,United States,133.94,False
a12755,United States,133.15,False
aa4e57,United States,59.73,False
a12756,United States,214.95,False
40690d,United Kingdom,233.49,False
ac2082,United States,121.77,False
ad404e,United States,89.59,False
c031a0,Canada,117.91,False
a11420,United States,218.64,False
c057db,Canada,42.37,False
aa4e47,United States,222.5,False
a4c2f8,United States,218.15,False
801828,India,247.14,False
c07a14,Canada,217.73,False
801830,India,8.23,True
a868f7,United States,199.12,False
ab2854,United States,238.37,False
ab2855,United States,226.91,False
a9fb96,United States,167.1,False
a23465,United States,87.91,False
a77da1,United States,0.0,True
ab284d,United States,234.48,False
452199,Bulgaria,248.02,False
7c7570,Australia,46.24,False
44019a,Austria,0.0,True
a5941e,United States,134.41,False
a48759,United States,0.0,True
ac4843,United States,74.95,False
a34119,United States,104.65,False
a58103,United States,194.91,False
a77dae,United States,208.01,False
a12796,United States,247.65,False
a12798,United States,228.05,False
a1277b,United States,0.0,True
ab6ef4,United States,45.8,False
a35434,United States,1.54,True
ab2883,United States,0.0,True
e4a598,Brazil,175.49,False
a2477a,United States,64.88,False
a2ddac,United States,234.63,False
a64ab0,United States,267.94,False
ac8ee5,United States,178.57,False
ab0229,United States,51.17,False
a5810c,United States,239.66,False
a22123,United States,57.95,False
ab021b,United States,41.06,False
ac2203,United States,146.76,False
ab5bd4,United States,237.6,False
c059df,Canada,279.48,False
7cc529,Australia,57.07,False
abbebd,United States,62.15,False
ac486a,United States,2.83,True
ae1ec4,United States,121.64,False
ab6efc,United States,239.87,False
440184,Austria,294.18,False
7cc599,Australia,38.34,False
a9b2e9,United States,0.0,True
a7bb77,United States,191.42,False
440175,Austria,4.12,True
ac3558,United States,234.9,False
ac4888,United States,140.72,False
a39af6,United States,253.57,False
ab5bf0,United States,0.0,True
452186,Bulgaria,141.81,False
ad6884,United States,79.46,False
ad9bc8,United States,250.37,False
7cc587,Australia,49.73,False
acdef1,United States,60.84,False
a39ada,United States,204.16,False
acdedc,United States,115.62,False
a2479f,United States,202.09,False
ada51e,United States,184.14,False
a2348d,United States,0.0,False
ada521,United States,73.48,False
ae1ed4,United States,62.47,False
a04f04,United States,121.53,False
8a03ae,Indonesia,246.56,False
8a03af,Indonesia,151.75,False
a53dac,United States,76.14,False
a4c400,United States,118.66,False
acdee3,United States,57.33,False
a36799,United States,235.53,False
452166,Bulgaria,250.37,False
ac20c4,United States,241.19,False
ab00ce,United States,73.05,False
0d12e2,Mexico,165.83,False
356319,Spain,236.1,False
a5949e,United States,251.15,False
a9b423,United States,66.21,False
a7baaf,United States,103.31,False
a34199,United States,229.59,False
8a0536,Indonesia,245.4,False
4bd8ca,Turkey,230.46,False
a126c3,United States,237.33,False
a126c4,United States,245.03,False
a04f75,United States,227.31,False
8018b9,India,237.66,False
ac20e7,United States,203.73,False
acdf9a,United States,136.85,False
a006b8,United States,9.49,False
e4a527,Brazil,250.13,False
e49baf,Brazil,228.46,False
a6049b,United States,260.5,False
a9b402,United States,196.39,False
452138,Bulgaria,231.63,False
7cb0f2,Australia,126.09,False
c03487,Canada,241.73,False
c03488,Canada,299.26,False
a04f49,United States,109.9,False
4bd8ac,Turkey,216.97,False
e4a516,Brazil,162.92,False
a47484,United States,0.0,False
a3549d,United States,111.64,False
e4a50e,Brazil,231.86,False
452124,Bulgaria,231.37,False
a03c22,United States,52.12,False
a73771,United States,134.35,False
a3b79c,United States,233.56,False
84d622,Japan,117.3,False
a5812d,United States,6.94,True
a4b125,United States,106.5,False
a96412,United States,232.65,False
a4c45a,United States,77.5,False
781aa6,China,285.27,False
a1bf3a,United States,241.31,False
a5d10e,United States,252.33,False
a61797,United States,238.41,False
7020ac,Bangladesh,235.61,False
a7cda7,United States,52.08,False
7c7539,Australia,140.25,False
0d12ad,Mexico,185.3,False
e4a583,Brazil,182.3,False
7020b4,Bangladesh,225.78,False
c04787,Canada,156.64,False
0d12c6,Mexico,237.99,False
a52aed,United States,249.84,False
a379d3,United States,0.0,True
7020bd,Bangladesh,250.05,False
a1bf42,United States,2.06,True
ab282b,United States,229.57,False
a379cd,United States,232.26,False
8018c9,India,229.93,False
ab6eb9,United States,0.0,True
a4c492,United States,206.45,False
a83108,United States,163.22,False
a6f101,United States,59.24,False
e4a54d,Brazil,141.02,False
a126e6,United States,166.51,False
e4a54f,Brazil,203.01,False
a499a0,United States,231.27,False
a4c3a0,United States,126.99,False
a7cf10,United States,231.99,False
8004d6,India,212.46,False
ab39df,United States,1.29,True
a41f6c,United States,227.5,False
a64c16,United States,34.56,False
ab5c12,United States,290.5,False
85e27c,Japan,242.53,False
4bb1e7,Turkey,204.33,False
a3ec3e,United States,49.84,False
a77f26,United States,251.35,False
a353d2,United States,232.16,False
a486d8,United States,0.0,True
c04716,Canada,275.81,False
a89f2d,United States,37.73,False
ac46c3,United States,239.33,False
aa06b7,United States,25.21,True
a28f7d,United States,45.92,False
a353b4,United States,63.4,False
c0473b,Canada,182.79,False
adc9b6,United States,260.52,False
a3ec5b,United States,66.91,False
ad79e8,United States,178.68,False
a52c4f,United States,127.18,False
8017f2,India,243.14,False
4bb1c5,Turkey,245.3,False
4bb1c3,Turkey,244.8,False
4892c4,Poland,226.37,False
ac33a3,United States,0.0,True
a4b0a9,United States,81.5,False
a5e3b3,United States,119.66,False
a233cc,United States,118.96,False
8017ee,India,0.06,True
a28f80,United States,238.41,False
4892c8,Poland,244.37,False
4bb1c6,Turkey,245.4,False
ad79eb,United States,6.43,True
ac46e7,United States,36.38,False
a53f20,United States,201.39,False
896210,United Arab Emirates,254.74,False
a3ec09,United States,43.41,False
884214,Thailand,224.81,False
ac33c4,United States,235.14,False
abac2c,United States,272.7,False
ab5c69,United States,1.8,True
344355,Spain,2.83,True
884203,Thailand,205.82,False
7380c2,Israel,258.67,False
ac20a1,United States,258.36,False
7380c0,Israel,251.17,False
abac50,United States,281.62,False
7380c4,Israel,253.33,False
7380c3,Israel,262.23,False
a2cc6b,United States,33.99,False
ac8f7d,United States,8.98,False
7380c8,Israel,248.61,False
7380c7,Israel,237.94,False
c81a5b,New Zealand,148.46,False
a220cb,United States,8.75,True
ac7c3f,United States,67.91,False
ac7c52,United States,248.53,False
344344,Spain,239.77,False
344347,Spain,8.75,True
a3ff61,United States,202.12,False
7380ca,Israel,254.7,False
ab00d6,United States,268.39,False
ad66e9,United States,50.99,False
ac7c67,United States,0.0,False
a00827,United States,46.52,False
ac33e2,United States,102.48,False
ad9ac9,United States,279.41,False
ac212d,United States,215.55,False
abbdfa,United States,249.18,False
a36825,United States,135.9,False
ae1ddd,United States,47.34,False
ad5460,United States,189.14,False
80190f,India,240.21,False
a04edb,United States,87.67,False
a12861,United States,298.29,False
a76c79,United States,230.47,False
aaf488,United States,26.03,False
ab1496,United States,239.08,False
aaf485,United States,255.68,False
ab148b,United States,238.3,False
ae7423,United States,55.03,False
a8dc4b,United States,263.34,False
a16ebc,United States,280.55,False
ab148e,United States,240.85,False
aaf47a,United States,231.4,False
345646,Spain,113.07,False
acdde3,United States,0.0,True
a9d9f7,United States,202.82,False
ac2154,United States,240.01,False
abaadd,United States,216.43,False
ad5480,United States,245.94,False
840a7c,Japan,263.63,False
a0e220,United States,248.81,False
89627b,United Arab Emirates,256.07,False
c058f7,Canada,186.85,False
a34209,United States,235.78,False
abaafe,United States,228.37,False
e200fd,Argentina,28.29,False
a10231,United States,205.92,False
aa3c56,United States,62.19,False
a0f566,United States,109.5,False
a736e5,United States,49.49,False
a3ec93,United States,241.43,False
c07b09,Canada,0.0,True
a28ee7,United States,223.27,False
a2deb2,United States,58.97,False
a36853,United States,60.19,False
781c51,China,212.11,False
a89f80,United States,191.34,False
a5e3e4,United States,200.91,False
aa06db,United States,31.42,False
c07b42,Canada,244.08,False
0d0019,Mexico,221.65,False
ac59c3,United States,142.51,False
a4c3fe,United States,79.67,False
a1286c,United States,246.09,False
ac59aa,United States,7.72,True
a89f62,United States,235.98,False
a4b0e2,United States,58.37,False
a7bfde,United States,225.1,False
a6e327,United States,144.39,False
ad474c,United States,255.77,False
ac0110,United States,44.03,False
a7032e,United States,69.18,False
ac5ab7,United States,231.33,False
ac1443,United States,248.71,False
a68010,United States,237.2,False
a5d668,United States,202.2,False
abe101,United States,143.4,False
a8496e,United States,200.8,False
a2007c,United States,280.86,False
8a0816,Indonesia,226.28,False
7c6366,Australia,40.76,False
a5b018,United States,85.32,False
ac011d,United States,244.68,False
a70333,United States,229.65,False
ad2103,United States,59.23,False
4bb21a,Turkey,267.68,False
adddd5,United States,8.23,True
a56050,United States,234.68,False
ad476d,United States,60.99,False
a0d392,United States,49.84,False
a45353,United States,5.92,True
ac1466,United States,0.0,True
a0c075,United States,233.71,False
ad7ab8,United States,3.6,True
a81000,United States,249.4,False
a81001,United States,166.39,False
a81005,United States,238.27,False
a81006,United States,227.32,False
a5d68a,United States,237.06,False
a46672,United States,38.42,False
a87cbe,United States,136.61,False
aa7108,United States,104.48,False
a7bff9,United States,41.32,False
ac5ada,United States,231.5,False
a1e045,United States,280.79,False
4bb27a,Turkey,243.47,False
a4c96c,United States,144.41,False
aa2dcc,United States,53.79,False
abe147,United States,230.75,False
a0f8d3,United States,228.51,False
a095ba,United States,134.91,False
4bb296,Turkey,210.81,False
acaae3,United States,168.85,False
4bb28e,Turkey,208.34,False
ad479d,United States,232.08,False
a0f8cb,United States,189.85,False
a4405f,United States,0.0,True
ac015f,United States,204.75,False
abf480,United States,54.64,False
a57337,United States,226.59,False
ac5afd,United States,110.27,False
a02e72,United States,73.66,False
a88fd1,United States,273.8,False
a01b04,United States,37.26,False
a118c1,United States,55.69,False
4bb276,Turkey,235.56,False
a238a6,United States,221.75,False
4bb274,Turkey,252.72,False
a5999c,United States,54.48,False
4bb272,Turkey,244.04,False
4bb270,Turkey,221.1,False
a5d643,United States,231.88,False
a5c31b,United States,183.87,False
ab19af,United States,62.29,False
a095aa,United States,237.69,False
4bb289,Turkey,238.39,False
4bb286,Turkey,237.2,False
4bb283,Turkey,263.91,False
4bb281,Turkey,243.72,False
a76fe9,United States,208.14,False
781d05,China,231.0,False
7c637f,Australia,116.55,False
ae678d,United States,4.63,True
896409,United Arab Emirates,229.57,False
a01b5c,United States,0.06,True
896406,United Arab Emirates,255.18,False
896411,United Arab Emirates,242.83,False
020176,Morocco,225.7,False
adde95,United States,136.24,False
718a72,Republic of Korea,53.5,False
a01b80,United States,203.52,False
a082b9,United States,61.26,False
467717,Finland,5.4,True
4bb29a,Turkey,244.9,False
a4b5b6,United States,232.16,False
a3a8ef,United States,247.99,False
a01b3a,United States,131.5,False
a728c1,United States,146.94,False
a082ac,United States,121.41,False
a095f0,United States,214.21,False
a63e21,United States,73.75,False
aa718c,United States,94.56,False
a728bd,United States,230.03,False
7cfa94,Australia,180.07,False
a01b56,United States,232.23,False
c038a7,Canada,251.57,False
a105e8,United States,185.87,False
a9303d,United States,224.79,False
ac6da0,United States,251.63,False
020140,Morocco,233.28,False
a9699c,United States,44.14,False
a9ffeb,United States,180.28,False
7c6332,Australia,65.53,False
a9a650,United States,87.98,False
ab0764,United States,95.46,False
7c7659,Australia,64.67,False
a1f2d1,United States,31.24,False
4bb1a6,Turkey,244.98,False
4bb1a4,Turkey,4.12,True
aae757,United States,0.0,True
781bd3,China,219.6,False
a0e5fe,United States,3.25,False
aa8499,United States,256.16,False
7cc60f,Australia,39.31,False
a8dff1,United States,0.0,True
34659a,Spain,239.82,False
a8103e,United States,227.29,False
a95665,United States,216.69,False
a93007,United States,221.19,False
a25b66,United States,225.65,False
8a082d,Indonesia,226.59,False
a37b1c,United States,72.94,False
ab0783,United States,54.99,False
a082fd,United States,0.0,True
84c43e,Japan,171.06,False
a3a8ba,United States,142.6,False
8a0837,Indonesia,176.06,False
02013d,Morocco,122.68,False
a6e376,United States,116.8,False
a25b3f,United States,211.68,False
a6d03b,United States,0.0,True
a9b971,United States,54.55,False
8005f1,India,237.91,False
acab11,United States,233.76,False
780a63,China,254.86,False
8005f0,India,253.85,False
a09720,United States,58.37,False
acbe48,United States,25.89,False
896372,United Arab Emirates,203.8,False
780a65,China,264.38,False
a50b6e,United States,62.33,False
e80612,Chile,198.88,False
344043,Spain,0.0,True
e80618,Chile,190.27,False
e8060d,Chile,231.37,False
a715e7,United States,37.84,False
c0130c,Canada,65.55,False
780a71,China,244.52,False
acab06,United States,0.0,True
a835c5,United States,244.3,False
e80626,Chile,6.17,True
a6f5d7,United States,193.59,False
e80625,Chile,232.25,False
c02655,Canada,134.23,False
780a6a,China,7.72,True
ac5b43,United States,287.56,False
85d098,Japan,1.29,True
ac12d6,United States,233.41,False
a87e6d,United States,48.1,False
7cfa0c,Australia,55.08,False
a2ab6c,United States,232.6,False
e8061a,Chile,240.64,False
a99e1d,United States,74.35,False
896356,United Arab Emirates,257.87,False
780a89,China,223.88,False
ac12be,United States,73.87,False
ab4e9d,United States,31.72,False
780a7b,China,5.92,True
345359,Spain,194.45,False
345352,Spain,238.2,False
c06ce6,Canada,232.95,False
a37b5a,United States,202.28,False
780a7e,China,190.0,False
780a7f,China,223.56,False
89501a,Brunei Darussalam,87.71,False
780a95,China,235.0,False
780a94,China,241.55,False
7c74cf,Australia,5.4,True
e8062a,Chile,0.0,True
ada8dd,United States,52.07,False
a332e7,United States,74.51,False
c06cda,Canada,174.54,False
ac5b66,United States,231.75,False
a6f5f3,United States,181.44,False
4bb0f9,Turkey,229.78,False
a02dce,United States,65.35,False
acab54,United States,193.24,False
4bb0f5,Turkey,258.36,False
4bb0f2,Turkey,291.53,False
e42371,Brazil,47.85,False
aa1b0e,United States,242.14,False
c07fbb,Canada,204.64,False
4bb0ec,Turkey,248.2,False
4bb0ea,Turkey,295.18,False
a02dda,United States,210.05,False
a7f096,United States,214.12,False
ac5b89,United States,241.75,False
a0e751,United States,0.0,True
896335,United Arab Emirates,233.69,False
a968c5,United States,0.0,True
02019f,Morocco,100.91,False
acab3f,United States,246.7,False
704946,Myanmar,77.35,False
a585de,United States,0.0,True
a572af,United States,235.06,False
ae52b2,United States,53.79,False
a14da8,United States,209.73,False
896305,United Arab Emirates,267.62,False
a585f8,United States,41.54,False
896304,United Arab Emirates,262.45,False
896308,United Arab Emirates,266.56,False
34530c,Spain,251.95,False
896306,United Arab Emirates,260.22,False
abf2ea,United States,73.06,False
a63e60,United States,137.31,False
a4fe70,United States,61.95,False
345319,Spain,239.96,False
a5e8ea,United States,42.71,False
4bb0e8,Turkey,221.25,False
4bb0e5,Turkey,295.13,False
406752,United Kingdom,232.24,False
4bb0e6,Turkey,218.83,False
89630a,United Arab Emirates,138.88,False
4bb0e3,Turkey,186.95,False
406754,United Kingdom,1.03,True
4bb0e1,Turkey,220.87,False
a715c6,United States,219.14,False
a5c2b4,United States,136.82,False
896319,United Arab Emirates,271.19,False
e80604,Chile,0.0,True
a6f5b5,United States,190.92,False
884348,Thailand,123.52,False
a22771,United States,181.48,False
a34764,United States,140.87,False
ac006d,United States,239.38,False
a37aa5,United States,55.03,False
a1f41b,United States,184.51,False
ac0094,United States,0.0,True
abe075,United States,236.28,False
a3472f,United States,0.0,True
a98b76,United States,79.74,False
a63db5,United States,150.5,False
a75da2,United States,217.11,False
a99e9f,United States,36.76,False
a75da8,United States,0.0,True
a51dcd,United States,34.09,False
a98b7b,United States,33.91,False
a9db62,United States,48.91,False
a9db63,United States,52.55,False
a63dc7,United States,266.47,False
a21432,United States,2.31,True
a14dde,United States,51.59,False
a99e89,United States,50.94,False
aae5a9,United States,5.92,True
781d50,China,245.14,False
4bb207,Turkey,241.34,False
a1f46b,United States,176.06,False
aa1b9c,United States,180.08,False
a9db1d,United States,33.07,False
4bb210,Turkey,210.29,False
738321,Israel,10.8,True
0200ae,Morocco,243.1,False
e48fc1,Brazil,198.0,False
e48fc2,Brazil,236.75,False
780a28,China,268.26,False
0ac138,Colombia,3.34,True
c024f8,Canada,50.94,False
4bb213,Turkey,218.12,False
a6f5fc,United States,263.15,False
aaf8f1,United States,222.95,False
a86b56,United States,0.19,True
ac6e1b,United States,26.44,False
780a35,China,237.49,False
a822d6,United States,211.62,False
a2147c,United States,146.19,False
0ac12f,Colombia,100.74,False
4bb20c,Turkey,224.85,False
780a2a,China,12.86,True
780a44,China,215.06,False
800733,India,245.48,False
a955da,United States,275.64,False
896397,United Arab Emirates,8.23,True
a1e132,United States,197.25,False
89638d,United Arab Emirates,230.38,False
89505b,Brunei Darussalam,246.29,False
780a3f,China,271.0,False
780a3b,China,227.7,False
89505e,Brunei Darussalam,216.59,False
800736,India,240.53,False
800735,India,230.8,False
a07177,United States,0.0,True
8a07ad,Indonesia,258.99,False
780a59,China,80.39,False
ab05f2,United States,47.49,False
a51da7,United States,10.29,True
a51da1,United States,258.82,False
ac5b20,United States,182.12,False
a86ab5,United States,254.06,False
adcba5,United States,58.62,False
c013d7,Canada,234.7,False
a44166,United States,205.29,False
ae6861,United States,217.21,False
a63dff,United States,0.0,True
75006a,Malaysia,66.88,False
8830f7,Thailand,127.94,False
a69463,United States,252.2,False
a70463,United States,245.39,False
a14f14,United States,53.03,False
7c6481,Australia,0.0,True
ac289f,United States,219.22,False
48922b,Poland,138.45,False
a4414a,United States,244.56,False
ab924d,United States,5.4,True
c013d0,Canada,225.26,False
4bb145,Turkey,285.93,False
c05c59,Canada,179.51,False
4bb143,Turkey,222.55,False
4bb144,Turkey,220.3,False
4bb142,Turkey,233.59,False
a4a47e,United States,36.82,False
ac157d,United States,294.07,False
4bb108,Turkey,259.13,False
4bb106,Turkey,257.36,False
4bb103,Turkey,257.36,False
4bb104,Turkey,241.34,False
489229,Poland,141.02,False
8963eb,United Arab Emirates,178.01,False
ad7bdf,United States,243.68,False
a3348d,United States,113.28,False
c05c86,Canada,285.19,False
ab9276,United States,94.16,False
a3a9a3,United States,212.36,False
4bb10a,Turkey,296.35,False
ad3581,United States,195.77,False
a37af8,United States,244.92,False
4bb10b,Turkey,259.71,False
c013da,Canada,3.09,True
aa1be0,United States,213.88,False
a83787,United States,233.18,False
a74ae4,United States,28.88,False
8963ff,United Arab Emirates,208.46,False
489223,Poland,235.42,False
489222,Poland,229.4,False
a096a1,United States,283.82,False
4bb10c,Turkey,237.19,False
a3a9b6,United States,71.0,False
8963d1,United Arab Emirates,172.65,False
8963d4,United Arab Emirates,207.01,False
4bb15a,Turkey,257.14,False
aa720f,United States,4.37,True
a0e6c6,United States,242.17,False
c05c24,Canada,10.8,True
aa8548,United States,60.39,False
8963d7,United Arab Emirates,189.45,False
c05c0e,Canada,103.89,False
ac159a,United States,203.04,False
a4418c,United States,3.09,True
776664,Sri Lanka,73.66,False
8963e3,United Arab Emirates,83.82,False
a359c2,United States,0.06,True
aa9876,United States,85.06,False
4bb189,Turkey,220.65,False
4bb187,Turkey,237.75,False
4bb188,Turkey,252.29,False
4bb182,Turkey,8.23,True
a226c5,United States,232.0,False
7cfaff,Australia,32.11,False
a4fddb,United States,2.06,True
a63df6,United States,182.79,False
a63df3,United States,241.74,False
a4417d,United States,216.07,False
a106b4,United States,181.32,False
a106b3,United States,123.74,False
4bb149,Turkey,251.71,False
a50acc,United States,56.55,False
4bb147,Turkey,279.91,False
4bb148,Turkey,219.0,False
781e13,China,184.35,False
aa2ed8,United States,204.9,False
c013c3,Canada,131.94,False
a4fdf9,United States,61.32,False
aa1ba3,United States,170.72,False
8963b4,United Arab Emirates,225.93,False
a4eabb,United States,80.15,False
4bb14c,Turkey,273.04,False
a13c0b,United States,207.69,False
4bb14a,Turkey,223.1,False
a01c37,United States,0.0,True
4bb159,Turkey,224.77,False
3465c5,Spain,225.76,False
4067f6,United Kingdom,256.19,False
4067f5,United Kingdom,289.65,False
ab4ea5,United States,38.58,False
a38f5a,United States,43.18,False
a3a9eb,United States,253.21,False
896523,United Arab Emirates,231.14,False
a586b0,United States,167.98,False
a75f15,United States,270.9,False
a13c73,United States,0.0,True
4ac9e1,Sweden,0.45,True
a333ae,United States,6.94,True
a466c7,United States,1.29,True
a4b6c2,United States,4.89,True
c039a9,Canada,99.3,False
a9dafa,United States,49.94,False
a3a9ff,United States,246.14,False
a26f6f,United States,218.89,False
ad4804,United States,217.03,False
a213d6,United States,218.64,False
89652d,United Arab Emirates,244.34,False
a51f4a,United States,0.0,True
a37c1c,United States,214.05,False
896503,United Arab Emirates,225.31,False
02006f,Morocco,240.11,False
02006b,Morocco,240.11,False
4bb196,Turkey,277.22,False
4bb195,Turkey,253.94,False
4bb192,Turkey,243.76,False
4bb193,Turkey,281.85,False
ac2836,United States,243.79,False
8a074e,Indonesia,252.16,False
a62c1a,United States,179.32,False
8a074b,Indonesia,239.63,False
4bb18e,Turkey,259.78,False
4bb18a,Turkey,256.39,False
896518,United Arab Emirates,235.79,False
a14f94,United States,56.59,False
896517,United Arab Emirates,224.35,False
a63f4e,United States,77.38,False
896515,United Arab Emirates,237.17,False
781cbc,China,249.16,False
ab4ecb,United States,41.75,False
a599a8,United States,231.57,False
a466fc,United States,244.24,False
7c777b,Australia,155.45,False
ac2859,United States,100.03,False
7c7772,Australia,162.63,False
7c7774,Australia,0.32,True
7c6443,Australia,229.72,False
ac5ba4,United States,50.86,False
a320c1,United States,195.53,False
c00158,Canada,4.89,True
a9a787,United States,43.26,False
68332b,Kazakhstan,243.45,False
ad8ed7,United States,167.22,False
ad8ed4,United States,185.84,False
a320a6,United States,151.95,False
aa7288,United States,90.03,False
a98ac9,United States,52.08,False
846250,Japan,229.92,False
ae683a,United States,100.44,False
a9a750,United States,259.62,False
acbeac,United States,86.46,False
ac287c,United States,238.48,False
a81166,United States,208.05,False
a200ba,United States,136.23,False
a466d2,United States,245.21,False
a74c67,United States,73.15,False
acbf63,United States,227.71,False
ac13d6,United States,240.95,False
89647e,United Arab Emirates,266.84,False
896489,United Arab Emirates,260.32,False
a9dc11,United States,56.75,False
780b7b,China,228.61,False
abf3b8,United States,221.12,False
89648d,United Arab Emirates,237.95,False
89648a,United Arab Emirates,259.19,False
ac6f8a,United States,231.77,False
c06de0,Canada,46.43,False
40683e,United Kingdom,292.07,False
a09852,United States,128.43,False
89645b,United Arab Emirates,285.52,False
ac13f9,United States,204.13,False
3e0fec,Germany,63.02,False
a98c19,United States,62.5,False
a190fa,United States,120.1,False
896477,United Arab Emirates,232.06,False
a560fb,United States,236.85,False
0ac02b,Colombia,238.45,False
a9b9e3,United States,221.13,False
7c75ed,Australia,48.15,False
3c135a,Germany,236.55,False
abf3da,United States,256.63,False
896483,United Arab Emirates,166.61,False
896481,United Arab Emirates,262.07,False
484f73,Kingdom of the Netherlands,0.0,True
ac00d6,United States,250.77,False
896480,United Arab Emirates,247.26,False
a02eee,United States,47.87,False
a01bbc,United States,5.4,True
aa1c45,United States,266.42,False
7c7701,Australia,200.03,False
40688b,United Kingdom,270.61,False
40688e,United Kingdom,283.22,False
896455,United Arab Emirates,232.45,False
a25ba7,United States,51.91,False
a07228,United States,1.8,True
abe0bb,United States,0.06,True
a01bd8,United States,182.72,False
89643e,United Arab Emirates,254.32,False
a09890,United States,48.0,False
acbf99,United States,50.07,False
89644c,United Arab Emirates,254.19,False
89644a,United Arab Emirates,261.88,False
a98c00,United States,54.55,False
896456,United Arab Emirates,259.1,False
406890,United Kingdom,258.6,False
a6f6b7,United States,233.18,False
896463,United Arab Emirates,256.53,False
c01401,Canada,1.8,True
ad8f9a,United States,147.31,False
a0855d,United States,87.27,False
a38ea2,United States,65.4,False
a5d6f9,United States,252.29,False
a716f6,United States,5.92,True
a3cc88,United States,216.48,False
a34825,United States,162.02,False
a87f50,United States,79.33,False
abe0df,United States,215.18,False
a74c35,United States,52.07,False
896439,United Arab Emirates,263.59,False
896441,United Arab Emirates,239.89,False
89642e,United Arab Emirates,253.65,False
a1f557,United States,244.34,False
ac0196,United States,247.42,False
ab19d0,United States,205.6,False
ab19d9,United States,50.42,False
780b08,China,205.09,False
aa9830,United States,223.43,False
aaf9c1,United States,205.01,False
a3dedd,United States,0.06,True
a5c504,United States,151.94,False
a34876,United States,64.75,False
a34878,United States,220.73,False
8a06f0,Indonesia,150.73,False
a08576,United States,54.57,False
a0856a,United States,53.52,False
781e51,China,215.43,False
ad59c7,United States,31.8,False
a58873,United States,142.38,False
a2bec7,United States,236.42,False
a930f0,United States,63.26,False
a9dc5e,United States,231.59,False
ab3c0a,United States,248.57,False
a0d561,United States,245.06,False
ab3c0c,United States,230.72,False
a45509,United States,270.13,False
84c3fc,Japan,85.85,False
750109,Malaysia,212.99,False
a19231,United States,65.01,False
4280e2,United Kingdom,216.6,False
a1f51c,United States,57.17,False
aa9801,United States,254.59,False
ab19fb,United States,127.83,False
acbf24,United States,66.21,False
addf01,United States,10.29,True
a98c6c,United States,178.47,False
780b44,China,226.19,False
a44240,United States,202.64,False
738446,Israel,231.86,False
a8bc71,United States,234.43,False
a810ba,United States,237.5,False
a44238,United States,73.06,False
a20288,United States,141.88,False
4bb102,Turkey,257.15,False
c012f2,Canada,169.26,False
4b8750,Turkey,0.77,False
aae6cd,United States,230.04,False
738456,Israel,205.32,False
a2abda,United States,241.12,False
a1f595,United States,244.47,False
06809b,Uganda,231.34,False
7c75e5,Australia,182.25,False
a4421d,United States,215.24,False
89649e,United Arab Emirates,251.79,False
89649d,United Arab Emirates,261.84,False
780b4e,China,168.95,False
ac13b3,United States,249.09,False
780b60,China,234.02,False
a1e23a,United States,235.01,False
a9a6e3,United States,74.85,False
a3488b,United States,79.91,False
781e95,China,261.47,False
ab3c58,United States,9.77,True
7c62a5,Australia,62.57,False
781e8c,China,136.12,False
a44213,United States,0.0,True
a44214,United States,227.09,False
3a2e23,France,251.24,False
a5d814,United States,0.13,True
ab90a9,United States,84.8,False
3a2e21,France,259.71,False
3a2e22,France,260.95,False
780b6b,China,200.41,False
ac252a,United States,239.89,False
c80ae4,New Zealand,48.53,False
a4fac3,United States,182.06,False
a009b7,United States,10.29,True
a3313f,United States,59.88,False
a4c772,United States,56.14,False
3965a3,France,259.98,False
3965a2,France,288.85,False
841ff4,Japan,106.76,False
3965a9,France,267.81,False
c049ff,Canada,110.73,False
a9672c,United States,236.51,False
a64df2,United States,250.72,False
3462c9,Spain,248.61,False
3462c8,Spain,245.08,False
3965b0,France,265.97,False
a03f0a,United States,139.6,False
a40def,United States,74.59,False
3965b4,France,245.19,False
aa2bc4,United States,9.26,True
a03f0e,United States,51.31,False
ad4528,United States,212.38,False
aa2bc5,United States,65.87,False
840cd8,Japan,121.81,False
7c6590,Australia,70.57,False
c023c8,Canada,251.26,False
aa2bc2,United States,260.08,False
a3311b,United States,223.14,False
aaf87f,United States,117.63,False
a3578a,United States,184.03,False
a88dbb,United States,235.08,False
485ecc,Kingdom of the Netherlands,251.84,False
ab4bf7,United States,92.99,False
c023aa,Canada,265.19,False
ac255f,United States,84.26,False
aa3ee0,United States,31.99,False
c023b7,Canada,273.32,False
a009a4,United States,240.96,False
a2bab6,United States,198.22,False
3475d4,Spain,217.64,False
3475d3,Spain,149.77,False
aa2ba2,United States,246.97,False
aa2ba1,United States,4.63,True
ac2567,United States,280.86,False
a5c127,United States,249.57,False
ad3211,United States,56.55,False
acced9,United States,238.99,False
aae582,United States,130.77,False
aa950d,United States,54.57,False
ac6bf2,United States,228.13,False
a0d19e,United States,213.5,False
acbbd8,United States,140.96,False
a249b8,United States,44.54,False
e80495,Chile,198.55,False
a129d9,United States,0.0,True
a116b8,United States,45.44,False
aae597,United States,267.99,False
8964fb,United Arab Emirates,225.39,False
4bb064,Turkey,237.83,False
7c77a1,Australia,44.25,False
a1af08,United States,37.56,False
8964d0,United Arab Emirates,91.5,False
c07f2e,Canada,153.86,False
a4b41c,United States,218.65,False
8964bc,United Arab Emirates,259.28,False
ad8bed,United States,243.21,False
a4b421,United States,236.69,False
e48f6a,Brazil,194.45,False
c049db,Canada,51.26,False
781f36,China,206.52,False
4077ba,United Kingdom,76.8,False
4bb02b,Turkey,238.26,False
a009e3,United States,52.69,False
a4faa5,United States,77.21,False
c036b1,Canada,277.05,False
a009da,United States,0.0,True
750148,Malaysia,218.35,False
ac259b,United States,236.26,False
a7149d,United States,37.77,False
a2cf34,United States,3.34,True
e8043a,Chile,213.47,False
a3ef0c,United States,46.95,False
ae63f0,United States,234.6,False
a369e7,United States,213.6,False
896644,United Arab Emirates,238.82,False
781dac,China,5.66,True
a94156,United States,206.91,False
e80450,Chile,267.53,False
a3ef1b,United States,210.54,False
c02494,Canada,178.33,False
89664b,United Arab Emirates,83.49,False
a9b78e,United States,0.0,True
88596a,Thailand,219.48,False
896662,United Arab Emirates,236.54,False
e80462,Chile,203.69,False
e80461,Chile,218.35,False
c06afc,Canada,101.4,False
e8045e,Chile,231.51,False
780aa1,China,232.04,False
896623,United Arab Emirates,284.37,False
e8045f,Chile,216.38,False
896625,United Arab Emirates,277.2,False
a0f6b9,United States,188.64,False
780aa8,China,236.82,False
c07f02,Canada,192.81,False
e80473,Chile,242.34,False
4bb074,Turkey,243.0,False
e80479,Chile,203.49,False
a02c40,United States,217.85,False
4bb06f,Turkey,268.63,False
e8046f,Chile,253.25,False
781de5,China,244.44,False
4bb06d,Turkey,229.6,False
ae50d0,United States,51.88,False
e8046a,Chile,200.26,False
ab1839,United States,284.92,False
780ac0,China,191.01,False
89662b,United Arab Emirates,142.93,False
a9eab2,United States,31.91,False
a03f84,United States,211.74,False
a9b775,United States,215.76,False
89662e,United Arab Emirates,216.31,False
780ac8,China,269.99,False
896609,United Arab Emirates,210.47,False
ab1842,United States,222.73,False
ab5eb2,United States,241.84,False
e80409,Chile,213.45,False
a2cf6a,United States,0.0,True
ad5817,United States,7.2,True
a330a0,United States,246.21,False
780abe,China,180.24,False
a1f0a9,United States,197.21,False
ab050a,United States,94.19,False
a9a414,United States,50.82,False
ab183e,United States,92.4,False
e80413,Chile,224.1,False
a75abe,United States,37.04,False
780ad3,China,230.66,False
c06ac1,Canada,37.04,False
e8040c,Chile,204.28,False
780acc,China,216.6,False
e80429,Chile,178.67,False
a356db,United States,250.16,False
7c788f,Australia,237.23,False
89660d,United Arab Emirates,226.85,False
a6e10b,United States,48.55,False
89660c,United Arab Emirates,88.67,False
a7bdd0,United States,56.19,False
ab4ba6,United States,236.51,False
abaeb6,United States,64.37,False
345043,Spain,224.22,False
ac250b,United States,8.23,True
a0f6f9,United States,110.78,False
7c7887,Australia,201.77,False
abaeb2,United States,152.96,False
aaf83c,United States,208.98,False
7c7884,Australia,227.61,False
a9b70e,United States,98.27,False
c0114e,Canada,63.37,False
780af0,China,211.88,False
885968,Thailand,192.65,False
e80435,Chile,0.0,False
aa956d,United States,56.39,False
4ac8da,Sweden,192.34,False
a2cf45,United States,58.14,False
a4a17c,United States,58.59,False
a0f6fb,United States,53.52,False
e8042a,Chile,3.86,True
347691,Spain,258.83,False
a2bc12,United States,243.83,False
a9b72c,United States,51.97,False
a14c70,United States,93.12,False
406590,United Kingdom,266.76,False
a2cf48,United States,237.25,False
a6e140,United States,184.75,False
7c6549,Australia,84.33,False
a9a404,United States,223.85,False
a369ee,United States,251.91,False
a94105,United States,178.75,False
aa955c,United States,2.57,True
484c59,Kingdom of the Netherlands,239.64,False
89659d,United Arab Emirates,264.34,False
a76f66,United States,238.17,False
0d106d,Mexico,153.29,False
a846be,United States,45.93,False
ab5f6a,United States,119.73,False
a846c4,United States,195.18,False
e48dc2,Brazil,78.65,False
8a09ca,Indonesia,223.35,False
ac36cc,United States,206.79,False
ab5f87,United States,229.95,False
a583f5,United States,238.31,False
a4a0b4,United States,214.21,False
a3dc7e,United States,233.68,False
346456,Spain,248.94,False
8a09d5,Indonesia,102.48,False
8a09be,Indonesia,241.06,False
a700a4,United States,96.6,False
ad56e0,United States,0.0,True
c06aaa,Canada,252.07,False
896596,United Arab Emirates,261.47,False
a690a8,United States,251.79,False
c06aa7,Canada,145.3,False
740828,Jordan,205.16,False
740822,Jordan,247.33,False
a330a8,United States,52.39,False
a1f0b4,United States,229.12,False
ab4c76,United States,224.98,False
abaf6e,United States,259.24,False
a38c66,United States,0.06,True
a76f6d,United States,176.87,False
a76f6c,United States,79.74,False
a38c64,United States,248.41,False
8a09b8,Indonesia,260.06,False
a846d1,United States,97.35,False
48af11,Poland,211.08,False
ac36ef,United States,0.0,True
a0d0e0,United States,75.62,False
600853,Azerbaijan,238.41,False
461f4e,Finland,230.42,False
461f4a,Finland,235.81,False
461f4b,Finland,242.3,False
48af01,Poland,239.19,False
0d1049,Mexico,187.07,False
44cc42,Belgium,171.48,False
8a09a4,Indonesia,201.39,False
a4c6af,United States,224.51,False
a9a499,United States,41.87,False
44cc48,Belgium,202.79,False
89656d,United Arab Emirates,252.31,False
44cc44,Belgium,222.07,False
a03ee0,United States,196.85,False
a8df06,United States,225.93,False
a76f43,United States,248.54,False
ada6ed,United States,241.15,False
0d104e,Mexico,43.18,False
89653a,United Arab Emirates,263.32,False
a3ef6e,United States,37.04,False
c0371f,Canada,218.28,False
781eb8,China,257.81,False
461f49,Finland,274.59,False
ac23ef,United States,216.1,False
461f48,Finland,240.62,False
ab4c9f,United States,249.92,False
89653d,United Arab Emirates,262.98,False
a4fc32,United States,0.0,True
a3ef7e,United States,216.67,False
896557,United Arab Emirates,238.7,False
461f56,Finland,265.19,False
461f57,Finland,239.95,False
0d1079,Mexico,192.61,False
407837,United Kingdom,216.45,False
461f55,Finland,259.8,False
461f50,Finland,272.21,False
a3dc5a,United States,183.02,False
a9a3e1,United States,214.53,False
ae7798,United States,103.6,False
ac1172,United States,65.09,False
a6e0eb,United States,67.76,False
a690fb,United States,166.82,False
a26bb8,United States,0.0,True
4063e6,United Kingdom,234.76,False
0d1005,Mexico,238.44,False
8964b3,United Arab Emirates,2.06,True
a0822c,United States,208.76,False
a27ebf,United States,225.85,False
a3eeb0,United States,13.38,True
8964c3,United Arab Emirates,254.71,False
4b991a,Turkey,241.79,False
8964c1,United Arab Emirates,260.13,False
0ac338,Colombia,153.52,False
adeddd,United States,205.96,False
a0f86b,United States,192.59,False
4b990e,Turkey,233.7,False
4b990d,Turkey,243.6,False
4b990c,Turkey,245.29,False
396671,France,233.97,False
0d100a,Mexico,231.5,False
a23844,United States,278.45,False
ac1190,United States,242.08,False
a4c82e,United States,58.92,False
461f08,Finland,257.57,False
05a054,Maldives,7.72,False
0d1024,Mexico,69.99,False
abf17f,United States,240.75,False
4076dd,United Kingdom,223.17,False
780c3d,China,227.69,False
0ac318,Colombia,142.03,False
addadb,United States,189.71,False
75021c,Malaysia,153.0,False
75021b,Malaysia,198.1,False
75021e,Malaysia,216.55,False
0d1030,Mexico,244.25,False
4076e8,United Kingdom,220.56,False
a4c846,United States,149.34,False
76cc62,Singapore,203.2,False
750222,Malaysia,94.93,False
aa80e7,United States,100.46,False
76cc63,Singapore,181.47,False
a4c849,United States,222.73,False
af8457,United States,112.02,False
a5d3ea,United States,216.3,False
a7ac54,United States,247.33,False
a08278,United States,46.77,False
a0e56d,United States,149.82,False
a570f5,United States,190.36,False
a570eb,United States,215.69,False
780c5d,China,287.87,False
ae648a,United States,43.1,False
a2bbac,United States,0.06,True
7c63bc,Australia,86.49,False
ac36a9,United States,231.3,False
76cc6e,Singapore,222.87,False
a33229,United States,246.23,False
780c76,China,1.03,True
76cc82,Singapore,0.77,True
a700ac,United States,229.55,False
750206,Malaysia,232.37,False
a6f3d3,United States,229.56,False
0ac35a,Colombia,110.17,False
780c6e,China,86.51,False
aa2c79,United States,35.92,False
a9c9cd,United States,50.73,False
e06459,Argentina,250.69,False
a9ff49,United States,172.14,False
a09590,United States,249.88,False
8a09ef,Indonesia,176.52,False
a1057a,United States,152.4,False
47945c,Norway,225.32,False
780c99,China,222.89,False
c06b68,Canada,109.19,False
ad9f15,United States,166.49,False
a59811,United States,0.06,True
a4b55c,United States,71.15,False
c05a0a,Canada,218.98,False
e48e46,Brazil,2.83,True
ad8ca5,United States,90.26,False
4d0222,Luxembourg,172.89,False
aa9679,United States,264.5,False
ad463c,United States,30.97,True
a4a244,United States,39.7,False
e48e53,Brazil,77.38,False
e48e55,Brazil,228.18,False
a88ec8,United States,273.81,False
aae66d,United States,204.45,False
c81ced,New Zealand,32.43,False
acbca7,United States,37.68,False
846444,Japan,204.03,False
a4b57e,United States,189.28,False
a2bbf2,United States,173.97,False
8a090f,Indonesia,216.3,False
a95502,United States,124.3,False
484cba,Kingdom of the Netherlands,248.61,False
a5d566,United States,134.95,False
484cbc,Kingdom of the Netherlands,251.0,False
8a090a,Indonesia,240.36,False
a2bbcc,United States,240.76,False
8a0915,Indonesia,98.23,False
aa8320,United States,216.34,False
a0829e,United States,104.87,False
accff6,United States,77.36,False
abf32f,United States,189.48,False
a33243,United States,4.89,True
e48e88,Brazil,218.16,False
c06d06,Canada,85.84,False
a4c853,United States,58.65,False
a5d503,United States,58.97,False
a63ba3,United States,88.12,False
4078fd,United Kingdom,232.91,False
76cd16,Singapore,215.04,False
76cd17,Singapore,249.52,False
a237ab,United States,58.64,False
ac0048,United States,221.42,False
7c78aa,Australia,196.23,False
75027b,Malaysia,198.04,False
76cd0b,Singapore,246.96,False
76cd0e,Singapore,238.15,False
7c78af,Australia,89.37,False
7c78ae,Australia,252.81,False
aa2ca9,United States,141.88,False
a72831,United States,217.34,False
a4fbac,United States,221.34,False
8965f4,United Arab Emirates,169.84,False
a4c872,United States,231.12,False
abf375,United States,222.26,False
7c78b3,Australia,0.06,True
a59887,United States,58.65,False
7c78b1,Australia,1.03,True
4078f0,United Kingdom,233.0,False
e48e77,Brazil,90.17,False
8965fa,United Arab Emirates,237.66,False
a76ec5,United States,55.64,False
780d33,China,0.0,True
a5988d,United States,33.44,False
780d30,China,246.63,False
8965fb,United Arab Emirates,79.23,False
75025a,Malaysia,143.69,False
44ccca,Belgium,272.69,False
a094a3,United States,30.61,False
a57234,United States,0.0,True
ac138c,United States,244.79,False
780d37,China,194.0,False
a9558b,United States,83.47,False
acaa77,United States,247.31,False
7c530f,Australia,166.51,False
a8359c,United States,245.6,False
781ecd,China,220.64,False
43bfe1,United Kingdom,7.46,True
7c531e,Australia,214.64,False
7c531c,Australia,1.29,True
ac5a94,United States,253.92,False
40668a,United Kingdom,170.11,False
600804,Azerbaijan,27.65,False
c01286,Canada,59.55,False
ab192a,United States,40.21,False
a38d0e,United States,251.07,False
a51d28,United States,62.78,False
896745,United Arab Emirates,234.43,False
896743,United Arab Emirates,241.34,False
a597c1,United States,216.82,False
896748,United Arab Emirates,239.83,False
a14d40,United States,227.71,False
40666b,United Kingdom,222.82,False
7c5309,Australia,182.19,False
ab5faa,United States,192.43,False
a237c6,United States,47.16,False
a95584,United States,203.82,False
c81e2c,New Zealand,183.75,False
40665e,United Kingdom,242.26,False
780bcc,China,191.06,False
a2aa36,United States,150.09,False
7c6691,Australia,98.26,False
aaf93d,United States,135.35,False
a8def1,United States,239.5,False
a5d57d,United States,242.53,False
8a0987,Indonesia,173.49,False
a96890,United States,225.66,False
a8222c,United States,229.21,False
84b42f,Japan,231.78,False
aaf954,United States,212.46,False
780bf9,China,206.06,False
aaf960,United States,150.73,False
780bf7,China,262.09,False
ada902,United States,53.85,False
c06be0,Canada,80.99,False
7c5358,Australia,138.78,False
7c4023,Australia,3.13,False
a331a3,United States,46.48,False
a83569,United States,4.89,True
84b451,Japan,236.99,False
896740,United Arab Emirates,236.03,False
34648a,Spain,184.97,False
ab5fdd,United States,154.48,False
780beb,China,239.84,False
7c534d,Australia,127.27,False
896707,United Arab Emirates,263.4,False
a9552a,United States,279.03,False
c81e5e,New Zealand,78.51,False
780bfa,China,233.58,False
7c5343,Australia,129.33,False
ac1301,United States,226.16,False
ab197e,United States,125.84,False
780bff,China,67.04,False
8a094e,Indonesia,245.51,False
896719,United Arab Emirates,218.0,False
896718,United Arab Emirates,236.72,False
a6e258,United States,1.54,True
a82258,United States,43.76,False
a8dee0,United States,1.03,True
a38d36,United States,199.63,False
a6f584,United States,51.61,False
896713,United Arab Emirates,250.05,False
ada922,United States,92.77,False
70aa79,Nepal,236.98,False
a224e2,United States,58.46,False
8a093c,Indonesia,194.75,False
ac24c5,United States,222.47,False
40660e,United Kingdom,224.21,False
a451cf,United States,217.19,False
40660c,United Kingdom,221.31,False
a584ef,United States,62.28,False
a967cc,United States,96.18,False
ae77c0,United States,49.48,False
8a08c0,Indonesia,249.0,False
407944,United Kingdom,269.33,False
a23914,United States,207.14,False
ab04f3,United States,232.88,False
4794f2,Norway,224.78,False
a51d8e,United States,210.08,False
e49fb6,Brazil,193.27,False
aa94bf,United States,90.24,False
e49fb3,Brazil,222.27,False
aa1a16,United States,265.49,False
abf1b5,United States,237.72,False
c07ef6,Canada,221.75,False
c07ef2,Canada,7.72,True
894059,Bahrain,98.73,False
e49fbb,Brazil,146.83,False
781fa5,China,208.37,False
a211ef,United States,232.59,False
e49fc2,Brazil,3.34,True
ad44bc,United States,92.29,False
a4ea77,United States,209.68,False
ae64a0,United States,55.68,False
407994,United Kingdom,135.76,False
89667d,United Arab Emirates,230.81,False
89667b,United Arab Emirates,248.86,False
a03fdf,United States,220.83,False
7501fc,Malaysia,205.73,False
ac5a4a,United States,240.55,False
a727c7,United States,106.88,False
406660,United Kingdom,13.38,True
40797c,United Kingdom,149.96,False
896690,United Arab Emirates,250.0,False
a08317,United States,229.47,False
e48ce6,Brazil,82.9,False
89667f,United Arab Emirates,246.32,False
89668b,United Arab Emirates,246.68,False
ae77f0,United States,47.62,False
781fc2,China,65.16,False
a3ca1a,United States,146.21,False
a584c3,United States,4.89,True
40796c,United Kingdom,228.0,False
40796a,United Kingdom,222.14,False
a0964d,United States,64.44,False
a607e2,United States,61.24,False
ae77f3,United States,62.38,False
781fbe,China,259.21,False
780ca1,China,226.85,False
ad7a60,United States,81.6,False
a0f91d,United States,234.44,False
a63d42,United States,169.25,False
a10614,United States,0.0,True
ac5a73,United States,184.86,False
89665d,United Arab Emirates,234.96,False
780cb5,China,233.86,False
7501f9,Malaysia,257.78,False
896677,United Arab Emirates,237.19,False
a5d4c3,United States,226.92,False
780cb8,China,295.15,False
780cb9,China,240.58,False
781fe9,China,222.87,False
896682,United Arab Emirates,213.28,False
76ccc9,Singapore,146.01,False
acbd6b,United States,45.72,False
407959,United Kingdom,108.15,False
346516,Spain,10.29,True
c010ea,Canada,201.67,False
152060,Russian Federation,5.68,False
aa9600,United States,293.06,False
c06c9c,Canada,201.65,False
8965d7,United Arab Emirates,152.37,False
152059,Russian Federation,241.93,False
7c77f8,Australia,0.0,True
8965d4,United Arab Emirates,181.37,False
7c77f6,Australia,214.28,False
a0967f,United States,26.74,False
a22669,United States,227.17,False
8965ce,United Arab Emirates,129.08,False
a9ed95,United States,48.49,False
a1afdc,United States,220.55,False
780d55,China,0.0,True
c010f6,Canada,202.2,False
ad3278,United States,145.5,False
a0835d,United States,167.99,False
152066,Russian Federation,227.46,False
8832cb,Thailand,236.07,False
a9da39,United States,33.97,False
8832cc,Thailand,198.78,False
748026,Lebanon,252.95,False
a02ce3,United States,235.87,False
76cd72,Singapore,204.81,False
750333,Malaysia,74.48,False
8965b2,United Arab Emirates,237.21,False
8965b8,United Arab Emirates,235.44,False
780d69,China,237.3,False
152075,Russian Federation,226.63,False
abf29f,United States,136.33,False
a9ed78,United States,46.92,False
76cd77,Singapore,221.61,False
76cd79,Singapore,297.87,False
780d5a,China,222.33,False
a0d30c,United States,249.33,False
a99d8d,United States,217.97,False
a22642,United States,0.0,True
a27fd5,United States,231.62,False
a58642,United States,166.32,False
89409f,Bahrain,248.24,False
a0d374,United States,216.45,False
ab17ba,United States,51.66,False
a87d6b,United States,59.83,False
780d81,China,3.6,True
a1903f,United States,57.85,False
aa1a7d,United States,0.06,True
a74a5a,United States,0.0,True
89409b,Bahrain,228.32,False
89409c,Bahrain,179.43,False
ad329f,United States,297.48,False
780d89,China,227.01,False
750319,Malaysia,174.85,False
a2bce6,United States,219.31,False
a40ffc,United States,39.72,False
a86a2b,United States,223.79,False
780d93,China,230.61,False
c81de2,New Zealand,44.7,False
a9ed3f,United States,33.44,False
ae5292,United States,66.05,False
0201bd,Morocco,144.32,False
a1f351,United States,35.54,False
7c64f5,Australia,0.0,False
a3efa2,United States,248.61,False
a9ed27,United States,30.91,False
780d8e,China,151.32,False
0c0249,Nicaragua,74.63,False
15202a,Russian Federation,262.48,False
7c77fb,Australia,241.67,False
c010e4,Canada,12.86,True
894097,Bahrain,267.11,False
894098,Bahrain,232.26,False
a86a66,United States,202.08,False
780d9c,China,252.66,False
ac37bd,United States,0.0,True
c06c91,Canada,131.6,False
8462ee,Japan,106.5,False
a7ad7c,United States,157.91,False
89408e,Bahrain,249.13,False
89408f,Bahrain,237.7,False
aa94ef,United States,45.79,False
15203d,Russian Federation,241.03,False
aa94ed,United States,245.95,False
4b8533,Turkey,188.28,False
a60919,United States,30.87,False
c06c87,Canada,93.48,False
a3a93b,United States,202.47,False
c06c82,Canada,134.64,False
a3e911,United States,212.57,False
a66a84,United States,106.88,False
ac52ee,United States,226.52,False
89906a,Taiwan,237.52,False
a8c4e5,United States,132.98,False
acb5fe,United States,52.71,False
a52911,United States,250.12,False
aca2ca,United States,59.52,False
ac52f2,United States,152.78,False
899081,Taiwan,317.95,False
a7a4e6,United States,79.95,False
a981c2,United States,286.63,False
ade8fa,United States,292.7,False
04018f,Ethiopia,255.88,False
89907c,Taiwan,250.72,False
ac52ff,United States,227.76,False
a981bd,United States,37.13,False
ac9b82,United States,5.92,True
a32fa7,United States,211.36,False
a02664,United States,59.43,False
040197,Ethiopia,255.21,False
a39925,United States,236.74,False
adc2a7,United States,0.0,True
ad1e8b,United States,59.17,False
a1a92e,United States,40.75,False
899093,Taiwan,9.26,True
a42a91,United States,0.0,True
a14616,United States,51.11,False
a0261f,United States,53.59,False
89904b,Taiwan,4.37,True
a1a924,United States,142.1,False
71f885,Republic of Korea,76.25,False
c0405a,Canada,5.4,True
e4a012,Brazil,88.81,False
a79d9a,United States,183.72,False
a861cc,United States,39.45,False
04016d,Ethiopia,245.7,False
c04051,Canada,203.74,False
89905a,Taiwan,230.63,False
04016c,Ethiopia,8.23,True
a64924,United States,259.2,False
a491f1,United States,205.06,False
a2a1fd,United States,71.61,False
a1460a,United States,133.94,False
a27921,United States,54.39,False
a8c4d8,United States,278.59,False
899077,Taiwan,231.73,False
aceb76,United States,101.65,False
c0404e,Canada,198.15,False
c0404f,Canada,240.35,False
c07998,Canada,252.45,False
c1e94c,Canada,5.14,True
c07996,Canada,120.48,False
4bcd85,Turkey,234.42,False
4bcd84,Turkey,240.33,False
89902d,Taiwan,235.78,False
c07993,Canada,0.77,True
781509,China,137.77,False
0d085c,Mexico,242.93,False
89902a,Taiwan,224.09,False
a2a300,United States,212.28,False
a887e3,United States,180.67,False
899044,Taiwan,0.39,True
a66a34,United States,42.75,False
040142,Ethiopia,248.47,False
706214,Kuwait,240.17,False
4ca4ea,Ireland,242.0,False
a3861f,United States,166.78,False
a1efe7,United States,125.72,False
04014e,Ethiopia,91.12,False
706212,Kuwait,79.39,False
a9f7c0,United States,0.0,False
7c1955,Australia,65.8,False
78150b,China,210.83,False
899059,Taiwan,220.83,False
a1200d,United States,205.92,False
a27989,United States,55.34,False
c0797b,Canada,27.78,True
c8195a,New Zealand,56.67,False
899057,Taiwan,229.2,False
a78a0c,United States,80.11,False
899053,Taiwan,245.4,False
040155,Ethiopia,241.25,False
a38633,United States,240.73,False
a3993e,United States,52.38,False
a2c93f,United States,0.0,True
a1597a,United States,51.3,False
040128,Ethiopia,245.42,False
a1463a,United States,237.25,False
040127,Ethiopia,251.78,False
a78a52,United States,229.42,False
a0bcb2,United States,235.88,False
49d3bb,Czech Republic,244.82,False
040123,Ethiopia,274.8,False
70620a,Kuwait,243.85,False
a2661c,United States,44.82,False
49d3d5,Czech Republic,200.76,False
49d3d4,Czech Republic,239.42,False
49d3d6,Czech Republic,217.17,False
a4e1ec,United States,31.89,False
04012b,Ethiopia,258.0,False
a5ad90,United States,132.74,False
ab473a,United States,66.6,True
899039,Taiwan,287.05,False
c0799e,Canada,265.3,False
a39948,United States,235.22,False
a0267b,United States,202.1,False
a2fcf2,United States,32.41,True
7c4d4c,Australia,164.14,False
abde0b,United States,242.26,False
e48950,Brazil,3.34,True
a13386,United States,237.38,False
a75634,United States,232.2,False
c06628,Canada,64.51,False
e4894e,Brazil,226.78,False
a6496b,United States,148.29,False
a5bfe9,United States,199.5,False
a3e99c,United States,55.22,False
406f77,United Kingdom,252.39,False
406f78,United Kingdom,251.5,False
a13391,United States,276.55,False
a2668b,United States,230.92,False
a64996,United States,119.46,False
a5033b,United States,87.09,False
a3d686,United States,49.33,False
c05314,Canada,70.42,False
7813bd,China,275.8,False
c07971,Canada,238.42,False
a32ffe,United States,224.02,False
a5299a,United States,61.23,False
a24014,United States,198.45,False
ab7b38,United States,229.91,False
e4891e,Brazil,136.65,False
abde34,United States,4.12,True
a7a60e,United States,209.39,False
7c4d44,Australia,132.78,False
a37337,United States,59.62,False
a37335,United States,138.6,False
7c04a1,Australia,49.78,False
a7a616,United States,238.43,False
a3d68f,United States,62.96,False
ac65bb,United States,155.92,False
ad98d9,United States,52.5,False
7800b1,China,183.9,False
7c3a00,Australia,120.88,False
0d0866,Mexico,235.0,False
a2a395,United States,128.12,False
ade8ce,United States,53.18,False
7813f9,China,27.27,False
a06e20,United States,217.49,False
a12096,United States,176.94,False
ae08f1,United States,124.43,False
c07915,Canada,11.83,True
a37389,United States,230.25,False
a76909,United States,143.79,False
7800ba,China,221.11,False
ab7b63,United States,240.63,False
ac65dc,United States,232.65,False
a6492f,United States,216.23,False
0d0806,Mexico,215.12,False
a038a3,United States,54.58,False
abde82,United States,258.5,False
ac65fb,United States,261.02,False
a4f622,United States,229.63,False
882e61,Thailand,11.88,False
7800e6,China,220.25,False
ac9b57,United States,27.28,False
a56fe1,United States,145.22,False
a55cb4,United States,29.18,False
89909f,Taiwan,221.06,False
a56fda,United States,220.96,False
7800f6,China,215.59,False
a4e307,United States,236.92,False
a06e11,United States,0.13,True
ac52e2,United States,236.71,False
a9966f,United States,190.19,False
add667,United States,239.84,False
add664,United States,93.84,False
a038fd,United States,53.96,False
a48081,United States,77.97,False
a5f062,United States,61.13,False
a97029,United States,84.88,False
ac668d,United States,248.87,False
a8c689,United States,61.92,False
ae0994,United States,66.88,False
ae0990,United States,57.25,False
a99692,United States,63.16,False
ac536c,United States,153.57,False
a5f06e,United States,240.09,False
a8d97c,United States,168.51,False
add66d,United States,111.85,False
a158c9,United States,210.62,False
adb014,United States,13.89,True
a2a38e,United States,289.32,False
c051da,Canada,0.77,True
a3e8d2,United States,45.48,False
508429,Ukraine,231.33,False
c051f2,Canada,10.29,True
aa6cfa,United States,252.9,False
a9962a,United States,94.86,False
a5035e,United States,53.47,False
adc375,United States,44.43,False
8881dc,Viet Nam,2.06,True
a385c8,United States,3.34,True
394a00,France,273.1,False
a80cc9,United States,0.0,True
c064d8,Canada,207.45,False
394a02,France,290.01,False
394a01,France,243.85,False
a05b78,United States,146.1,False
394a07,France,222.89,False
3cc187,Germany,50.97,False
394a05,France,290.53,False
a5f022,United States,163.31,False
a6dff9,United States,189.74,False
ad737c,United States,56.36,False
0d06e5,Mexico,210.64,False
ab8e10,United States,34.47,False
a9e624,United States,38.31,False
394a14,France,298.76,False
a9e627,United States,46.85,False
a6dfed,United States,250.72,False
ac407d,United States,280.23,False
a1a8da,United States,212.01,False
a31e37,United States,30.91,False
8881ff,Viet Nam,6.43,True
a0be56,United States,243.85,False
a06e6b,United States,88.87,False
7814b9,China,220.55,False
49d563,Czech Republic,250.15,False
a86334,United States,117.42,False
a9961b,United States,248.5,False
aba8ad,United States,126.55,False
adb04a,United States,205.43,False
a4e389,United States,234.17,False
8881f2,Viet Nam,1.03,True
a398bc,United States,240.16,False
a4d04c,United States,113.14,False
a5ae2f,United States,246.96,False
a372e0,United States,123.71,False
5082ef,Ukraine,243.6,False
a54b2a,United States,14.92,True
a42b45,United States,13.38,True
a2a2c7,United States,69.98,False
a3c2be,United States,49.39,False
ab5975,United States,272.86,False
a43e5b,United States,215.55,False
a515f1,United States,118.16,False
a31e82,United States,60.71,False
a43e5e,United States,266.11,False
a3c2d5,United States,229.98,False
78154e,China,201.16,False
899018,Taiwan,170.81,False
78021a,China,4.37,True
a1cb5a,United States,64.46,False
780236,China,8.75,True
780237,China,1.29,True
ade930,United States,58.57,False
780235,China,88.5,False
780231,China,236.13,False
394a0f,France,0.64,True
394a0e,France,260.0,False
ac5310,United States,193.85,False
a05b7e,United States,198.29,False
ae093b,United States,209.82,False
ae4faf,United States,44.32,False
c064b2,Canada,77.64,False
a6ce58,United States,158.06,False
abefba,United States,113.77,False
a385ca,United States,54.48,False
aa25a6,United States,215.89,False
ac6645,United States,231.79,False
ac5312,United States,238.64,False
040219,Ethiopia,258.83,False
a2fe3c,United States,146.28,False
06a3b6,Qatar,233.62,False
4a5d2e,Romania,245.87,False
c05293,Canada,81.85,False
ac5331,United States,262.17,False
a768a2,United States,233.59,False
a02730,United States,61.84,False
ac5326,United States,0.9,True
abefdd,United States,0.0,True
a4f5a0,United States,239.75,False
a3e8dc,United States,203.23,False
a55e30,United States,60.14,False
ae4fc0,United States,1.03,True
760a08,Pakistan,247.0,False
760a09,Pakistan,241.14,False
ac6668,United States,71.67,False
78158d,China,77.99,False
a768c2,United States,213.53,False
a9f99e,United States,43.77,False
a3c2a3,United States,52.02,False
ac5349,United States,7.72,True
a9969b,United States,235.61,False
ae4fed,United States,48.24,False
ae4fea,United States,41.91,False
ae4fe8,United States,31.02,False
ad1cde,United States,234.12,False
a9e67b,United States,292.2,False
a98382,United States,226.91,False
acc987,United States,44.03,False
a0275c,United States,290.16,False
4ba9eb,Turkey,224.33,False
a6bb6d,United States,62.61,False
4ba9ea,Turkey,270.89,False
86ef28,Japan,189.34,False
a05aac,United States,228.75,False
a05aad,United States,54.21,False
040062,Ethiopia,210.11,False
abcc8f,United States,46.72,False
a26738,United States,121.25,False
a742ec,United States,219.46,False
040079,Ethiopia,153.84,False
a7db7b,United States,16.53,False
4ba9cf,Turkey,229.54,False
a91b44,United States,257.87,False
89916b,Taiwan,294.24,False
4ba9ca,Turkey,233.71,False
4ba9cc,Turkey,256.71,False
781602,China,257.81,False
71c014,Republic of Korea,76.81,False
a982ab,United States,40.34,False
71c015,Republic of Korea,186.07,False
71c013,Republic of Korea,176.37,False
71c016,Republic of Korea,146.99,False
4ba9e4,Turkey,0.77,False
a5170f,United States,201.07,False
06a374,Qatar,254.07,False
040047,Ethiopia,261.11,False
e48896,Brazil,219.58,False
040046,Ethiopia,258.55,False
4ba9e2,Turkey,210.26,False
040045,Ethiopia,250.09,False
71c009,Republic of Korea,231.14,False
4ba9da,Turkey,197.9,False
478d42,Norway,272.45,False
ad60e9,United States,57.21,False
71c004,Republic of Korea,1.29,True
4ba9f9,Turkey,0.77,True
78160e,China,248.91,False
06a390,Qatar,247.74,False
a502f5,United States,85.42,False
a6bb2f,United States,66.43,False
ab8ea3,United States,42.19,False
a2a41e,United States,3.86,True
a1211d,United States,233.32,False
4481a0,Belgium,13.89,True
a2b759,United States,66.89,False
a9e5b2,United States,41.83,False
ab4840,United States,291.09,False
a2a40a,United States,37.57,False
89915f,Taiwan,5.4,True
06a38d,Qatar,260.04,False
a66b5f,United States,50.68,False
a7ee2a,United States,130.18,False
781644,China,228.0,False
89912b,Taiwan,252.94,False
780310,China,139.44,False
781646,China,241.34,False
a29aa5,United States,242.94,False
899143,Taiwan,125.73,False
acb827,United States,136.92,False
acb824,United States,214.28,False
78030f,China,232.39,False
845f5a,Japan,122.96,False
a06dfd,United States,153.75,False
89913b,Taiwan,84.43,False
ab4866,United States,237.96,False
a3871e,United States,6.94,True
845f78,Japan,64.03,False
a7b8fb,United States,38.08,False
c0678c,Canada,54.02,False
ab485e,United States,229.38,False
899150,Taiwan,85.58,False
aa6f80,United States,202.93,False
a3b124,United States,198.34,False
ae09bb,United States,57.1,False
8990a2,Taiwan,143.24,False
8990a4,Taiwan,254.66,False
8990a0,Taiwan,258.29,False
a54aae,United States,288.66,False
a6241a,United States,207.89,False
aba9e7,United States,245.91,False
71c079,Republic of Korea,261.35,False
a29aff,United States,230.61,False
71c071,Republic of Korea,150.92,False
a4943f,United States,189.44,False
c05416,Canada,181.19,False
71c076,Republic of Korea,7.46,True
71c077,Republic of Korea,250.09,False
ac53a1,United States,39.62,False
a36130,United States,0.06,True
8990b2,Taiwan,241.54,False
aa5bc5,United States,243.96,False
71c069,Republic of Korea,233.59,False
a3612a,United States,245.57,False
a3d78d,United States,125.92,False
71c061,Republic of Korea,175.54,False
71c060,Republic of Korea,80.39,False
ac53a0,United States,252.47,False
71c064,Republic of Korea,134.64,False
ac53b2,United States,5.66,True
c80575,New Zealand,64.07,False
c05430,Canada,203.23,False
a66ac3,United States,0.26,True
7801c7,China,101.4,False
71c093,Republic of Korea,23.15,True
a7edb0,United States,27.11,False
a12167,United States,33.09,False
a80daf,United States,212.37,False
aaac4a,United States,256.36,False
a26793,United States,151.39,False
a3b14f,United States,141.79,False
a2a436,United States,37.51,False
ac9c45,United States,40.69,False
a12160,United States,62.47,False
71c081,Republic of Korea,242.34,False
a2a437,United States,44.25,False
71c087,Republic of Korea,218.33,False
a5adf1,United States,221.32,False
a12164,United States,49.0,False
71c086,Republic of Korea,252.53,False
7814ff,China,214.64,False
ac53d5,United States,249.53,False
acff5c,United States,58.18,False
c06709,Canada,4.12,True
a05c13,United States,63.47,False
a06f49,United States,287.43,False
ad99fc,United States,226.41,False
aca3a0,United States,243.89,False
abcc64,United States,57.77,False
06a30a,Qatar,261.51,False
7801dc,China,4.89,True
ac9c5f,United States,47.49,False
71c025,Republic of Korea,230.74,False
aca3d1,United States,212.73,False
a2a491,United States,1.29,True
a3615f,United States,218.09,False
ad60b7,United States,248.29,False
71c056,Republic of Korea,81.08,False
c0671b,Canada,198.77,False
ab20e6,United States,147.71,False
71c050,Republic of Korea,223.61,False
a9e5ea,United States,52.74,False
71c055,Republic of Korea,226.63,False
e48854,Brazil,255.28,False
040088,Ethiopia,258.84,False
a4945f,United States,151.89,False
a026a5,United States,250.36,False
a63758,United States,77.11,False
71c046,Republic of Korea,261.45,False
04008b,Ethiopia,253.94,False
71c044,Republic of Korea,254.47,False
71c042,Republic of Korea,234.66,False
a146ce,United States,236.42,False
a7dadc,United States,3.6,True
ac5488,United States,233.57,False
a1a9f4,United States,2.57,True
ab2182,United States,38.28,False
a7dae8,United States,43.03,False
a05c59,United States,243.14,False
06a2e5,Qatar,264.25,False
a146f1,United States,148.57,False
06a2e0,Qatar,291.1,False
845dee,Japan,192.58,False
503fc4,Lithuania,6.69,True
ad7471,United States,199.37,False
a9e74c,United States,44.74,False
a399b9,United States,211.93,False
851120,Japan,71.66,False
06a2f4,Qatar,195.47,False
a769a3,United States,268.06,False
a17c12,United States,192.08,False
49d403,Czech Republic,236.38,False
7cf35b,Australia,2.31,True
a026e1,United States,199.68,False
06a2ea,Qatar,266.53,False
882da2,Thailand,230.11,False
add793,United States,230.63,False
a92dfc,United States,276.0,False
a4f6a3,United States,250.42,False
400298,United Kingdom,250.47,False
7cf364,Australia,11.83,True
ad614c,United States,197.11,False
a06f5a,United States,8.75,True
49d418,Czech Republic,169.01,False
a8b44e,United States,242.24,False
7815a0,China,88.25,False
a013ae,United States,112.05,False
49d414,Czech Republic,242.13,False
06a2fe,Qatar,248.01,False
06a2fa,Qatar,262.16,False
a7444b,United States,43.75,False
a120af,United States,31.9,False
a5047c,United States,198.05,False
a8b426,United States,296.8,False
a0bf8c,United States,85.01,False
7c4e36,Australia,47.69,False
a7311e,United States,46.82,False
a85119,United States,244.07,False
a0bf90,United States,229.15,False
a43f51,United States,233.57,False
49d423,Czech Republic,139.92,False
e48809,Brazil,244.56,False
a92ddf,United States,280.59,False
a43f3c,United States,236.48,False
a6246e,United States,146.12,False
a1cc46,United States,205.56,False
a98445,United States,223.78,False
ad6182,United States,195.4,False
a3b186,United States,245.57,False
49d42b,Czech Republic,239.94,False
a3e9a1,United States,50.79,False
ab59f4,United States,252.05,False
c052e0,Canada,231.63,False
0d05cd,Mexico,53.67,False
a5f162,United States,246.29,False
a87786,United States,46.97,False
c065ef,Canada,119.05,False
a61173,United States,234.14,False
ad618c,United States,41.06,False
a9840e,United States,43.3,False
a399e4,United States,213.24,False
845dcc,Japan,0.51,True
a013ee,United States,175.21,False
508341,Ukraine,154.75,False
a399de,United States,243.93,False
a5f153,United States,145.59,False
c804cd,New Zealand,39.13,False
a373ea,United States,163.4,False
89910b,Taiwan,239.93,False
899119,Taiwan,198.82,False
899118,Taiwan,202.54,False
a3c3e6,United States,225.85,False
78165f,China,199.66,False
899128,Taiwan,220.15,False
899124,Taiwan,264.88,False
899120,Taiwan,245.24,False
c804d2,New Zealand,29.11,False
040101,Ethiopia,255.42,False
a43f7d,United States,0.0,True
899137,Taiwan,280.79,False
a8fc06,United States,229.42,False
899139,Taiwan,299.33,False
899133,Taiwan,270.81,False
899132,Taiwan,134.39,False
a8fc09,United States,249.84,False
aa5c1c,United States,108.66,False
a67f76,United States,230.4,False
c078bf,Canada,233.05,False
ac541b,United States,240.14,False
a386fb,United States,190.46,False
781684,China,245.97,False
a7ef51,United States,184.43,False
400219,United Kingdom,219.75,False
899103,Taiwan,244.77,False
a756eb,United States,138.45,False
acb741,United States,44.32,False
e499a4,Brazil,80.31,False
7c0656,Australia,70.41,False
a78c3e,United States,64.78,False
a743be,United States,29.62,False
781696,China,265.12,False
aaaaaa,United States,0.0,False
899109,Taiwan,243.94,False
899115,Taiwan,248.15,False
899117,Taiwan,1.54,True
a67f8a,United States,224.48,False
406ecd,United Kingdom,285.74,False
ac4107,United States,0.0,True
863188,Japan,239.81,False
7cf358,Australia,4.12,True
a13501,United States,226.69,False
4ba9c9,Turkey,121.11,False
a9c151,United States,273.75,False
4ba9c8,Turkey,269.79,False
a8517f,United States,46.84,False
c0407b,Canada,7.2,True
4ba9c2,Turkey,248.53,False
4ba9c4,Turkey,253.56,False
aceaa6,United States,58.17,False
ab2140,United States,75.95,False
a9c158,United States,188.8,False
add734,United States,212.36,False
78037b,China,38.35,False
a67f2c,United States,246.76,False
abcac9,United States,134.29,False
a0bea9,United States,66.4,False
a480cb,United States,41.96,False
4ba9d3,Turkey,288.81,False
405bfd,United Kingdom,207.48,False
ac9abc,United States,226.3,False
405bfc,United Kingdom,264.17,False
7cf336,Australia,4.37,True
aaaaf1,United States,90.6,False
06a2b6,Qatar,266.31,False
06a2b3,Qatar,267.27,False
acfdf4,United States,3.09,True
e486c1,Brazil,217.3,False
e486c3,Brazil,135.68,False
a26801,United States,216.4,False
c078ac,Canada,2.83,True
a756a0,United States,45.3,False
aaaaee,United States,55.06,False
a55f6c,United States,208.04,False
ae06df,United States,76.81,False
a67b72,United States,153.36,False
4ba8cf,Turkey,3.09,False
a4f2ee,United States,208.69,False
ad83d7,United States,33.02,False
abdc56,United States,99.59,False
a992b0,United States,29.62,False
a43b91,United States,239.38,False
7c080a,Australia,56.73,False
ae4f4e,United States,59.65,False
ab30e6,United States,281.51,False
a752bf,United States,238.59,False
ae06e0,United States,106.89,False
abef98,United States,216.2,False
c06486,Canada,174.19,False
a43b85,United States,223.35,False
a43b83,United States,77.53,False
a7fe85,United States,82.01,False
4ba8c8,Turkey,3.6,False
ad70ba,United States,251.07,False
a752e9,United States,47.87,False
abdc92,United States,216.18,False
abdc96,United States,237.7,False
aa7f8d,United States,258.47,False
4aab13,Sweden,15.48,False
0d09a5,Mexico,36.18,False
407fc2,United Kingdom,220.3,False
ab5800,United States,0.51,False
a7fe27,United States,229.72,False
a68e4c,United States,77.15,False
a56e79,United States,78.76,False
a1574e,United States,242.57,False
407fae,United Kingdom,238.44,False
a898d1,United States,90.2,False
407fac,United Kingdom,223.17,False
a06aba,United States,276.58,False
a3e5fa,United States,231.27,False
a8d5a4,United States,274.75,False
a3d2e5,United States,2.06,True
a1442f,United States,236.27,False
a39723,United States,178.24,False
a8d5a0,United States,1.29,True
a20da7,United States,94.33,False
aa23b3,United States,187.97,False
a55b69,United States,47.87,False
a03760,United States,0.0,True
a9d069,United States,185.1,False
7c4ec9,Australia,6.69,True
c00dea,Canada,190.95,False
aa7f4e,United States,248.46,False
a07dcd,United States,250.59,False
c00dce,Canada,179.07,False
a1440c,United States,201.16,False
a02443,United States,230.51,False
0b418c,Guatemala,71.12,False
7802ac,China,228.28,False
ad718d,United States,63.81,False
a18adf,United States,143.55,False
a0cdff,United States,267.96,False
ac0f26,United States,69.49,False
a7670b,United States,202.9,False
abb9b2,United States,240.2,False
7815f7,China,97.37,False
aacf1f,United States,125.22,False
aa7ebc,United States,242.67,False
86dd90,Japan,4.63,True
8991d9,Taiwan,245.37,False
c81777,New Zealand,31.7,False
aa7ec2,United States,198.58,False
a52768,United States,88.58,False
add47f,United States,60.67,False
abef16,United States,230.56,False
a2644d,United States,74.27,False
a38435,United States,48.83,False
406d1a,United Kingdom,272.58,False
a6dda8,United States,49.05,False
a0cdf3,United States,247.63,False
7815fa,China,247.81,False
a44db3,United States,236.35,False
a56dcf,United States,142.06,False
c0772d,Canada,48.64,False
a1dab3,United States,242.88,False
4ca2ab,Ireland,229.59,False
aa3839,United States,0.0,True
48b207,Poland,243.47,False
abef2f,United States,260.06,False
a3972d,United States,219.87,False
a19dff,United States,204.3,False
a1311e,United States,2.57,True
ab56e3,United States,71.3,False
a26439,United States,140.91,False
ab8c37,United States,76.66,False
ac76ae,United States,230.62,False
49d1cd,Czech Republic,186.69,False
a50126,United States,200.06,False
a15795,United States,174.92,False
a049b0,United States,34.82,False
ad1c18,United States,234.55,False
a37150,United States,49.68,False
ad1c11,United States,262.81,False
406d7a,United Kingdom,287.05,False
406d7b,United Kingdom,253.43,False
ab43c6,United States,236.75,False
ac0f4d,United States,222.59,False
a40797,United States,237.92,False
aabc3a,United States,30.6,False
0acac6,Colombia,245.05,False
aa3801,United States,52.69,False
a52726,United States,112.13,False
a2fad8,United States,161.83,False
a4077d,United States,207.06,False
a992c7,United States,149.07,False
acc6d1,United States,231.94,False
a01180,United States,198.55,False
a7eb97,United States,25.95,False
a8d5db,United States,4.12,True
ad83b2,United States,178.95,False
0acac0,Colombia,243.89,False
ad83b7,United States,265.76,False
ac0f6c,United States,237.16,False
ac76f2,United States,210.34,False
ac0f93,United States,81.3,False
a3711a,United States,245.67,False
c1e5f1,Canada,5.92,True
a56db1,United States,166.32,False
a8c2d0,United States,42.58,False
ab8c6d,United States,234.27,False
abef79,United States,148.55,False
a07f46,United States,237.32,False
c075ec,Canada,82.26,False
4ba959,Turkey,288.35,False
4ba954,Turkey,272.38,False
a0cf20,United States,80.24,False
4ba952,Turkey,202.44,False
4ba94f,Turkey,271.25,False
a7b779,United States,100.16,False
4ba94b,Turkey,222.9,False
4ba94d,Turkey,284.06,False
a7fde4,United States,156.17,False
a6cacb,United States,206.69,False
7cf49b,Australia,6.94,True
a88774,United States,139.57,False
a81df6,United States,190.41,False
a20f1a,United States,176.1,False
851230,Japan,14.92,True
a07f67,United States,164.29,False
aa6ade,United States,119.0,False
a07f60,United States,129.4,False
4ba95a,Turkey,137.84,False
c829ab,New Zealand,229.99,False
c1e5a8,Canada,4.63,True
a50192,United States,1.54,True
a07f1b,United States,35.94,False
acb468,United States,199.72,False
4ba92f,Turkey,283.77,False
4ba947,Turkey,271.27,False
4ba946,Turkey,285.06,False
4ba949,Turkey,1.8,True
7cf480,Australia,1.54,True
a539b9,United States,105.43,False
a7fdf2,United States,252.13,False
7816c6,China,263.42,False
8990e6,Taiwan,258.3,False
8990e5,Taiwan,258.27,False
8990e4,Taiwan,277.01,False
8990e3,Taiwan,276.86,False
a44f1c,United States,0.0,True
a5277b,United States,67.42,False
aa7df3,United States,184.64,False
8990e0,Taiwan,305.45,False
a50132,United States,128.61,False
a8d71c,United States,8.75,True
8990dc,Taiwan,247.52,False
a5012d,United States,97.46,False
a6ddb9,United States,69.46,False
a1ef41,United States,49.28,False
a396a9,United States,237.67,False
a88739,United States,47.77,False
8990f5,Taiwan,129.57,False
8990f4,Taiwan,4.63,True
a67ac9,United States,99.89,False
a88737,United States,0.0,True
8990f0,Taiwan,234.96,False
8990ed,Taiwan,256.46,False
8990c5,Taiwan,83.07,False
8990c0,Taiwan,71.51,False
aa6aa1,United States,210.07,False
c075e9,Canada,0.0,True
c062b8,Canada,103.95,False
49d327,Czech Republic,0.0,True
8990bb,Taiwan,247.44,False
a32f1b,United States,235.59,False
a3c163,United States,197.34,False
a156ce,United States,47.65,False
7c06a1,Australia,49.7,False
c00e55,Canada,167.22,False
8990d0,Taiwan,150.24,False
7803bf,China,1.03,True
a87428,United States,0.0,True
a143a3,United States,173.54,False
a32f0f,United States,68.06,False
a7a416,United States,53.68,False
a81dbc,United States,245.61,False
a1ef28,United States,39.57,False
7c3ad6,Australia,137.36,False
a32f82,United States,131.7,False
7c3ad2,Australia,154.71,False
a3d3b3,United States,213.32,False
a526e6,United States,203.94,False
407ed8,United Kingdom,188.47,False
a5ac14,United States,232.82,False
a526e2,United States,217.21,False
a646bc,United States,109.24,False
aa49ca,United States,73.71,False
a646c4,United States,217.01,False
ad9712,United States,220.1,False
aa7f25,United States,227.84,False
a2b3a2,United States,182.9,False
0d08f4,Mexico,6.94,True
c00e24,Canada,79.67,False
a779eb,United States,236.69,False
0d08eb,Mexico,245.2,False
49d369,Czech Republic,245.08,False
a79c0e,United States,53.84,False
a20f73,United States,48.32,False
a6a9ce,United States,50.79,False
a0cf8d,United States,226.64,False
a023fd,United States,80.87,False
c00e15,Canada,292.22,False
a5ac1d,United States,56.5,False
48e9f4,Poland,85.88,False
a1dc2a,United States,8.75,True
0d08fd,Mexico,189.12,False
e485af,Brazil,230.78,False
aa7f02,United States,198.33,False
ab3106,United States,67.92,False
aa7f01,United States,246.91,False
c05054,Canada,0.64,True
86eeed,Japan,25.89,False
c06381,Canada,57.84,False
c06380,Canada,102.02,False
aa7f09,United States,4.63,True
a539c9,United States,251.27,False
4b8e05,Turkey,211.12,False
4b8e04,Turkey,245.48,False
c05044,Canada,251.05,False
ab9de9,United States,267.65,False
0d08a2,Mexico,228.24,False
abedc8,United States,188.14,False
49d38c,Czech Republic,230.83,False
c0636c,Canada,210.0,False
abedaa,United States,57.42,False
ac0dd9,United States,235.82,False
a68f0f,United States,69.14,False
7cf451,Australia,8.75,True
7cf452,Australia,2.31,True
7cf43b,Australia,9.77,True
a92ae9,United States,225.77,False
ab3133,United States,229.99,False
0acb0d,Colombia,134.24,False
ad2dcc,United States,38.75,False
e485b0,Brazil,226.6,False
c06390,Canada,50.63,False
a03816,United States,5.14,True
a9f6d4,United States,91.7,False
acb4e5,United States,50.2,False
a07ed6,United States,0.0,False
c0524c,Canada,183.66,False
aa6d9a,United States,10.8,True
ac51e8,United States,225.76,False
c06573,Canada,76.48,False
a80c4e,United States,39.3,False
a4e0ec,United States,216.6,False
c1e897,Canada,3.6,True
c1e896,Canada,5.4,True
c1e888,Canada,5.66,True
71c220,Republic of Korea,233.29,False
a8d6bd,United States,167.2,False
781848,China,206.06,False
a860d2,United States,184.07,False
aa11dc,United States,85.4,False
a8c3a2,United States,239.08,False
abca5a,United States,52.45,False
a2a0de,United States,45.07,False
aaaa92,United States,223.37,False
a620f5,United States,223.85,False
71c258,Republic of Korea,154.79,False
ac9a7a,United States,70.12,False
a14502,United States,155.88,False
780529,China,119.08,False
781857,China,248.43,False
c06590,Canada,224.79,False
780525,China,235.1,False
71c243,Republic of Korea,231.43,False
71c249,Republic of Korea,191.8,False
71c247,Republic of Korea,217.39,False
a80c75,United States,129.25,False
71c242,Republic of Korea,3.09,True
780531,China,232.4,False
7cf635,Australia,0.39,True
c06541,Canada,219.5,False
a13227,United States,51.98,False
a3d3f0,United States,236.54,False
a3d3f4,United States,2.83,True
c1e841,Canada,1.03,True
7c3cd1,Australia,40.51,False
c0653d,Canada,220.14,False
744841,Jordan,259.28,False
c0653f,Canada,282.76,False
a67c3a,United States,246.82,False
74482e,Jordan,240.35,False
c05218,Canada,158.76,False
74482d,Jordan,235.64,False
74482c,Jordan,242.75,False
a500c5,United States,50.99,False
a7ff34,United States,233.09,False
c1e850,Canada,5.66,True
a20ef0,United States,29.84,False
744843,Jordan,263.89,False
c1e845,Canada,9.26,True
aca1dd,United States,241.34,False
a5ac3b,United States,246.84,False
ac791d,United States,0.0,True
a740a0,United States,51.17,False
c82953,New Zealand,229.89,False
71c210,Republic of Korea,241.54,False
a6cc54,United States,6.94,True
040240,Ethiopia,257.57,False
0c6061,Trinidad and Tobago,208.09,False
781896,China,234.35,False
ab5951,United States,42.51,False
a67c86,United States,53.61,False
744828,Jordan,239.44,False
71c208,Republic of Korea,253.99,False
744825,Jordan,104.99,False
a06bd3,United States,133.12,False
adc1f0,United States,80.58,False
c0654b,Canada,190.43,False
ac0fb6,United States,0.64,True
aa6d40,United States,10.29,True
7803cd,China,202.55,False
7816fc,China,2.31,True
7803e6,China,222.17,False
7cf4d2,Australia,4.63,True
a31bbf,United States,0.0,True
a49206,United States,230.41,False
a3c21a,United States,188.23,False
a2a213,United States,242.95,False
a2a219,United States,3.09,True
7803ee,China,199.02,False
ab44af,United States,248.65,False
e49908,Brazil,240.19,False
e49907,Brazil,243.7,False
aa6ca0,United States,44.76,False
a3852d,United States,239.72,False
a1a87e,United States,111.23,False
a52898,United States,13.89,True
a7b832,United States,194.1,False
a3986a,United States,53.54,False
ab57f6,United States,112.08,False
a3c246,United States,231.36,False
a4f54c,United States,73.41,False
abca00,United States,271.73,False
aaaa11,United States,75.62,False
a62229,United States,52.07,False
7cf4a6,Australia,7.2,True
aba7d9,United States,159.76,False
a8881e,United States,236.29,False
a37274,United States,151.38,False
4ba913,Turkey,0.77,False
ade7af,United States,32.23,False
4ba90d,Turkey,0.77,False
ad1d1c,United States,43.92,False
abdd35,United States,68.63,False
a037b2,United States,6.17,True
a37265,United States,237.19,False
aa7fa1,United States,198.8,False
a037b9,United States,224.42,False
a740ec,United States,56.6,False
a2fbec,United States,195.11,False
e48614,Brazil,6.17,True
abdd64,United States,156.04,False
a980b7,United States,159.44,False
a2fbf1,United States,251.57,False
ae07f7,United States,244.3,False
abdd4a,United States,109.56,False
7cf4f2,Australia,1.03,True
ac51b2,United States,158.78,False
a8c3e5,United States,71.66,False
e49957,Brazil,170.25,False
e49958,Brazil,139.87,False
a37244,United States,213.76,False
a993f5,United States,47.37,False
4ba905,Turkey,218.03,False
4ba904,Turkey,527.82,False
aaaa4a,United States,248.11,False
a25278,United States,239.81,False
abdd67,United States,228.89,False
71c282,Republic of Korea,249.53,False
71c286,Republic of Korea,237.51,False
c050ae,Canada,225.44,False
a62273,United States,58.1,False
ab325c,United States,0.0,True
a7a568,United States,227.32,False
c050c5,Canada,200.75,False
c050c0,Canada,89.89,False
ac523c,United States,115.38,False
ac789b,United States,250.65,False
ade865,United States,58.41,False
0aca4e,Colombia,130.84,False
7817ab,China,5.92,True
a18d29,United States,266.94,False
0aca5d,Colombia,218.64,False
a05a23,United States,57.62,False
a9e540,United States,58.27,False
0aca68,Colombia,227.27,False
a8758b,United States,0.0,True
a98219,United States,0.0,True
aa6bed,United States,205.86,False
a2a26d,United States,275.55,False
a7425a,United States,216.52,False
a05a03,United States,4.12,True
a63563,United States,49.87,False
a05a49,United States,201.98,False
a63562,United States,210.29,False
a1dd2d,United States,0.0,True
a3c259,United States,250.72,False
0d07f6,Mexico,239.63,False
ab329e,United States,184.55,False
a74224,United States,145.54,False
7804c1,China,179.0,False
acb59c,United States,226.25,False
7c3d53,Australia,227.08,False
a0aa2b,United States,207.18,False
406e10,United Kingdom,216.89,False
4ba890,Turkey,231.66,False
a92bb1,United States,58.41,False
a0aa1b,United States,209.52,False
a76877,United States,243.34,False
a264a4,United States,237.19,False
c828ca,New Zealand,49.14,False
8991e6,Taiwan,265.82,False
aa6bc0,United States,238.33,False
a9d0fe,United States,90.64,False
8991dd,Taiwan,250.87,False
c050a1,Canada,0.0,True
8991de,Taiwan,191.35,False
c050a0,Canada,165.21,False
8991db,Taiwan,110.55,False
aa7eda,United States,41.16,False
aa1219,United States,269.28,False
a86214,United States,54.65,False
3c818e,Germany,1.03,True
4ba869,Turkey,278.83,False
a81ef6,United States,241.61,False
ad727a,United States,4.12,True
a7a532,United States,239.36,False
aa6ba6,United States,223.52,False
a3c291,United States,281.77,False
a6deeb,United States,53.88,False
a55d49,United States,48.69,False
a80d09,United States,228.37,False
c828ea,New Zealand,136.52,False
aa37ce,United States,1.8,True
a384f2,United States,242.23,False
a9d284,United States,0.0,True
a0aa65,United States,78.82,False
780580,China,264.99,False
a17a5f,United States,49.62,False
ac7828,United States,236.57,False
0d07c3,Mexico,225.47,False
406cab,United Kingdom,215.73,False
78057d,China,258.61,False
ab4531,United States,243.19,False
a754b5,United States,265.65,False
704003,Myanmar,118.57,False
a384d5,United States,227.18,False
ad2ea9,United States,209.41,False
78058e,China,204.98,False
ad2ea4,United States,257.47,False
a8b290,United States,54.06,False
a384ab,United States,229.48,False
704012,Myanmar,204.79,False
a3d4ed,United States,215.52,False
a1ca0d,United States,240.17,False
a9e59b,United States,63.18,False
7c4ef2,Australia,45.27,False
a30a0e,United States,134.99,False
44093e,Austria,224.5,False
a55d81,United States,116.27,False
4ca226,Ireland,208.86,False
a42a5c,United States,253.94,False
86dce6,Japan,248.32,False
0aca28,Colombia,240.0,False
acc85e,United States,34.94,False
a527d5,United States,0.0,True
a0aa7c,United States,234.97,False
49d283,Czech Republic,240.68,False
abeeea,United States,233.22,False
400025,United Kingdom,3.86,False
a5ad00,United States,219.6,False
4ca24e,Ireland,227.72,False
49d26c,Czech Republic,244.36,False
a9f87d,United States,197.09,False
a3d4b5,United States,34.56,False
a92bff,United States,24.27,False
c05186,Canada,183.46,False
ab324a,United States,255.3,False
ac6573,United States,152.3,False
a384f8,United States,0.45,True
407fff,United Kingdom,225.45,False
a67d17,United States,107.34,False
400006,United Kingdom,10.29,False
a3d4c6,United States,226.21,False
a07fa6,United States,7.2,True
a42a37,United States,11.32,True
a1cdd7,United States,45.0,False
c069a9,Canada,181.7,False
a50728,United States,29.93,False
781949,China,256.92,False
a28ab5,United States,0.06,True
a1cdcf,United States,75.06,False
71c354,Republic of Korea,182.75,False
a2edb4,United States,0.0,True
71c357,Republic of Korea,196.49,False
a4e714,United States,273.1,False
7cf709,Australia,7.72,True
a37755,United States,225.44,False
71c352,Republic of Korea,199.76,False
78060b,China,252.5,False
a12467,United States,1.8,True
a7cb89,United States,231.86,False
a1244b,United States,92.95,False
a1244d,United States,243.33,False
a30dc5,United States,229.77,False
71c347,Republic of Korea,247.04,False
a54db3,United States,51.98,False
a9c2de,United States,231.44,False
880c44,Thailand,87.43,False
880c47,Thailand,225.54,False
a01783,United States,94.8,False
71c378,Republic of Korea,190.54,False
a05df9,United States,79.84,False
71c374,Republic of Korea,220.09,False
71c371,Republic of Korea,214.01,False
a3a103,United States,75.62,False
a0ade2,United States,238.93,False
a2a70f,United States,241.59,False
486073,Kingdom of the Netherlands,281.98,False
71c366,Republic of Korea,148.73,False
71c365,Republic of Korea,188.45,False
a1242d,United States,236.45,False
a2573e,United States,0.9,True
0d0468,Mexico,116.83,False
71c363,Republic of Korea,213.21,False
71c360,Republic of Korea,131.3,False
780654,China,2.83,True
ab6ba6,United States,205.67,False
a7cb53,United States,232.36,False
ac583f,United States,234.64,False
155c65,Russian Federation,200.88,False
71c311,Republic of Korea,207.4,False
e49c08,Brazil,249.83,False
a1baf1,United States,180.18,False
a7cb3d,United States,124.9,False
7c810d,Australia,133.38,False
a7de6b,United States,67.63,False
780663,China,136.51,False
ab1210,United States,137.57,False
71c309,Republic of Korea,111.32,False
ad7828,United States,207.37,False
a9d5e7,United States,155.53,False
a9d5e4,United States,235.25,False
78065d,China,183.07,False
ab120a,United States,233.09,False
71c301,Republic of Korea,234.7,False
ab120b,United States,290.39,False
71c303,Republic of Korea,225.3,False
ada0fc,United States,53.92,False
70401f,Myanmar,38.39,False
503d41,Lithuania,71.11,False
a16adc,United States,249.3,False
a1babb,United States,230.66,False
71c339,Republic of Korea,244.48,False
71c333,Republic of Korea,247.09,False
71c334,Republic of Korea,95.12,False
78066c,China,100.69,False
71c331,Republic of Korea,219.84,False
71c332,Republic of Korea,78.62,False
a9e8ce,United States,238.36,False
ac5868,United States,4.37,True
a28acd,United States,48.77,False
06a052,Qatar,259.37,False
06a053,Qatar,0.0,True
e49c02,Brazil,238.15,False
ab6bcd,United States,225.51,False
e49c04,Brazil,230.72,False
e49c03,Brazil,165.01,False
a7de93,United States,237.88,False
e49c06,Brazil,201.96,False
c82af1,New Zealand,65.75,False
71c326,Republic of Korea,0.0,True
71c324,Republic of Korea,75.69,False
06a069,Qatar,239.34,False
aa4c87,United States,246.63,False
a35109,United States,216.96,False
48e97b,Poland,226.03,False
a12484,United States,0.0,True
06a062,Qatar,250.92,False
a3a155,United States,135.69,False
a8b744,United States,28.71,False
ae1c0e,United States,64.47,False
a9873d,United States,200.6,False
a8fdb4,United States,173.47,False
7cf5f4,Australia,7.72,True
406b05,United Kingdom,276.52,False
a05f31,United States,174.71,False
a05f37,United States,197.25,False
aca6c0,United States,248.52,False
abbc52,United States,234.92,False
a9874e,United States,42.57,False
aaf0b4,United States,33.63,False
407e21,United Kingdom,6.69,True
a41af1,United States,38.12,False
48e95f,Poland,1.29,True
a65ae2,United States,50.15,False
ad63a8,United States,234.26,False
48e95d,Poland,271.07,False
acb9ed,United States,237.21,False
a6aad3,United States,135.66,False
abbc4e,United States,31.55,False
e07191,Argentina,74.49,False
a77ae0,United States,296.97,False
a97401,United States,217.36,False
ad50a9,United States,150.64,False
a7dde1,United States,240.12,False
a3a187,United States,61.17,False
a4c170,United States,3.09,True
a48452,United States,38.97,False
a1118c,United States,36.83,False
acdc40,United States,260.72,False
c0577b,Canada,53.7,False
a6aaba,United States,233.77,False
a5916a,United States,133.46,False
ac30c0,United States,234.66,False
e49aa9,Brazil,237.0,False
aaf0ce,United States,267.77,False
aaf0ca,United States,77.56,False
acdc5a,United States,141.02,False
a3c775,United States,246.27,False
a149f1,United States,121.71,False
a16c14,United States,39.56,False
a73410,United States,0.0,True
71c398,Republic of Korea,242.48,False
ad50c9,United States,247.75,False
406b48,United Kingdom,239.89,False
406b49,United Kingdom,230.36,False
71c391,Republic of Korea,261.47,False
abbc75,United States,236.1,False
880c4c,Thailand,214.52,False
c05734,Canada,78.2,False
c05736,Canada,63.72,False
ac30e9,United States,246.2,False
a4d42d,United States,117.22,False
781916,China,209.56,False
781917,China,242.8,False
aa0531,United States,238.77,False
71c386,Republic of Korea,180.96,False
71c387,Republic of Korea,211.75,False
71c381,Republic of Korea,251.55,False
71c382,Republic of Korea,260.42,False
a6141a,United States,54.69,False
a62778,United States,262.59,False
406b22,United Kingdom,218.87,False
407e54,United Kingdom,0.26,True
a4d44a,United States,41.26,False
406b0a,United Kingdom,239.04,False
c04413,Canada,265.07,False
adb3cb,United States,216.68,False
407e45,United Kingdom,245.56,False
ab49aa,United States,80.99,False
a4e6a1,United States,47.49,False
a8a490,United States,181.54,False
8a0024,Indonesia,130.31,False
adb476,United States,238.45,False
a389f8,United States,164.83,False
7805b0,China,199.64,False
ab49d4,United States,55.31,False
a0af7c,United States,145.16,False
86ddb2,Japan,269.85,False
a29f71,United States,54.5,False
a506d1,United States,0.0,True
a7df06,United States,43.95,False
ab6c01,United States,85.42,False
7818f5,China,189.44,False
a3fc34,United States,55.57,False
a05f95,United States,113.07,False
7c3e12,Australia,3.64,False
ada167,United States,237.6,False
7c8089,Australia,44.54,False
a123bf,United States,93.73,False
851492,Japan,243.76,False
a54f60,United States,143.7,False
a1cf48,United States,235.35,False
a506da,United States,268.11,False
a4e6bf,United States,49.78,False
a16c3a,United States,157.32,False
a639f5,United States,0.0,True
a9d797,United States,54.96,False
aaaf2a,United States,83.55,False
acef18,United States,237.81,False
ab7f50,United States,242.08,False
ab6c26,United States,2.83,True
a01805,United States,207.35,False
a9d766,United States,52.93,False
a41c56,United States,1.8,True
7805dc,China,0.0,True
a2dc57,United States,57.09,False
a3a19f,United States,252.68,False
a8544e,United States,53.29,False
a9d770,United States,53.19,False
ab23b5,United States,227.95,False
a41c45,United States,50.94,False
a230d6,United States,4.12,True
a90ab9,United States,70.58,False
a376ec,United States,235.59,False
a8a434,United States,50.94,False
a8b75f,United States,262.4,False
a98776,United States,69.86,False
a90ac0,United States,5.92,True
ac9f52,United States,141.99,False
868dd7,Japan,125.72,False
a243de,United States,0.0,True
ac69fc,United States,182.65,False
a72179,United States,211.92,False
4b9df5,Turkey,191.29,False
a6aafc,United States,182.3,False
06a070,Qatar,266.72,False
7cf678,Australia,6.17,True
c055cd,Canada,62.42,False
a5f3cf,United States,3.09,True
3949ea,France,279.06,False
a3a0cf,United States,229.23,False
7cf676,Australia,10.29,True
a9d6b4,United States,43.66,False
acedad,United States,58.53,False
a7df61,United States,209.26,False
155c21,Russian Federation,210.2,False
ac5765,United States,194.19,False
c055e4,Canada,3.71,False
06a079,Qatar,252.05,False
06a077,Qatar,264.01,False
ad7760,United States,235.08,False
06a081,Qatar,258.95,False
a470d6,United States,51.09,False
a17ea8,United States,93.32,False
34224e,Spain,252.16,False
c055c9,Canada,6.17,True
a05ec9,United States,3.34,True
06a07a,Qatar,5.4,True
ab112a,United States,78.74,False
a89c23,United States,229.7,False
a9d6b8,United States,239.75,False
7cf64c,Australia,4.37,True
a05eba,United States,44.6,False
a590e0,United States,22.57,False
7c801e,Australia,79.25,False
a3a0ed,United States,214.26,False
7cf658,Australia,0.9,True
c055eb,Canada,182.92,False
06a07f,Qatar,52.16,True
8406d0,Japan,245.48,False
06a07e,Qatar,179.93,False
a4c0db,United States,64.21,False
aa4c3e,United States,211.02,False
acdab6,United States,71.42,False
06a094,Qatar,247.37,False
3949e6,France,239.0,False
39cf0d,France,300.84,False
ac8ae8,United States,39.15,False
a42f8b,United States,194.14,False
a1bc92,United States,276.81,False
155c32,Russian Federation,218.48,False
39cf10,France,241.56,False
a5e0d3,United States,232.18,False
c055f5,Canada,120.71,False
7cf62d,Australia,13.38,True
7cf62e,Australia,4.37,True
39cf13,France,253.16,False
8406e8,Japan,273.72,False
3949f0,France,224.18,False
aa4c42,United States,264.39,False
7cf637,Australia,0.0,True
ac578c,United States,230.61,False
3949f8,France,219.12,False
a9e9a4,United States,222.68,False
7c806a,Australia,233.27,False
a3fc54,United States,69.49,False
a759eb,United States,51.81,False
a65c29,United States,231.5,False
7c806e,Australia,217.84,False
7c806d,Australia,10.8,True
aaf14c,United States,80.49,False
a2a823,United States,225.41,False
aa4c26,United States,47.85,False
a54f84,United States,3.6,True
a24526,United States,225.35,False
aa4c1a,United States,248.58,False
a29eb6,United States,212.29,False
4ca15e,Ireland,1.54,True
aa4c12,United States,35.08,False
a3b3df,United States,210.41,False
a6bf4e,United States,203.77,False
e49b53,Brazil,246.56,False
ac3173,United States,251.52,False
71d707,Republic of Korea,,True
e4a2b9,Brazil,190.64,False
7cf689,Australia,4.12,True
407cb2,United Kingdom,204.72,False
a24508,United States,237.84,False
aaf183,United States,239.08,False
ac3183,United States,63.28,False
7cf682,Australia,7.2,True
a7cc00,United States,72.06,False
7c8049,Australia,95.79,False
7cf66f,Australia,5.92,True
7cf66d,Australia,5.66,True
a3a0ca,United States,240.3,False
7cf833,Australia,97.16,False
a0aefd,United States,248.68,False
a1388c,United States,241.66,False
7c2ba6,Australia,0.0,True
7c2ba8,Australia,217.23,False
e4a392,Brazil,94.9,False
4406de,Austria,224.48,False
a28bc9,United States,222.7,False
c2c25f,Canada,141.44,False
a35206,United States,240.33,False
4b9e47,Turkey,247.29,False
ab3967,United States,44.8,False
a23200,United States,70.59,False
a74847,United States,215.07,False
0ac95b,Colombia,105.46,False
a17ef7,United States,0.0,True
c057ae,Canada,34.07,False
0ac95a,Colombia,90.45,False
780762,China,2.31,False
a3a222,United States,222.75,False
a3b557,United States,183.2,False
a36516,United States,4.89,True
406c71,United Kingdom,175.04,False
a2452f,United States,92.6,False
a2452c,United States,3.86,True
a2452a,United States,261.27,False
ab6cc0,United States,229.65,False
a53bc6,United States,4.37,True
ab3982,United States,187.6,False
a720e3,United States,139.72,False
a9d6f9,United States,40.68,False
abbca1,United States,236.82,False
76b450,Singapore,210.36,False
76b455,Singapore,199.5,False
76b457,Singapore,234.61,False
4b9e4b,Turkey,228.45,False
78076a,China,217.14,False
7c2be9,Australia,170.69,False
a42efc,United States,208.87,False
c2c219,Canada,138.97,False
4b9e4a,Turkey,27.8,False
e082d7,Argentina,219.74,False
76b44c,Singapore,234.81,False
4b9e59,Turkey,199.98,False
8514d6,Japan,232.06,False
76b44f,Singapore,159.2,False
4b9e56,Turkey,255.09,False
a47227,United States,199.81,False
a47221,United States,249.58,False
ab398a,United States,270.74,False
ac9fe9,United States,250.51,False
ac3315,United States,219.98,False
0a4061,Algeria,151.81,False
780795,China,211.05,False
7c2bc6,Australia,145.23,False
c88018,Fiji,9.26,True
a4e80d,United States,84.97,False
a24573,United States,256.62,False
aca974,United States,115.12,False
ac9fed,United States,65.35,False
aaf336,United States,81.9,False
a42ee9,United States,225.7,False
c8801a,Fiji,186.87,False
ac3338,United States,210.93,False
a4e822,United States,242.04,False
4b9e5a,Turkey,0.77,False
a36556,United States,237.43,False
a973e0,United States,192.94,False
aca7f5,United States,47.04,False
a16d01,United States,164.42,False
acca19,United States,74.6,False
a3a26c,United States,42.33,False
a3528c,United States,74.38,False
ac8d66,United States,86.05,False
ac7a33,United States,0.45,True
ac31b0,United States,34.33,False
a61592,United States,240.21,False
abbd73,United States,81.52,False
a3a27a,United States,192.2,False
a4d598,United States,55.66,False
7c80ac,Australia,4.12,True
407f2d,United Kingdom,240.49,False
a8feb8,United States,159.24,False
a017a5,United States,245.7,False
ac44fa,United States,38.35,False
ac8d80,United States,63.79,False
abaa43,United States,79.42,False
ac7a52,United States,10.8,True
7cf6f0,Australia,12.86,True
c03244,Canada,11.83,True
7cf6df,Australia,5.66,True
a9c506,United States,218.17,False
ac7a5b,United States,95.76,False
a3524e,United States,226.15,False
acca1c,United States,241.41,False
a7def8,United States,202.49,False
407f0e,United Kingdom,224.74,False
a9c500,United States,60.52,False
ab11fb,United States,143.34,False
aa198d,United States,234.85,False
a3c893,United States,68.94,False
a1bd0a,United States,54.94,False
a2dd09,United States,48.97,False
407f96,United Kingdom,231.0,False
a74862,United States,154.13,False
a7dea2,United States,85.69,False
84091b,Japan,231.07,False
a5f52d,United States,106.58,False
a6152a,United States,283.06,False
c05857,Canada,0.45,True
a004e2,United States,59.8,False
407f7d,United Kingdom,215.48,False
aaf1fa,United States,266.43,False
ad9a53,United States,79.61,False
a377a2,United States,247.54,False
adea26,United States,206.28,False
a6153e,United States,176.89,False
adfd7f,United States,122.83,False
a5e20b,United States,66.19,False
a85536,United States,39.94,False
c88098,Fiji,199.9,False
a8b805,United States,6.69,True
a65bbc,United States,214.13,False
c04549,Canada,118.81,False
a3b595,United States,42.7,False
c8809c,Fiji,222.89,False
a7deb9,United States,37.51,False
aa5fd3,United States,47.33,False
a004be,United States,203.73,False
407f62,United Kingdom,229.92,False
78071b,China,231.24,False
e49a97,Brazil,166.79,False
e49a96,Brazil,198.48,False
a4e7c9,United States,245.7,False
a65d06,United States,225.61,False
7819f0,China,242.3,False
c05818,Canada,269.13,False
aa17b2,United States,0.0,True
a0f1bb,United States,210.1,False
a39a13,United States,0.0,True
e4a1e3,Brazil,128.11,False
a9b275,United States,258.93,False
e49a8b,Brazil,88.41,False
c82b08,New Zealand,71.6,False
a9b273,United States,235.17,False
a2dd1f,United States,228.69,False
a2a7cd,United States,60.21,False
a53d2c,United States,111.03,False
406ade,United Kingdom,218.12,False
c82b16,New Zealand,248.83,False
406add,United Kingdom,1.03,True
862248,Japan,232.92,False
e49a81,Brazil,228.52,False
ab5a01,United States,214.67,False
a591a4,United States,72.11,False
ab24b7,United States,109.97,False
ac57af,United States,234.12,False
ac57d2,United States,0.0,True
7cf6cd,Australia,2.57,True
7cf6ca,Australia,3.6,True
abbd0a,United States,224.1,False
7cf6d9,Australia,5.66,True
86351c,Japan,216.51,False
a8557a,United States,177.28,False
c82b32,New Zealand,229.9,False
a8a581,United States,63.47,False
a72272,United States,18.89,False
7cf6c1,Australia,9.77,True
ab24cc,United States,227.46,False
ac8d3c,United States,113.65,False
abbd2d,United States,236.96,False
7cf6b7,Australia,4.37,True
abaa09,United States,39.67,False
ac31a1,United States,229.8,False
a5e29d,United States,52.85,False
868ee4,Japan,223.48,False
a1bd6a,United States,237.92,False
abbd47,United States,0.0,True
a9d7d0,United States,162.68,False
407dc5,United Kingdom,275.8,False
a53d9c,United States,272.93,False
ad0edd,United States,1.8,True
a25925,United States,180.44,False
71c517,Republic of Korea,299.72,False
c83e9f,New Zealand,140.82,False
71c516,Republic of Korea,238.15,False
adc856,United States,49.52,False
a12625,United States,237.38,False
71c507,Republic of Korea,190.76,False
71c505,Republic of Korea,213.62,False
c043b7,Canada,296.08,False
71c509,Republic of Korea,216.82,False
71c500,Republic of Korea,241.17,False
a471e0,United States,214.06,False
45ab4d,Denmark,129.46,False
aaf253,United States,186.91,False
407da5,United Kingdom,147.6,False
71c539,Republic of Korea,100.57,False
a52a99,United States,227.44,False
71c531,Republic of Korea,0.0,True
71c534,Republic of Korea,247.36,False
ae2eee,United States,138.07,False
a6ad91,United States,57.12,False
a5e1ea,United States,70.51,False
8514b4,Japan,7.72,True
71c528,Republic of Korea,5.14,True
867d00,Japan,226.22,False
7c2ad8,Australia,216.85,False
a854df,United States,246.27,False
7c8126,Australia,46.44,False
71c524,Republic of Korea,218.87,False
71c525,Republic of Korea,0.0,True
a841b7,United States,61.84,False
a2efae,United States,94.66,False
a0065e,United States,25.25,False
e49a55,Brazil,204.22,False
49d00d,Czech Republic,228.83,False
a3a1c1,United States,44.8,False
a987aa,United States,165.79,False
acdbec,United States,0.51,True
c069f0,Canada,236.16,False
a3b4f7,United States,156.48,False
aaf26a,United States,67.51,False
a1cfc2,United States,33.66,False
c069d8,Canada,183.83,False
a4d4ca,United States,73.77,False
acdbe7,United States,129.02,False
a747cb,United States,264.46,False
49d034,Czech Republic,240.89,False
a9b27c,United States,237.9,False
ab129a,United States,212.71,False
ad526c,United States,239.29,False
407dcf,United Kingdom,0.9,True
ae1bfe,United States,75.62,False
7c8168,Australia,68.05,False
ad5269,United States,221.31,False
acdbee,United States,215.23,False
e49a48,Brazil,129.4,False
a37928,United States,57.12,False
aaf29f,United States,242.02,False
a11317,United States,57.65,False
e49a2e,Brazil,75.22,False
a2a915,United States,174.66,False
a43ea6,United States,202.82,False
a12216,United States,44.48,False
aced8f,United States,142.37,False
7c3fdf,Australia,109.38,False
a6bc8c,United States,63.81,False
a43ea2,United States,198.25,False
a01567,United States,116.01,False
a37517,United States,229.59,False
a8fc73,United States,197.17,False
71c594,Republic of Korea,88.51,False
71c591,Republic of Korea,224.02,False
a13541,United States,102.38,False
a9e6ec,United States,55.48,False
aced7a,United States,0.0,True
780860,China,220.25,False
a78c8f,United States,203.2,False
ab4925,United States,84.33,False
71c586,Republic of Korea,124.3,False
71c584,Republic of Korea,207.83,False
a8a0d9,United States,2.06,True
71c588,Republic of Korea,118.72,False
71c589,Republic of Korea,151.97,False
a38836,United States,218.97,False
71c582,Republic of Korea,4.37,True
a2551a,United States,0.0,True
789208,China,47.03,False
789207,China,7.72,True
ad8906,United States,34.14,False
78086b,China,208.02,False
789215,China,233.59,False
789214,China,221.71,False
a850dc,United States,143.09,False
78920b,China,35.14,False
48c135,Poland,240.6,False
789217,China,82.48,False
789218,China,226.06,False
a63832,United States,99.31,False
86ce81,Japan,233.51,False
aa4a81,United States,83.11,False
a7dc92,United States,56.52,False
a9e6df,United States,0.0,True
78921a,China,279.54,False
a2a53d,United States,91.16,False
ac692a,United States,261.15,False
78921d,China,235.42,False
aa01f9,United States,81.09,False
71c559,Republic of Korea,56.39,False
add903,United States,48.88,False
a4d0cc,United States,43.8,False
a3b0f3,United States,70.15,False
aa01de,United States,222.33,False
801446,India,59.63,False
a80f87,United States,33.94,False
a8c6e1,United States,0.0,True
510080,Belarus,26.71,False
71c543,Republic of Korea,228.98,False
71c540,Republic of Korea,110.44,False
71d871,Republic of Korea,2.83,True
ab362c,United States,166.08,False
71c544,Republic of Korea,189.21,False
a7ef4b,United States,216.91,False
a36200,United States,237.66,False
a0156c,United States,37.53,False
ac694f,United States,8.23,True
a43ec3,United States,239.58,False
a49510,United States,2.06,True
789254,China,236.92,False
a2fec4,United States,44.59,False
a0abc5,United States,211.25,False
acffb4,United States,87.8,False
a2b83b,United States,206.91,False
ab3655,United States,241.08,False
ad8935,United States,140.06,False
80141c,India,239.5,False
ac9cb1,United States,54.15,False
c0424e,Canada,3.09,True
71c564,Republic of Korea,212.85,False
789267,China,2.57,True
71c562,Republic of Korea,224.82,False
789268,China,227.54,False
801435,India,231.98,False
0d0665,Mexico,52.48,False
80141f,India,238.19,False
a37524,United States,40.14,False
ac54b2,United States,58.93,False
a8650b,United States,187.31,False
a8c840,United States,20.25,False
ad0d35,United States,230.88,False
a2b89e,United States,0.0,True
a5f208,United States,161.23,False
a1229c,United States,36.03,False
e0958f,Argentina,232.38,False
ad87c3,United States,59.38,False
a74535,United States,231.72,False
3444cc,Spain,5.4,True
801493,India,225.36,False
3444ce,Spain,150.8,False
a3b268,United States,120.4,False
acda02,United States,231.43,False
a66be6,United States,37.57,False
a1226e,United States,239.41,False
a8785d,United States,57.15,False
7c1a71,Australia,54.93,False
7041c1,Myanmar,170.47,False
aced42,United States,145.39,False
a43eec,United States,189.15,False
aced2b,United States,207.32,False
a78bd8,United States,34.75,False
801460,India,239.97,False
a2ebbd,United States,221.58,False
aced21,United States,235.06,False
aced23,United States,226.66,False
a30bce,United States,203.68,False
a3621e,United States,86.28,False
a05d24,United States,54.99,False
abba43,United States,74.6,False
aa0300,United States,66.36,False
a027ca,United States,0.0,True
ac41ab,United States,277.84,False
a79ea8,United States,241.99,False
aa2969,United States,51.09,False
e4a218,Brazil,70.07,False
aced49,United States,61.33,False
a3d86c,United States,49.82,False
e4a20a,Brazil,157.16,False
407c26,United Kingdom,0.64,True
a50549,United States,3.34,True
aaad8f,United States,221.58,False
80148f,India,235.51,False
a54bab,United States,111.72,False
ad0d86,United States,8.23,True
ac41ce,United States,239.18,False
a3627d,United States,155.09,False
a4e538,United States,198.33,False
a55ef3,United States,147.72,False
a2a59b,United States,236.16,False
a54bbf,United States,247.09,False
c0681b,Canada,212.82,False
78083a,China,102.61,False
c0682b,Canada,206.74,False
a48253,United States,116.46,False
acda2c,United States,209.88,False
ac4279,United States,3.86,True
7807db,China,71.33,False
a04a49,United States,193.67,False
a29d27,United States,58.37,False
a134d5,United States,213.7,False
06a1bb,Qatar,258.73,False
06a1bc,Qatar,253.27,False
a0ad3e,United States,226.49,False
407ac6,United Kingdom,232.12,False
a014c9,United States,265.02,False
407ac3,United Kingdom,234.67,False
873028,Japan,232.98,False
a0ad24,United States,233.36,False
e4a0b4,Brazil,96.37,False
a1cd12,United States,50.41,False
a54d25,United States,53.52,False
a027fa,United States,120.34,False
a0ad1b,United States,201.23,False
ae2bfc,United States,56.25,False
a0ad1d,United States,3.09,True
8a021d,Indonesia,213.16,False
a87898,United States,141.18,False
c82a0f,New Zealand,60.62,False
4bb844,Turkey,245.29,False
a254da,United States,247.47,False
06a1ec,Qatar,260.51,False
06a1ea,Qatar,255.44,False
a7eef3,United States,43.07,False
ac9d07,United States,0.19,True
a28a2c,United States,252.68,False
4bb84f,Turkey,178.45,False
ab34a7,United States,225.28,False
4bb84b,Turkey,242.44,False
a241c7,United States,41.83,False
4bb84c,Turkey,77.17,False
c1e9e5,Canada,0.06,True
a4d290,United States,41.11,False
c1e9ca,Canada,1.03,True
a387f0,United States,10.29,True
34469a,Spain,216.5,False
a1cd2b,United States,65.29,False
a0ad6c,United States,227.86,False
407af2,United Kingdom,142.16,False
407af4,United Kingdom,289.08,False
407af5,United Kingdom,253.41,False
a3d7a7,United States,227.25,False
46a5e1,Greece,166.69,False
8515a2,Japan,238.32,False
4cc52e,Iceland,149.96,False
46a5e7,Greece,249.21,False
4cc52f,Iceland,1.03,True
a6bd2b,United States,43.08,False
4cc52c,Iceland,262.19,False
a91d26,United States,46.92,False
a4f7fb,United States,62.76,False
a877d3,United States,223.05,False
a361f3,United States,211.22,False
789271,China,232.01,False
aa5d60,United States,215.29,False
ac685d,United States,266.72,False
aa14d2,United States,53.08,False
a2da59,United States,12.86,True
ad8836,United States,193.74,False
aabedc,United States,45.32,False
78926b,China,0.51,True
ac4210,United States,230.32,False
4402db,Austria,231.96,False
789288,China,199.27,False
789286,China,233.94,False
4cc53a,Iceland,6.17,True
789287,China,238.99,False
4cc547,Iceland,183.71,False
4cc549,Iceland,228.33,False
c066dd,Canada,245.44,False
504e77,Republic of Moldova,237.11,False
78927e,China,240.45,False
78927f,China,242.77,False
c1e9a3,Canada,5.66,True
c1e9a7,Canada,5.92,True
4bb866,Turkey,0.0,True
504e70,Republic of Moldova,240.3,False
4bb865,Turkey,239.99,False
acb84d,United States,146.13,False
ab355c,United States,233.63,False
c066f4,Canada,136.69,False
a78d73,United States,79.23,False
789292,China,185.09,False
c066f0,Canada,0.0,True
789290,China,229.55,False
ad8871,United States,208.99,False
789295,China,234.0,False
789293,China,92.57,False
ad8872,United States,227.38,False
ad7528,United States,40.13,False
a2ed5a,United States,226.88,False
a361b6,United States,55.9,False
a1ba59,United States,223.38,False
4bb86f,Turkey,0.0,True
a30d6b,United States,234.28,False
4bb86b,Turkey,77.79,False
adc532,United States,0.0,True
a2b919,United States,222.04,False
a4e4a3,United States,176.69,False
adc531,United States,233.0,False
a9d59a,United States,98.52,False
aa5d23,United States,11.32,True
4cc582,Iceland,225.4,False
ac9be4,United States,94.76,False
78929d,China,164.29,False
a517dc,United States,186.8,False
ac5569,United States,234.01,False
504e8a,Republic of Moldova,239.84,False
4cc576,Iceland,10.8,True
504e86,Republic of Moldova,244.81,False
504e87,Republic of Moldova,228.68,False
8a028f,Indonesia,230.49,False
504e85,Republic of Moldova,250.35,False
a25615,United States,53.11,False
a9c290,United States,41.98,False
a4f7cb,United States,0.0,True
a02982,United States,47.24,False
4cc57a,Iceland,221.51,False
7807b9,China,243.22,False
7807b6,China,144.06,False
4cc587,Iceland,139.03,False
a54d3c,United States,56.68,False
acb878,United States,239.96,False
a18fa4,United States,81.63,False
c066a8,Canada,162.21,False
a13608,United States,263.55,False
a624ac,United States,222.87,False
c066b2,Canada,117.07,False
4cc574,Iceland,222.44,False
ac425a,United States,207.67,False
a9d599,United States,45.11,False
a13668,United States,230.3,False
a9c1c5,United States,245.92,False
06a113,Qatar,255.44,False
a1dfdb,United States,131.74,False
7c1ab8,Australia,234.81,False
06a112,Qatar,219.51,False
adc5ff,United States,255.56,False
c03069,Canada,92.05,False
c03064,Canada,201.37,False
06a10d,Qatar,258.3,False
06a10e,Qatar,240.39,False
06a10c,Qatar,262.43,False
a6aa6e,United States,233.34,False
801527,India,218.48,False
a30ca8,United States,39.35,False
406a59,United Kingdom,190.28,False
06a129,Qatar,186.94,False
a851e5,United States,171.09,False
801534,India,240.16,False
06a122,Qatar,258.71,False
e4a125,Brazil,223.72,False
06a11e,Qatar,151.38,False
a8fd5a,United States,189.89,False
780997,China,213.84,False
06a137,Qatar,78.11,False
ac5700,United States,0.0,True
a51968,United States,203.36,False
e4a131,Brazil,240.61,False
a5195d,United States,55.71,False
06a12e,Qatar,278.42,False
06a12a,Qatar,249.96,False
407d5b,United Kingdom,0.06,True
406a34,United Kingdom,224.45,False
a01675,United States,39.56,False
06a147,Qatar,244.51,False
c0307a,Canada,226.63,False
a91d8e,United States,139.56,False
a7dd9e,United States,8.23,True
a13650,United States,233.07,False
a36344,United States,111.09,False
06a13c,Qatar,256.96,False
a0acff,United States,125.19,False
06a13d,Qatar,251.0,False
06a13a,Qatar,212.75,False
06a13b,Qatar,254.03,False
406a9c,United Kingdom,258.18,False
a9d4b5,United States,3.6,True
ac5723,United States,224.56,False
06a153,Qatar,217.09,False
a36347,United States,125.19,False
80155b,India,8.23,True
ad7701,United States,233.82,False
ab7dc7,United States,81.28,False
48e899,Poland,238.43,False
48c234,Poland,225.78,False
06a14b,Qatar,252.86,False
7c1ae7,Australia,100.4,False
a3897f,United States,81.84,False
06a14a,Qatar,251.69,False
48c230,Poland,235.25,False
48e893,Poland,244.9,False
a48315,United States,215.12,False
a6aa47,United States,77.34,False
a6bd78,United States,233.56,False
a3d90a,United States,194.41,False
a5f1ca,United States,226.94,False
a48307,United States,281.97,False
a24333,United States,154.42,False
ac5746,United States,201.23,False
7c2dfe,Australia,62.21,False
7c1acf,Australia,250.22,False
aa02f1,United States,62.94,False
a2ffcb,United States,59.83,False
7c1ac5,Australia,0.06,True
a25678,United States,208.64,False
a25674,United States,81.91,False
a90a29,United States,50.31,False
a8b4c6,United States,0.0,True
ab243f,United States,266.89,False
a984bb,United States,28.85,False
aca728,United States,157.86,False
7c1abb,Australia,183.92,False
a05e02,United States,3.6,True
a9d605,United States,106.78,False
acee2a,United States,55.62,False
80159f,India,243.89,False
a028c4,United States,45.1,False
aaae79,United States,0.0,True
a80fe5,United States,15.43,True
aa4ac9,United States,0.32,True
a73329,United States,85.49,False
a8a309,United States,200.07,False
80156e,India,210.63,False
a62695,United States,188.36,False
abbb2c,United States,247.28,False
ad0e61,United States,162.12,False
a7eff7,United States,108.79,False
a80ffc,United States,69.88,False
ac9e77,United States,234.11,False
85186a,Japan,226.27,False
ac8b43,United States,73.92,False
a3b398,United States,140.86,False
a4c03c,United States,38.31,False
c03003,Canada,0.0,True
a7598c,United States,248.41,False
c03001,Canada,241.42,False
7c1b6f,Australia,62.86,False
a1239d,United States,126.57,False
801595,India,228.47,False
ac42bf,United States,232.51,False
a6cffc,United States,206.8,False
801590,India,186.95,False
801594,India,229.45,False
0d03f3,Mexico,228.99,False
aca5f2,United States,147.01,False
a86605,United States,183.0,False
a66ca5,United States,279.63,False
a1ce16,United States,231.69,False
7c2da9,Australia,47.16,False
aca5e5,United States,242.77,False
a002a2,United States,52.03,False
a0ae33,United States,193.4,False
407d44,United Kingdom,222.13,False
a5198f,United States,56.7,False
a3b345,United States,45.54,False
a0f092,United States,68.84,False
a79fcf,United States,56.41,False
adb2c7,United States,216.11,False
abbb77,United States,217.82,False
a66cd7,United States,239.73,False
06a109,Qatar,249.42,False
a7efa2,United States,80.86,False
06a104,Qatar,267.02,False
06a101,Qatar,79.19,False
a5aff2,United States,233.56,False
a04b68,United States,67.35,False
885106,Thailand,223.8,False
a5e095,United States,176.6,False
7892a5,China,190.2,False
7892a3,China,236.21,False
a42e13,United States,188.43,False
407bdc,United Kingdom,197.76,False
a9605b,United States,256.99,False
c819dc,New Zealand,127.32,False
c819de,New Zealand,124.14,False
a78e09,United States,246.56,False
a3c5ad,United States,240.44,False
06a0b8,Qatar,133.76,False
a2ee10,United States,34.47,False
aaf094,United States,40.8,False
06a0af,Qatar,244.38,False
a3fb13,United States,54.57,False
a96035,United States,52.56,False
06a0ab,Qatar,208.99,False
a135cb,United States,249.79,False
0ac9ef,Colombia,231.29,False
ab48bf,United States,227.36,False
0ac9ee,Colombia,231.01,False
06a0c1,Qatar,250.1,False
88510d,Thailand,220.01,False
88510a,Thailand,264.99,False
a96046,United States,82.6,False
06a0be,Qatar,247.4,False
adb35c,United States,270.77,False
a388af,United States,226.73,False
a28b00,United States,4.89,True
885116,Thailand,223.21,False
885115,Thailand,248.13,False
a28b5b,United States,215.94,False
ab6b02,United States,239.02,False
4bb721,Turkey,68.32,False
4bb722,Turkey,256.55,False
a9d63b,United States,241.01,False
68000c,Bhutan,218.6,False
06a0e9,Qatar,256.29,False
7c2e7e,Australia,83.25,False
06a0e7,Qatar,250.34,False
06a0e4,Qatar,257.8,False
06a0e5,Qatar,264.99,False
a495bf,United States,236.23,False
a9d651,United States,126.59,False
a78cfc,United States,199.04,False
ac9e23,United States,0.0,True
a41b22,United States,36.74,False
a242c3,United States,236.84,False
06a0f9,Qatar,270.99,False
a362a9,United States,221.27,False
06a0f4,Qatar,132.41,False
a362b2,United States,234.71,False
a8a319,United States,49.39,True
a495b4,United States,242.56,False
ab35cb,United States,140.01,False
aaae52,United States,240.63,False
a9d630,United States,222.58,False
a362a2,United States,220.87,False
a04b92,United States,235.4,False
06a0fc,Qatar,255.42,False
a5f2ac,United States,38.95,False
ab4994,United States,39.13,False
ad7634,United States,260.78,False
ad1fcf,United States,156.4,False
71c759,Republic of Korea,233.97,False
acffbe,United States,195.37,False
a53b69,United States,238.44,False
71c751,Republic of Korea,202.98,False
71c752,Republic of Korea,8.23,True
a865c8,United States,0.0,True
aaf002,United States,0.0,True
a8b5ad,United States,221.67,False
a7de30,United States,31.91,False
abccc5,United States,291.56,False
71c747,Republic of Korea,179.19,False
ac9cd0,United States,66.2,False
a9d5a2,United States,231.24,False
a4d2da,United States,79.46,False
71c740,Republic of Korea,1.03,True
c054b3,Canada,134.86,False
acb953,United States,201.24,False
a6ab27,United States,246.32,False
aaf007,United States,183.54,False
ad7657,United States,145.59,False
e4a07c,Brazil,172.34,False
600b21,Azerbaijan,233.19,False
06a19f,Qatar,256.59,False
a495ef,United States,169.66,False
a1bb83,United States,0.0,True
06a19d,Qatar,259.1,False
a9b088,United States,248.39,False
ab101c,United States,33.13,False
5004cc,San Marino,0.06,True
a65b65,United States,50.53,False
aa4b32,United States,134.63,False
7808a3,China,233.07,False
5004d9,San Marino,272.02,False
ad763b,United States,230.46,False
8013ed,India,4.12,True
71c765,Republic of Korea,132.13,False
a7cb0b,United States,239.77,False
a495e9,United States,226.58,False
aa28f2,United States,231.85,False
7808ab,China,215.63,False
adb329,United States,134.69,False
71c718,Republic of Korea,172.2,False
71c711,Republic of Korea,182.53,False
a04aa9,United States,202.42,False
abccf3,United States,32.49,False
a01767,United States,,False
710dc3,Saudi Arabia,237.03,False
a37713,United States,90.17,False
7808c6,China,142.81,False
7808c4,China,4.37,True
ad5023,United States,174.78,False
a9b06f,United States,95.89,False
a12429,United States,238.22,False
71c705,Republic of Korea,1.29,True
a66e3b,United States,142.94,False
7808bc,China,211.81,False
a91e11,United States,95.25,False
7808bd,China,141.35,False
a05de2,United States,102.89,False
a66e49,United States,115.38,False
a3c5f3,United States,51.3,False
71c700,Republic of Korea,226.22,False
a1373d,United States,264.62,False
71c701,Republic of Korea,198.61,False
a54e71,United States,86.94,False
a05ddc,United States,252.33,False
a638f5,United States,27.57,False
0ac9bd,Colombia,134.64,False
885176,Thailand,225.56,False
71c735,Republic of Korea,145.39,False
ac3053,United States,221.86,False
a77b0e,United States,5.14,True
39ce24,France,0.77,True
adc65e,United States,232.28,False
a482fc,United States,122.28,False
a12403,United States,223.87,False
0ac9ad,Colombia,9.77,True
a9b04f,United States,33.72,False
a54e88,United States,33.99,False
a05dbc,United States,15.43,True
a9607d,United States,205.6,False
a41b89,United States,238.38,False
c067ae,Canada,1.8,True
e49406,Brazil,189.18,False
a21b74,United States,197.5,False
7c35e7,Australia,171.54,False
ac1c12,United States,118.3,False
408120,United Kingdom,195.49,False
aa56da,United States,243.28,False
a21b5f,United States,48.43,False
a808ba,United States,27.27,False
abd9d9,United States,211.86,False
7c6b41,Australia,207.76,False
7c6b40,Australia,214.89,False
a57b1e,United States,222.16,False
880458,Thailand,205.17,False
880456,Thailand,202.61,False
a34e6a,United States,241.67,False
4b1809,Switzerland,,True
0d0c02,Mexico,221.23,False
7c6b1b,Australia,157.45,False
a798c6,United States,126.14,False
7c6b31,Australia,1.29,True
a1fb4b,United States,232.5,False
a71e29,United States,228.81,False
aa8c0e,United States,24.83,False
880443,Thailand,218.16,False
4952cb,Portugal,8.23,True
a282e5,United States,231.75,False
7c6b35,Australia,191.48,False
aa69f9,United States,188.4,False
a10e8b,United States,209.99,False
7c6b0f,Australia,0.0,True
0d0c14,Mexico,217.85,False
7c6b0b,Australia,209.96,False
aaa6e4,United States,253.56,False
0d0c19,Mexico,129.67,False
a7e8bf,United States,251.39,False
a21b44,United States,144.49,False
aa8c10,United States,177.67,False
ac83b7,United States,34.39,False
aa56b5,United States,244.31,False
a808d7,United States,190.66,False
a1fb33,United States,225.07,False
aa8c07,United States,61.84,False
a665f1,United States,221.08,False
88045a,Thailand,219.48,False
7c6b18,Australia,220.87,False
7c6b17,Australia,181.89,False
4952ab,Portugal,234.0,False
4952ac,Portugal,152.44,False
7c6b14,Australia,0.32,True
ac2f83,United States,232.51,False
ae26bd,United States,31.08,False
ae26be,United States,48.69,False
ab0f8f,United States,254.97,False
4952b2,Portugal,230.53,False
e49444,Brazil,239.01,False
e49445,Brazil,0.0,True
abb3b6,United States,224.1,False
a2d2eb,United States,215.93,False
4952a2,Portugal,251.17,False
e4944f,Brazil,0.0,True
4952a3,Portugal,250.54,False
abb3be,United States,268.23,False
4952a4,Portugal,250.0,False
4952a6,Portugal,238.27,False
0a00c3,Algeria,246.17,False
a34e9d,United States,180.49,False
ac1c76,United States,274.93,False
408142,United Kingdom,0.0,True
a798b9,United States,78.51,False
a7c39a,United States,56.18,False
7c6b3b,Australia,66.95,False
7c6b3d,Australia,0.9,True
ad4f81,United States,257.19,False
a7608e,United States,277.63,False
a94b51,United States,166.66,False
c01b6c,Canada,262.65,False
a94b50,United States,231.4,False
c02e9b,Canada,2.06,True
0d0acd,Mexico,89.02,False
3c65a2,Germany,276.66,False
a94b4b,United States,231.66,False
4b187d,Switzerland,273.03,False
4b187f,Switzerland,0.0,True
ae5abe,United States,52.63,False
a902ae,United States,183.69,False
3c65ad,Germany,226.43,False
ab649a,United States,250.61,False
ae2777,United States,64.21,False
4b1883,Switzerland,1.29,True
4b1885,Switzerland,147.67,False
4b1887,Switzerland,248.95,False
a05776,United States,224.04,False
861f44,Japan,141.83,False
ae143f,United States,129.12,False
4b1882,Switzerland,214.9,False
8686aa,Japan,199.87,False
a8f5be,United States,5.14,True
7c1065,Australia,50.87,False
a7c2f6,United States,220.56,False
acd486,United States,231.54,False
ae279b,United States,56.3,False
a45b96,United States,223.16,False
a6eb85,United States,111.13,False
aab9a3,United States,49.6,False
ae5ae3,United States,20.25,False
a70b8c,United States,86.74,False
7c48ca,Australia,40.67,False
a10dee,United States,87.04,False
aaef02,United States,69.49,False
7c6b07,Australia,218.02,False
0c4184,Dominican Republic,228.52,False
a1a110,United States,189.86,False
c02e5e,Canada,86.14,False
a6eb34,United States,52.88,False
ac2f18,United States,236.17,False
861f00,Japan,244.71,False
a71e5c,United States,64.82,False
a83e49,United States,228.15,False
861f1a,Japan,215.72,False
abd9b6,United States,204.89,False
c02e91,Canada,180.17,False
a6a2d0,United States,48.12,False
c01b4f,Canada,198.37,False
a57b8b,United States,276.1,False
aa9f6c,United States,49.5,False
c01b3c,Canada,34.14,False
a0dab2,United States,7.72,True
0d0abd,Mexico,223.35,False
aa56f7,United States,204.26,False
0d0abf,Mexico,174.25,False
ab0f3d,United States,34.2,False
ac2f37,United States,93.14,False
3c65a1,Germany,243.46,False
c082c2,Canada,205.32,False
a16441,United States,55.9,False
716ff8,Saudi Arabia,253.29,False
a58de0,United States,3.6,True
758369,Philippines,235.99,False
a6fda3,United States,252.32,False
a57aab,United States,228.23,False
a2c125,United States,51.06,False
c8243a,New Zealand,107.2,False
ac972d,United States,44.45,False
a03196,United States,114.5,False
ab774b,United States,233.59,False
ac2db7,United States,93.14,False
c8244b,New Zealand,93.65,False
48469c,Kingdom of the Netherlands,10.29,True
e4808c,Brazil,3.09,True
a39113,United States,4.63,True
ad072a,United States,252.53,False
7c362d,Australia,4.12,True
a1512f,United States,35.33,False
75832f,Philippines,0.64,True
a1b449,United States,199.22,False
a65454,United States,243.65,False
7c3631,Australia,72.03,False
a69ac6,United States,36.68,False
ac7103,United States,98.01,False
a42752,United States,0.51,False
abb40e,United States,116.35,False
7c3637,Australia,2.57,True
a7d725,United States,111.12,False
86d5fa,Japan,0.51,True
a40164,United States,42.0,False
861e78,Japan,183.32,False
86d5b6,Japan,247.82,False
aaa783,United States,214.8,False
3b7b65,France,0.0,True
49530a,Portugal,193.4,False
49530c,Portugal,0.0,True
ac7115,United States,229.81,False
e492aa,Brazil,75.12,False
a3915a,United States,229.58,False
a08c12,United States,51.66,False
84cb66,Japan,195.48,False
a6b714,United States,47.66,False
7c7cf7,Australia,36.13,False
a94b72,United States,239.0,False
a58dc2,United States,151.74,False
ae2761,United States,58.13,False
861e92,Japan,211.43,False
ae2764,United States,56.0,False
a65405,United States,70.63,False
495305,Portugal,182.66,False
a94b6b,United States,243.08,False
495308,Portugal,189.95,False
a33afd,United States,190.03,False
abfac6,United States,192.71,False
ac1ad7,United States,251.84,False
abc780,United States,221.09,False
495301,Portugal,256.02,False
a4bdb9,United States,8.75,True
495304,Portugal,192.66,False
a3f436,United States,8.75,True
adf413,United States,155.82,False
ad077b,United States,6.69,True
7c1013,Australia,0.0,False
a53436,United States,186.33,False
a3913b,United States,160.51,False
c81190,New Zealand,65.41,False
758307,Philippines,215.61,False
7c499a,Australia,39.7,False
a0b9f7,United States,138.27,False
a0a6c5,United States,0.0,True
408086,United Kingdom,228.47,False
a0dc17,United States,55.56,False
acd2be,United States,4.12,True
a94ae5,United States,240.02,False
a64172,United States,69.78,False
abb2d5,United States,226.91,False
a10f4a,United States,60.71,False
a043c4,United States,152.36,False
a8f77c,United States,264.46,False
a043c8,United States,54.21,False
a70aed,United States,241.93,False
e4936a,Brazil,248.87,False
0d0b66,Mexico,5.14,True
c08354,Canada,116.33,False
a76154,United States,195.0,False
c02cfc,Canada,266.19,False
e48044,Brazil,179.68,False
e48045,Brazil,236.38,False
abb2e7,United States,0.77,True
a1c6a8,United States,236.82,False
a08c0d,United States,245.6,False
ac1b8a,United States,55.6,False
a8f762,United States,297.56,False
408067,United Kingdom,202.41,False
7c6a85,Australia,37.28,False
c87f27,New Zealand,101.72,False
c87f24,New Zealand,0.0,True
40804e,United Kingdom,225.64,False
a0a6b3,United States,53.35,False
0ca2f0,Antigua and Barbuda,109.83,False
abb2fe,United States,270.24,False
a189f2,United States,234.81,False
a069fd,United States,34.47,False
0d0b7c,Mexico,146.23,False
c87f39,New Zealand,138.77,False
a76179,United States,136.42,False
0d0b92,Mexico,0.51,True
3c6705,Germany,237.24,False
3c6704,Germany,273.62,False
3c6703,Germany,249.24,False
3c6707,Germany,108.97,False
a4aae4,United States,142.75,False
a95dd3,United States,227.57,False
a1fc3b,United States,175.94,False
a91764,United States,149.62,False
a8e428,United States,44.86,False
a82aa0,United States,285.31,False
a163f2,United States,235.45,False
3c6719,Germany,2.31,True
a21c4c,United States,130.29,False
a82aa8,United States,208.61,False
a2f9dd,United States,65.47,False
ae5b6b,United States,55.66,False
a21c53,United States,224.11,False
a65484,United States,204.06,False
758384,Philippines,159.91,False
a163c2,United States,66.89,False
0d0b39,Mexico,144.71,False
a043cb,United States,234.77,False
3c670a,Germany,252.21,False
e48053,Brazil,213.51,False
3c670e,Germany,233.19,False
a030b1,United States,158.29,False
ac9709,United States,1.29,True
c08335,Canada,293.11,False
ac970f,United States,226.47,False
aa9de7,United States,140.35,False
40808c,United Kingdom,254.29,False
a10f86,United States,58.47,False
7c4927,Australia,220.14,False
7c4928,Australia,286.23,False
a7b106,United States,101.78,False
ab772d,United States,278.5,False
a64163,United States,154.53,False
a65490,United States,287.07,False
a163bd,United States,61.22,False
868710,Japan,256.13,False
a4bf70,United States,256.97,False
a4bf72,United States,7.78,False
aa7a1f,United States,187.15,False
a666cd,United States,239.65,False
abc7c6,United States,94.23,False
ace7aa,United States,275.24,False
a83f30,United States,208.9,False
c02ed9,Canada,291.07,False
a809e2,United States,54.97,False
a533bd,United States,0.0,True
a5cc37,United States,246.06,False
a5cc35,United States,273.98,False
a3f3e5,United States,253.06,False
7c6c53,Australia,92.68,False
7c6c52,Australia,254.65,False
aa57df,United States,269.82,False
ac97ce,United States,46.34,False
abfd23,United States,243.32,False
a533ca,United States,160.23,False
a45c44,United States,102.31,False
7c7f5c,Australia,47.12,False
ac0a22,United States,244.11,False
aa57e6,United States,145.81,False
7c6c2b,Australia,53.53,False
ab9a32,United States,218.79,False
a34f87,United States,129.49,False
40820e,United Kingdom,8.75,True
abc7e9,United States,232.37,False
7c7f77,Australia,52.22,False
40820f,United Kingdom,213.42,False
a2e6dd,United States,32.7,False
710411,Saudi Arabia,277.15,False
abfd39,United States,262.24,False
c08537,Canada,207.98,False
408213,United Kingdom,229.6,False
a809f8,United States,241.79,False
a2d3b3,United States,173.26,False
a6c9ed,United States,53.47,False
a7e9e7,United States,73.78,False
a6ec0b,United States,186.35,False
ac84cc,United States,88.52,False
c821ba,New Zealand,88.04,False
a5df82,United States,75.62,False
a809de,United States,124.66,False
ae14ab,United States,74.95,False
a390ed,United States,239.28,False
4690e2,Greece,242.97,False
4b5da7,Switzerland,4.89,True
ac71ad,United States,237.78,False
a4bf39,United States,9.79,False
a0a811,United States,52.23,False
ae4a19,United States,91.14,False
aa57b4,United States,38.34,False
a546c9,United States,2.83,True
a76192,United States,148.35,False
7c6c97,Australia,166.68,False
7c6c92,Australia,243.47,False
ad3d4e,United States,229.55,False
4690ea,Greece,201.59,False
40825f,United Kingdom,226.01,False
ae14ce,United States,107.07,False
408262,United Kingdom,0.0,True
aba1c9,United States,271.69,False
4a2aac,Romania,240.69,False
abb4ea,United States,230.97,False
c02eb9,Canada,236.67,False
a8e46d,United States,136.62,False
adf4ad,United States,78.09,False
a5cc19,United States,242.77,False
a4ac33,United States,16.02,False
a5cc11,United States,197.45,False
ac71df,United States,250.78,False
3c656f,Germany,174.14,False
a4bf4d,United States,85.19,False
ae4a28,United States,83.91,False
a400b2,United States,232.28,False
e49312,Brazil,210.5,False
ae01a1,United States,198.4,False
a16534,United States,259.09,False
758403,Philippines,242.73,False
abb595,United States,231.99,False
78206d,China,235.57,False
7c7f08,Australia,0.9,True
a34eb4,United States,52.79,False
ac858a,United States,241.14,False
ac7283,United States,238.56,False
3c64a1,Germany,248.3,False
a94c7b,United States,217.47,False
ae5bcd,United States,54.26,False
aa7a83,United States,218.67,False
a916fa,United States,49.94,False
abb59f,United States,231.69,False
aba281,United States,230.99,False
a2e806,United States,250.04,False
3c64ae,Germany,238.78,False
a2c0ff,United States,227.55,False
7c1179,Australia,96.44,False
a7b0d7,United States,52.08,False
ab77a4,United States,206.15,False
846a5b,Japan,251.49,False
e491ad,Brazil,141.21,False
4080f9,United Kingdom,258.92,False
aa31e8,United States,47.47,False
a45ba2,United States,191.14,False
7c7f53,Australia,60.91,False
aa7a61,United States,228.93,False
7c6c24,Australia,152.98,False
a5cc4c,United States,237.15,False
a27220,United States,78.51,False
a7c3a2,United States,31.34,False
0a009c,Algeria,207.38,False
a6a3c2,United States,0.45,True
a8e3b3,United States,253.92,False
a1c868,United States,182.17,False
e491f0,Brazil,200.12,False
02a1ac,Tunisia,78.43,False
abfd00,United States,131.44,False
a83f8c,United States,2.31,True
846a16,Japan,146.13,False
aa7a3c,United States,227.63,False
a903c4,United States,239.06,False
ab77d5,United States,235.15,False
a0589c,United States,45.11,False
0a007d,Algeria,234.43,False
a903b9,United States,60.52,False
a22ef3,United States,252.37,False
a69c8c,United States,202.32,False
a0eeea,United States,218.33,False
a4281d,United States,227.95,False
7c7f0e,Australia,85.85,False
0a0086,Algeria,248.66,False
c82335,New Zealand,142.22,False
a1fbff,United States,147.47,False
c82336,New Zealand,121.17,False
ad4eb5,United States,265.94,False
ace81d,United States,134.73,False
ac9850,United States,117.96,False
3c64fa,Germany,253.55,False
4080a2,United Kingdom,6.94,True
a3f579,United States,204.3,False
a2d573,United States,250.22,False
a6b840,United States,95.47,False
a45bd7,United States,165.3,False
7c1119,Australia,50.41,False
78211f,China,151.32,False
aa4535,United States,5.4,True
a2725d,United States,127.55,False
ace829,United States,49.73,False
a5dee3,United States,246.34,False
a6686c,United States,55.8,False
a21bea,United States,193.89,False
7c6aa0,Australia,43.3,False
a69bcd,United States,227.73,False
a33bcf,United States,96.06,False
a70bd1,United States,191.9,False
a65560,United States,238.4,False
ad0851,United States,213.9,False
a39226,United States,37.81,False
ac1bbf,United States,209.81,False
ad4eba,United States,154.62,False
a1c88f,United States,0.0,True
ac7218,United States,270.12,False
a5cbd9,United States,31.98,False
a70bc9,United States,103.06,False
abb52c,United States,239.23,False
aadbe1,United States,49.31,False
a0a7a0,United States,177.84,False
aa9eb3,United States,226.41,False
a057c7,United States,233.68,False
4080df,United Kingdom,219.26,False
769105,Singapore,281.36,False
abfbaf,United States,60.78,False
a2c27e,United States,1.03,True
ab5250,United States,51.68,False
4080e2,United Kingdom,182.46,False
a39289,United States,0.0,True
7c6af1,Australia,6.94,True
7c6af0,Australia,120.35,False
e491a1,Brazil,206.84,False
ac8577,United States,203.33,False
7c6af9,Australia,119.94,False
aadbea,United States,55.46,False
7c6aec,Australia,96.43,False
a057cc,United States,244.28,False
abfbd0,United States,209.22,False
a40270,United States,42.34,False
7c6aef,Australia,71.06,False
a6fea8,United States,45.82,False
ac8583,United States,211.16,False
ac8588,United States,219.02,False
c02f21,Canada,214.33,False
aa580f,United States,241.37,False
ab525f,United States,202.11,False
4080bb,United Kingdom,181.79,False
abb579,United States,155.07,False
3c64f5,Germany,261.51,False
782187,China,204.45,False
ac7261,United States,137.5,False
a64208,United States,20.06,False
78217b,China,230.8,False
0d0a9a,Mexico,247.27,False
a54888,United States,72.02,False
4080b6,United Kingdom,2.83,True
ac857b,United States,9.77,True
3c64ee,Germany,142.02,False
ae5bac,United States,45.16,True
ae5baa,United States,69.97,False
abfc97,United States,273.63,False
861ebc,Japan,141.36,False
0d84f6,Venezuela,140.98,False
408184,United Kingdom,225.68,False
408181,United Kingdom,221.22,False
469101,Greece,234.37,False
e49221,Brazil,241.54,False
a1fd03,United States,113.3,False
4b15db,Switzerland,270.74,False
c08497,Canada,261.85,False
a40296,United States,87.69,False
40815b,United Kingdom,223.21,False
a7c53c,United States,179.05,False
a7888c,United States,168.82,False
a9aebc,United States,207.12,False
7c2411,Australia,79.56,False
a1ea32,United States,239.72,False
a1a1b6,United States,141.86,False
a33d62,United States,249.07,False
ae5c9c,United States,0.0,True
c0843a,Canada,103.69,False
a89545,United States,154.51,False
a71efa,United States,2.57,True
a64264,United States,41.65,False
a83ef5,United States,1.03,True
0d0a08,Mexico,222.58,False
a76235,United States,241.55,False
e49294,Brazil,238.9,False
a271b0,United States,143.52,False
a20a42,United States,62.93,False
a5cbf3,United States,161.62,False
861eb4,Japan,248.25,False
a1b4ab,United States,261.98,False
ab6519,United States,218.34,False
7103d6,Saudi Arabia,252.61,False
aa8be5,United States,148.04,False
a031bd,United States,0.45,True
abc80c,United States,264.69,False
c0712e,Canada,257.79,False
0d0a0d,Mexico,242.18,False
a7c564,United States,88.12,False
0d0a26,Mexico,59.6,False
a19a48,United States,168.6,False
a8f84d,United States,34.68,False
a2f6e9,United States,189.04,False
7820a8,China,159.4,False
7820a7,China,209.27,False
a59f53,United States,5.92,True
7820a3,China,188.5,False
ab0d21,United States,75.67,False
a6d9c3,United States,240.32,False
acd296,United States,229.34,False
a96f07,United States,0.06,True
a58c29,United States,0.0,True
0d0e3a,Mexico,177.85,False
a34c2f,United States,4.12,True
7c6d78,Australia,204.91,False
aaed0c,United States,102.38,False
a2f6c4,United States,54.53,False
a5a6c1,United States,248.33,False
a449e5,United States,264.04,False
ad4d12,United States,233.86,False
a58c2e,United States,223.34,False
a676c4,United States,229.77,False
7820bf,China,175.63,False
a2f6b3,United States,2.06,True
0d0e68,Mexico,236.57,False
aaed42,United States,54.2,False
7820d7,China,265.77,False
a72f2b,United States,192.81,False
7c6d53,Australia,51.25,False
a1b0e3,United States,0.0,True
c080dc,Canada,0.0,True
c080dd,Canada,252.09,False
a7c13d,United States,76.04,False
ab0d62,United States,119.71,False
a8913d,United States,167.62,False
151ddb,Russian Federation,257.88,False
a6b48f,United States,137.23,False
c820b6,New Zealand,232.73,False
46f0a0,Greece,7.72,True
7c6d9d,Australia,264.64,False
151dd3,Russian Federation,214.41,False
a59f15,United States,225.97,False
a1b0d4,United States,62.38,False
440c8c,Austria,245.29,False
440c8d,Austria,224.61,False
a689a5,United States,43.78,False
ab0d76,United States,102.54,False
86d96c,Japan,245.31,False
a423d7,United States,253.17,False
a6b47c,United States,257.92,False
7c6d8e,Australia,10.29,True
7c6d8d,Australia,201.29,False
7c6d8c,Australia,2.31,True
84106c,Japan,188.58,False
0d0e12,Mexico,173.55,False
abc4be,United States,223.97,False
0d0e14,Mexico,238.46,False
a34c68,United States,241.47,False
a1b0c6,United States,81.36,False
a689b8,United States,231.24,False
7820fd,China,231.22,False
ac94d5,United States,40.97,False
a423c4,United States,220.58,False
7c6d7c,Australia,250.16,False
a34c57,United States,217.79,False
a22c7c,United States,27.24,False
40920f,United Kingdom,229.08,False
7c6d96,Australia,0.0,True
0d0e29,Mexico,235.18,False
7c6d95,Australia,242.44,False
7c6d92,Australia,206.14,False
7c6d91,Australia,256.96,False
7c6d99,Australia,261.47,False
abc4d8,United States,211.27,False
a47f66,United States,41.21,False
a6fc4d,United States,42.69,False
a0b81e,United States,125.63,False
a0b81d,United States,140.44,False
a0b821,United States,5.66,True
ac2be9,United States,261.0,False
a0b826,United States,241.43,False
aaa590,United States,227.71,False
a783d7,United States,48.37,False
758533,Philippines,237.03,False
e490c2,Brazil,87.59,False
758532,Philippines,238.21,False
a770a2,United States,188.28,False
a650cd,United States,285.58,False
758531,Philippines,104.4,False
e490c3,Brazil,269.05,False
a72f91,United States,159.46,False
abb245,United States,233.19,False
a0b82f,United States,64.04,False
a7e6ce,United States,68.7,False
aaa58b,United States,93.63,False
c080a2,Canada,192.33,False
a770b1,United States,168.21,False
a0fea6,United States,211.52,False
a0681c,United States,256.57,False
ac2bfd,United States,236.63,False
8422f9,Japan,8.23,True
a5dc98,United States,224.67,False
a650f0,United States,192.47,False
a0b802,United States,274.91,False
a0b801,United States,249.72,False
a9bf27,United States,208.73,False
aa9d6e,United States,157.05,False
0c4353,Dominican Republic,245.18,False
0c4354,Dominican Republic,219.22,False
c080ac,Canada,242.63,False
ab627c,United States,220.66,False
a7d3d3,United States,0.0,True
a6b3da,United States,49.9,False
a05514,United States,77.51,False
a9ac07,United States,50.94,False
758507,Philippines,92.95,False
a3183d,United States,252.81,False
e490f1,Brazil,250.92,False
ab628a,United States,51.37,False
495171,Portugal,234.21,False
ab628c,United States,214.36,False
7c6d2b,Australia,79.15,False
a939e8,United States,243.9,False
a0b867,United States,238.3,False
a0b866,United States,237.84,False
aa9d69,United States,238.85,False
a35ec2,United States,201.16,False
48449a,Kingdom of the Netherlands,0.77,True
440c13,Austria,1.54,True
a10bbc,United States,239.57,False
7c6d30,Australia,61.73,True
a60f84,United States,117.29,False
a0a545,United States,290.87,False
a4380f,United States,0.0,True
a0ebab,United States,132.84,False
7c6d37,Australia,206.17,False
7c6d36,Australia,0.0,True
7c6d33,Australia,6.94,True
7c6d32,Australia,212.94,False
a17527,United States,233.07,False
c02c3d,Canada,24.4,False
84bb13,Japan,223.38,False
0d0cec,Mexico,229.07,False
a72f88,United States,47.66,False
a0b845,United States,0.0,True
a0b841,United States,6.43,True
84bb06,Japan,4.12,True
a806e0,United States,10.29,True
a0b849,United States,2.06,True
a0b848,United States,275.55,False
a7e6c7,United States,272.09,False
440c31,Austria,127.33,False
a7f9f4,United States,64.83,False
a6c6cb,United States,235.65,False
a05559,United States,239.7,False
a0a522,United States,4.12,True
aa67e1,United States,80.73,False
151e8d,Russian Federation,265.04,False
e4919f,Brazil,239.01,False
a1624e,United States,162.96,False
a5451a,United States,228.43,False
a2f880,United States,53.57,False
4259ce,United Kingdom,2.06,False
a53207,United States,242.74,False
a35efa,United States,241.01,False
a78500,United States,102.22,False
a31890,United States,225.5,False
a34bd5,United States,58.17,False
ad180d,United States,57.65,False
a35ef1,United States,202.65,False
c03f02,Canada,252.68,False
a79821,United States,184.69,False
ac3ea3,United States,235.39,False
a890fe,United States,240.45,False
a0a54d,United States,5.4,True
4006c1,United Kingdom,277.13,False
a29551,United States,234.15,False
c03f37,Canada,218.81,False
7c7ef0,Australia,129.3,False
c03f36,Canada,47.83,False
a0b889,United States,206.88,False
a23ef1,United States,9.26,True
a0b886,United States,261.76,False
a8e0e3,United States,138.7,False
a23edc,United States,38.66,False
a59ef7,United States,165.15,False
aa680e,United States,85.1,False
ac3eba,United States,257.98,False
a0b88f,United States,93.13,False
a0b88d,United States,228.78,False
a04263,United States,52.53,False
a0b88b,United States,199.49,False
a0b88a,United States,255.01,False
a53232,United States,226.41,False
a67805,United States,234.38,False
a95c89,United States,224.35,False
ac2ba0,United States,117.86,False
a46bf6,United States,89.26,False
a95c7e,United States,92.45,False
ab8880,United States,212.52,False
acf846,United States,246.66,False
a4389f,United States,0.06,True
abb205,United States,195.74,False
3991e1,France,225.67,False
a95c8f,United States,86.43,False
ac2bb6,United States,238.46,False
a890c7,United States,244.45,False
ac2bb9,United States,9.26,True
782297,China,236.62,False
ac3ee9,United States,256.48,False
7c259e,Australia,39.8,False
acf84e,United States,82.41,False
ac8217,United States,245.55,False
a0428a,United States,207.66,False
ac2bc6,United States,243.41,False
a4cea5,United States,113.95,False
a16273,United States,229.99,False
ab6247,United States,239.24,False
c08177,Canada,0.0,True
ac2bd5,United States,240.89,False
ac2bd9,United States,185.75,False
a1b23f,United States,30.97,False
0d0d92,Mexico,226.3,False
aaff8a,United States,36.7,False
151da4,Russian Federation,229.99,False
ae6c1d,United States,67.41,False
a0b7b7,United States,213.28,False
151da9,Russian Federation,27.85,False
7584a7,Philippines,219.73,False
a0b7b6,United States,179.3,False
a8e20f,United States,232.92,False
a6657e,United States,232.47,False
aa558a,United States,178.83,False
a9aba2,United States,238.43,False
abc3c6,United States,231.98,False
ac3f92,United States,152.21,False
ab0c7e,United States,38.67,False
3c6519,Germany,286.9,False
ac2c79,United States,232.46,False
ac3f9c,United States,232.8,False
a8f54f,United States,62.37,False
c0810c,Canada,53.15,False
ae6c21,United States,152.31,False
a96ecb,United States,255.41,False
a7858e,United States,238.2,False
151dc3,Russian Federation,275.47,False
841043,Japan,238.78,False
7c3809,Australia,140.06,False
c02ae3,Canada,178.79,False
7c6c9a,Australia,1.03,True
151db6,Russian Federation,244.48,False
e4910e,Brazil,248.05,False
aa9bcb,United States,44.86,False
151daa,Russian Federation,247.79,False
a6a24a,United States,16.88,False
a1b295,United States,52.26,False
4a91b3,Sweden,253.84,False
a2d25e,United States,241.4,False
a91556,United States,38.39,False
842388,Japan,224.38,False
aaec9c,United States,214.18,False
a10d56,United States,131.37,False
7c6ba4,Australia,73.78,False
ad4c96,United States,150.71,False
060035,Mauritius,115.73,False
a5a878,United States,34.47,True
a0b7df,United States,230.57,False
a0b7de,United States,269.66,False
a0b7dc,United States,236.08,False
a1c4b4,United States,39.54,False
a72ef7,United States,215.98,False
a4bbda,United States,237.75,False
a4bbde,United States,262.27,False
a0b7fa,United States,239.23,False
a5eedd,United States,77.46,False
a5a888,United States,232.07,False
c03db9,Canada,53.03,False
a91535,United States,222.72,False
a6a226,United States,47.92,False
a067f6,United States,248.66,False
0d0d75,Mexico,4.37,True
a66576,United States,210.94,False
a0b7d9,United States,256.29,False
ae6c7f,United States,2.12,False
a79898,United States,235.78,False
ae10e9,United States,0.0,True
aab812,United States,3.86,True
782227,China,222.44,False
ae6c84,United States,64.39,False
a80875,United States,49.48,False
a0ed34,United States,86.85,False
acd0cf,United States,243.67,False
48a5f0,Poland,119.04,False
a677be,United States,251.62,False
a08a6b,United States,0.0,True
a1b1af,United States,83.33,False
a797b4,United States,236.41,False
a08a85,United States,72.26,False
ac709b,United States,245.62,False
3e1988,Germany,92.26,False
a2e4c7,United States,227.22,False
aa55b5,United States,93.63,False
ac95a7,United States,248.73,False
a4aa17,United States,94.67,False
a1b1b1,United States,74.59,False
aa9e1f,United States,51.17,False
abd8c5,United States,38.24,False
aaee3b,United States,244.83,False
a437ce,United States,207.52,False
a807c7,United States,43.29,False
a174f7,United States,22.12,True
0d0d38,Mexico,252.55,False
0d0d37,Mexico,234.18,False
a8e279,United States,240.27,False
a10d82,United States,89.01,False
a34d52,United States,72.08,False
a1c4d8,United States,237.93,False
a0b7fe,United States,202.3,False
a6b4a4,United States,7.72,True
a0b7fb,United States,114.28,False
a2f7d7,United States,56.08,False
ac1b21,United States,234.61,False
aaa5d0,United States,53.61,False
a3f1c2,United States,233.52,False
abc5b8,United States,251.85,False
a544de,United States,110.53,False
a46d95,United States,228.51,False
ab62ad,United States,243.05,False
aadb37,United States,287.58,False
a8926a,United States,104.43,False
ac2e74,United States,0.0,True
a11fa1,United States,225.01,False
ab62d3,United States,198.19,False
408032,United Kingdom,224.14,False
a34d98,United States,207.13,False
a05614,United States,161.71,False
a2d1d5,United States,96.93,False
a8f58f,United States,46.58,False
a8f569,United States,54.15,False
a2d1bc,United States,244.18,False
a33a55,United States,212.23,False
a557c3,United States,240.69,False
a9026b,United States,0.0,True
aaa5ff,United States,2.31,True
a4bd24,United States,132.21,False
ab62f8,United States,217.44,False
a46d4e,United States,201.39,False
a8e247,United States,4.63,True
a46d4a,United States,266.66,False
ace5bc,United States,243.39,False
ace5bb,United States,225.48,False
aa305f,United States,263.85,False
a23fb9,United States,134.44,False
ab503a,United States,80.71,False
a23fb2,United States,3.34,True
a7d4e5,United States,0.06,True
ac7029,United States,200.38,False
75862c,Philippines,152.99,False
ab5056,United States,230.75,False
a5ca4b,United States,219.19,False
a6a1af,United States,40.77,False
86d9da,Japan,254.22,False
a11fe7,United States,219.91,False
440d70,Austria,95.65,False
ad4cf2,United States,226.4,False
a4aa94,United States,57.59,False
151e18,Russian Federation,27.66,False
a05629,United States,144.44,False
a7d4ea,United States,44.8,False
a95d3d,United States,236.83,False
aa42f7,United States,282.34,False
ae6cef,United States,29.45,False
ae2677,United States,23.38,False
c2bd23,Canada,69.82,False
a05633,United States,57.6,False
a17610,United States,47.03,False
a6b4ac,United States,225.98,False
0d0bac,Mexico,137.83,False
abb398,United States,60.47,False
a927d8,United States,32.41,False
86d9b0,Japan,142.0,False
a0434a,United States,45.33,False
ade025,United States,41.85,False
760916,Pakistan,244.51,False
0d0bbe,Mexico,206.83,False
c01a05,Canada,130.82,False
a28313,United States,48.55,False
ab88b6,United States,232.43,False
aa8b40,United States,228.18,False
49526b,Portugal,232.46,False
495278,Portugal,94.25,False
a09cfe,United States,202.81,False
0d0bce,Mexico,231.85,False
a35fab,United States,81.88,False
ad906f,United States,221.7,False
a11fda,United States,24.78,False
a95d09,United States,54.64,False
a35fc2,United States,5.4,True
a6a1b4,United States,0.0,True
a0a644,United States,69.96,False
7821b5,China,230.44,False
a0433b,United States,223.8,False
a39017,United States,142.9,False
a5330d,United States,61.26,False
a59ff4,United States,59.18,False
a67960,United States,220.21,False
7105b2,Saudi Arabia,247.51,False
ad1927,United States,282.7,False
a3900e,United States,277.01,False
a5a958,United States,62.8,False
ab761c,United States,252.61,False
a54650,United States,206.35,False
4247d1,United Kingdom,225.1,False
782360,China,233.69,False
a47fec,United States,44.54,False
aaa621,United States,216.85,False
84bb9b,Japan,66.79,False
a1b348,United States,66.24,False
a6c933,United States,116.46,False
a29680,United States,200.56,False
aa4300,United States,201.54,False
a46cc1,United States,235.01,False
151d76,Russian Federation,233.54,False
4007f0,United Kingdom,240.89,False
a47fde,United States,239.29,False
a3e011,United States,1.29,True
a15027,United States,69.96,False
a6a303,United States,0.0,True
a58ce5,United States,198.05,False
ae2602,United States,66.78,False
ab1fea,United States,51.88,False
a2e646,United States,215.36,False
7c6cda,Australia,41.97,False
0d0ba1,Mexico,183.08,False
782384,China,232.3,False
a5a971,United States,68.87,False
4baacc,Turkey,234.35,False
a65333,United States,77.01,False
a2f95c,United States,216.84,False
aaa63c,United States,45.32,False
495218,Portugal,148.91,False
a30657,United States,224.94,False
ac2cb2,United States,286.06,False
a1c64e,United States,252.16,False
a2f965,United States,30.95,False
495211,Portugal,1.29,True
7c398d,Australia,51.06,False
ab6339,United States,195.27,False
abc649,United States,245.31,False
ad5fe7,United States,286.12,False
abd971,United States,3.6,True
78105d,China,230.16,False
a27079,United States,32.2,False
a3904c,United States,66.4,False
aaecd7,United States,31.75,False
aaa668,United States,229.76,False
ace60c,United States,235.98,False
adafb5,United States,232.47,False
ab766a,United States,160.59,False
85db54,Japan,239.23,False
a42691,United States,58.41,False
a4cfb7,United States,227.17,False
a8e1f6,United States,241.89,False
a1a060,United States,88.68,False
7c005d,Australia,87.41,False
a3afe1,United States,131.43,False
a40027,United States,174.48,False
a8090d,United States,79.54,False
aa8a8a,United States,225.17,False
a901fe,United States,109.82,False
a7e906,United States,248.53,False
aab99f,United States,228.1,False
a2d359,United States,220.83,False
151d68,Russian Federation,234.63,False
acf987,United States,69.53,False
ad9003,United States,237.07,False
a78605,United States,196.15,False
a3aff0,United States,36.73,False
ace62b,United States,82.9,False
ab635d,United States,146.93,False
a3901d,United States,213.82,False
aa8a83,United States,262.28,False
aaa68a,United States,241.21,False
0d0c71,Mexico,124.81,False
a8e337,United States,123.0,False
abb1c2,United States,218.19,False
7c7fb7,Australia,89.53,False
a7869b,United States,226.74,False
a7d673,United States,237.72,False
7c391d,Australia,130.24,False
440bcf,Austria,0.0,True
7c391a,Australia,92.57,False
a2c087,United States,206.13,False
4ca9d2,Ireland,125.22,False
a6a354,United States,196.55,False
0d0c7c,Mexico,228.23,False
ac81d2,United States,0.0,True
a8e33a,United States,136.13,False
c8216e,New Zealand,197.26,False
0d0c93,Mexico,235.4,False
abfa65,United States,239.33,False
a8f646,United States,259.48,False
0a00ce,Algeria,263.17,False
c08260,Canada,188.03,False
0d0c8f,Mexico,220.07,False
a76066,United States,191.7,False
a7c363,United States,235.57,False
aa568f,United States,153.83,False
aa568e,United States,241.91,False
a9acb8,United States,233.97,False
a10e23,United States,240.35,False
ad4d80,United States,45.69,False
aa5690,United States,244.54,False
ac1a7b,United States,36.81,False
a09e47,United States,7.72,True
a0b8af,United States,218.23,False
a6a36e,United States,50.73,False
4ca9ed,Ireland,0.0,True
ad3a5f,United States,134.19,False
a318ea,United States,244.69,False
ac1a95,United States,188.24,False
a9bfc9,United States,69.25,False
e4904c,Brazil,141.14,False
a5dcde,United States,9.77,True
a305b0,United States,112.11,False
7c7fdb,Australia,47.4,False
aab922,United States,0.0,True
a91616,United States,246.43,False
ab7606,United States,33.75,False
7c7fd4,Australia,27.08,False
781003,China,156.93,False
440bbe,Austria,229.39,False
782332,China,234.47,False
7c6ca2,Australia,141.59,False
a318d0,United States,141.09,False
440bc1,Austria,111.55,False
440bc2,Austria,175.7,False
acf906,United States,0.0,True
4ca9cc,Ireland,175.04,False
a438b0,United States,3.09,True
aaffa2,United States,272.17,False
ab1fc5,United States,81.56,False
440bc0,Austria,176.98,False
abd90c,United States,251.02,False
ab1fbb,United States,205.78,False
a5338b,United States,83.06,False
ac3fa4,United States,245.75,False
a042d5,United States,156.28,False
a70f80,United States,276.88,False
c08887,Canada,187.63,False
a70f88,United States,201.66,False
a5cf82,United States,220.88,False
a2b0cd,United States,203.71,False
aa21bf,United States,6.69,True
4841c3,Kingdom of the Netherlands,251.04,False
846d0c,Japan,85.84,False
a883a7,United States,115.14,False
7c5c99,Australia,77.77,False
e49889,Brazil,203.11,False
a7fc19,United States,176.86,False
a380cb,United States,80.77,False
7822f4,China,244.6,False
e4988f,Brazil,264.91,False
ac74e4,United States,139.06,False
ac74f9,United States,170.39,False
c00bf1,Canada,160.71,False
48da45,Poland,43.8,False
ab9d92,United States,40.14,False
a896ed,United States,46.35,False
a5bc79,United States,79.45,False
a7b3c2,United States,4.89,True
ae4d3b,United States,50.27,False
aacd96,United States,3.09,True
400610,United Kingdom,270.65,False
a69f9d,United States,189.77,False
ad1a1d,United States,164.53,False
c00bf7,Canada,149.76,False
ae4d51,United States,35.7,False
ac74fc,United States,74.51,False
aa34d0,United States,37.95,False
ab9d9e,United States,288.56,False
4ca8fb,Ireland,253.75,False
400685,United Kingdom,266.35,False
ac61db,United States,138.96,False
a5cf41,United States,234.74,False
a656bf,United States,36.7,False
a6dc08,United States,226.8,False
aaba81,United States,234.02,False
acfa52,United States,203.39,False
a6a6b7,United States,231.74,False
a523ab,United States,268.78,False
ae04f3,United States,103.75,False
a523c6,United States,251.4,False
c07501,Canada,92.54,False
a5cf3f,United States,207.51,False
ad1a4e,United States,230.07,False
a3e3ca,United States,248.6,False
ad81bb,United States,59.48,False
7cac7c,Australia,2.83,True
a3f6fe,United States,42.95,False
c08866,Canada,216.68,False
7585dd,Philippines,140.78,False
c08864,Canada,181.06,False
c08862,Canada,256.01,False
c0885e,Canada,266.49,False
c08857,Canada,142.72,False
ae04ef,United States,120.43,False
c08852,Canada,247.59,False
7585ed,Philippines,7.72,True
c01ed0,Canada,223.02,False
c08851,Canada,197.94,False
7585ea,Philippines,228.6,False
a2b0ed,United States,226.48,False
c0884f,Canada,223.32,False
a9e167,United States,1.29,True
abda7d,United States,292.96,False
a28812,United States,241.89,False
a8f9a3,United States,201.69,False
c08859,Canada,117.97,False
758766,Philippines,186.5,False
acb285,United States,242.32,False
0accd6,Colombia,0.0,True
70c150,Oman,248.48,False
a3951c,United States,102.2,False
75874b,Philippines,233.92,False
acb27c,United States,273.13,False
7c39f1,Australia,189.66,False
a07bef,United States,203.72,False
a0224c,United States,122.07,False
758774,Philippines,251.26,False
a3e525,United States,15.43,True
758771,Philippines,240.44,False
a4aeaf,United States,176.71,False
75875f,Philippines,244.08,False
a07bfa,United States,44.43,False
aa8fa7,United States,65.95,False
70c13d,Oman,238.17,False
a2886c,United States,4.63,True
702f05,Bangladesh,6.94,False
c82870,New Zealand,123.02,False
a21ed4,United States,211.2,False
75872d,Philippines,256.09,False
75872c,Philippines,5.92,True
75872b,Philippines,216.43,False
a03574,United States,130.67,False
a33eb5,United States,156.39,False
a33eb1,United States,240.14,False
a6450b,United States,43.8,False
a32bf3,United States,230.92,False
e48519,Brazil,132.12,False
c060bc,Canada,194.69,False
c060bf,Canada,280.11,False
ab8a03,United States,38.39,False
a27595,United States,247.45,False
75870e,Philippines,148.23,False
70c10e,Oman,199.29,False
70c10b,Oman,254.3,False
70c10c,Oman,165.43,False
a20bee,United States,43.12,False
70c107,Oman,208.74,False
a81c5b,United States,28.85,False
70c103,Oman,238.33,False
ab9d47,United States,67.0,False
c073db,Canada,265.92,False
e4851a,Brazil,3.86,True
a32bcb,United States,192.16,False
c060c8,Canada,0.0,True
a906f3,United States,203.0,False
aa21ef,United States,232.92,False
c060c6,Canada,140.55,False
a1a56d,United States,191.94,False
c060c0,Canada,273.29,False
c073f4,Canada,0.0,True
a0cbf4,United States,40.96,False
7c39fa,Australia,162.07,False
7c39fb,Australia,156.0,False
a20be3,United States,67.08,False
a32bba,United States,251.58,False
a2c547,United States,93.6,False
aacd50,United States,205.15,False
a21efb,United States,109.54,False
a8d3af,United States,167.06,False
a38211,United States,113.64,False
a1feea,United States,235.84,False
7c39f5,Australia,157.84,False
70c124,Oman,251.43,False
a3e503,United States,204.83,False
7822bb,China,147.56,False
70c126,Oman,236.09,False
70c122,Oman,131.19,False
7c5c0a,Australia,82.93,False
a20bf5,United States,46.66,False
a27569,United States,48.94,False
a8d3c1,United States,125.85,False
a64578,United States,268.54,False
782479,China,197.25,False
781146,China,196.52,False
3a21e5,France,139.49,False
a75235,United States,135.04,False
abfee0,United States,238.3,False
a6588d,United States,54.69,False
ac0bc4,United States,200.11,False
781151,China,217.31,False
acd83d,United States,193.0,False
ae1842,United States,53.7,False
a4f260,United States,47.67,False
7c1470,Australia,217.22,False
a90881,United States,191.84,False
781165,China,188.81,False
781166,China,166.22,False
a32bfe,United States,138.28,False
ac6243,United States,236.21,False
ac7566,United States,182.39,False
78115f,China,256.77,False
c060b3,Canada,122.14,False
a81bcc,United States,4.12,True
abebbe,United States,236.91,False
aa220a,United States,84.66,False
896f9c,United Arab Emirates,0.51,False
a4f26b,United States,184.97,False
846bb6,Japan,201.89,False
770453,Sri Lanka,177.01,False
a4188e,United States,0.0,True
a7650b,United States,228.51,False
ac6266,United States,200.32,False
7c0196,Australia,59.02,False
a4f210,United States,52.08,False
0b4306,Guatemala,15.47,True
acb244,United States,60.84,False
ac757e,United States,44.67,False
781192,China,224.16,False
a3e55a,United States,223.04,False
872f7e,Japan,256.57,False
ac758a,United States,232.6,False
a287a4,United States,224.36,False
add249,United States,37.42,False
a6eed5,United States,90.06,False
ac6289,United States,222.81,False
a4f229,United States,76.85,False
a5123a,United States,67.2,False
758797,Philippines,58.71,False
a6eec9,United States,217.58,False
758794,Philippines,186.78,False
acc582,United States,70.0,False
a6587b,United States,244.12,False
a4f239,United States,198.96,False
a70ee6,United States,203.19,False
aa3509,United States,33.39,False
a394aa,United States,45.34,False
a1b7ea,United States,36.03,False
c06189,Canada,4.63,True
86787c,Japan,256.41,False
7c6da0,Australia,258.31,False
a20d4b,United States,28.83,False
a44d1c,United States,235.38,False
88084a,Thailand,162.22,False
c0617d,Canada,256.03,False
c0617c,Canada,177.0,False
c0617a,Canada,182.35,False
a06a5a,United States,0.06,True
a56d29,United States,57.11,False
a417bc,United States,140.44,False
c06178,Canada,196.98,False
846bfa,Japan,2.83,True
c06179,Canada,294.16,False
c06173,Canada,172.02,False
c06175,Canada,111.12,False
ae03ed,United States,149.68,False
880845,Thailand,232.41,False
880849,Thailand,196.81,False
c0616e,Canada,227.39,False
a68d02,United States,267.44,False
a1b7cd,United States,151.36,False
86789e,Japan,246.52,False
70c0ee,Oman,240.73,False
a657bf,United States,83.06,False
782419,China,250.08,False
a99262,United States,154.89,False
a99269,United States,89.29,False
c827f0,New Zealand,280.63,False
7609f0,Pakistan,196.91,False
7609f1,Pakistan,161.1,False
c0619b,Canada,176.24,False
c06197,Canada,196.36,False
a3e4d2,United States,79.61,False
76d108,Singapore,207.73,False
a5bd0b,United States,230.68,False
c0618e,Canada,199.37,False
a55a0c,United States,221.97,False
70c0f7,Oman,245.96,False
ab6851,United States,149.81,False
c0618c,Canada,286.08,False
a537ed,United States,145.57,False
7c6de2,Australia,271.8,False
781103,China,248.88,False
7c6de9,Australia,7.72,True
7c6de6,Australia,169.13,False
7c6de4,Australia,178.31,False
7c6de3,Australia,278.99,False
7c6dde,Australia,134.59,False
76d10a,Singapore,256.99,False
7c6ddd,Australia,191.57,False
7c6ddb,Australia,7.72,True
782445,China,217.13,False
a7c88c,United States,222.25,False
7c6dd4,Australia,232.35,False
a6dbf3,United States,0.0,True
78110a,China,151.01,False
78110b,China,238.65,False
add0eb,United States,33.88,False
ab4213,United States,62.89,False
c07498,Canada,39.56,False
783783,China,76.07,False
a31a34,United States,229.34,False
a1a4f8,United States,0.0,False
7609b6,Pakistan,141.16,False
7c6dc9,Australia,193.92,False
a3f7b8,United States,231.32,False
7609b0,Pakistan,232.84,False
7c6dbb,Australia,205.7,False
a537b2,United States,92.64,False
781134,China,242.93,False
84ceef,Japan,242.74,False
781132,China,224.86,False
7c6db7,Australia,187.64,False
7c6db6,Australia,79.41,False
7c6db3,Australia,86.88,False
a141f6,United States,251.46,False
7c6db2,Australia,265.46,False
7c6db1,Australia,90.45,False
ac6204,United States,218.4,False
aa7bea,United States,247.55,False
a0cd92,United States,42.2,False
a8e87b,United States,49.91,False
a4f1d8,United States,46.99,False
7810bd,China,250.72,False
acc5cd,United States,48.15,False
c00cec,Canada,65.58,False
c0766e,Canada,86.74,False
a897f4,United States,244.36,False
a8d4b0,United States,242.57,False
4baa47,Turkey,21.12,False
c05004,Canada,247.78,False
a2fa6a,United States,136.56,False
4baa54,Turkey,245.01,False
aa22e6,United States,231.82,False
4baa50,Turkey,1375.36,False
ac75fa,United States,244.43,False
ac62cc,United States,108.7,False
4baa4b,Turkey,240.52,False
ac75ee,United States,231.9,False
7810e9,China,253.62,False
4baa4c,Turkey,1264.62,False
aace8f,United States,173.93,False
4baa59,Turkey,246.67,False
a5aa3a,United States,2.83,True
add2b0,United States,188.89,False
a31a76,United States,292.85,False
3df743,Germany,0.0,False
a28904,United States,232.81,False
c0502e,Canada,234.81,False
acb2ba,United States,232.28,False
a6dd89,United States,216.49,False
a32d8b,United States,60.82,False
c05029,Canada,45.24,False
7cad4a,Australia,182.19,False
7c01bc,Australia,185.87,False
a5aa78,United States,157.35,False
c07682,Canada,91.81,False
8678c0,Japan,254.7,False
c0501e,Canada,8.23,True
7c4a50,Australia,136.21,False
c00cfe,Canada,97.46,False
ac62f3,United States,3.86,True
a03618,United States,236.07,False
aa7e74,United States,236.05,False
7c4a55,Australia,224.21,False
a2d92a,United States,111.08,False
acfb5c,United States,42.05,False
a07cd8,United States,206.46,False
abdb6b,United States,239.63,False
add2c4,United States,65.41,False
a21fbb,United States,74.22,False
a68d38,United States,226.73,False
a7c7a2,United States,0.51,True
add2ad,United States,236.85,False
a5aa17,United States,80.11,False
70c0fd,Oman,253.3,False
c01fbb,Canada,168.71,False
a524e1,United States,251.18,False
70c0ff,Oman,233.95,False
a657f4,United States,241.91,False
c1e603,Canada,1.54,True
acc5fb,United States,236.85,False
4a1921,Romania,248.13,False
3a3493,France,218.15,False
4baa65,Turkey,221.38,False
aa7e3a,United States,81.36,False
a5aa20,United States,151.38,False
3a3480,France,185.56,False
a28947,United States,222.47,False
7c2916,Australia,2.83,True
c82726,New Zealand,107.6,False
c82727,New Zealand,90.29,False
c01ff1,Canada,32.41,False
a07cc7,United States,163.78,False
a3d1e2,United States,30.0,False
4baa6e,Turkey,0.64,False
4baa6a,Turkey,258.54,False
a5aa1c,United States,218.54,False
abdb9a,United States,50.63,False
a3d302,United States,120.38,False
ab9e12,United States,245.94,False
a5cfa5,United States,263.83,False
a19cf6,United States,4.63,True
aa371b,United States,45.82,False
add376,United States,5.92,True
a7ea86,United States,227.79,False
a3962d,United States,224.95,False
a53975,United States,140.2,False
0acbb0,Colombia,0.0,True
a2c635,United States,10.8,True
a80a97,United States,71.0,False
ab9e27,United States,133.24,False
ac508b,United States,251.38,False
a69faa,United States,45.27,False
7c14a0,Australia,51.08,False
46f09e,Greece,3.86,True
abb8a0,United States,250.41,False
c82759,New Zealand,134.77,False
a3e658,United States,4.37,True
a68ca6,United States,186.49,False
a1a63d,United States,237.95,False
a1fff2,United States,165.05,False
a6594f,United States,247.46,False
71e276,Republic of Korea,44.22,False
c08934,Canada,0.77,True
ac75a5,United States,217.91,False
495065,Portugal,257.22,False
a1699a,United States,276.85,False
abb8c4,United States,228.13,False
a01037,United States,194.15,False
a6a92c,United States,61.95,False
71e260,Republic of Korea,46.57,False
a38367,United States,226.95,False
7cad48,Australia,0.0,True
7cad47,Australia,303.01,False
46f078,Greece,8.23,True
7c01aa,Australia,3.86,True
46f075,Greece,7.72,True
7cad49,Australia,83.14,False
46f076,Greece,8.23,True
7c4a41,Australia,141.26,False
a13060,United States,150.38,False
c061f8,Canada,53.38,False
7c01c2,Australia,118.75,False
88808e,Viet Nam,175.54,False
ac75b0,United States,0.0,True
7c4a45,Australia,271.24,False
a8d4f6,United States,259.55,False
a7b4ea,United States,99.31,False
a8d4ef,United States,0.0,False
a44cda,United States,229.07,False
a1ecff,United States,113.75,False
a52602,United States,1.03,True
7810a3,China,256.29,False
ae4e04,United States,2.3,False
c8276b,New Zealand,133.76,False
a44cca,United States,226.3,False
c8276c,New Zealand,119.35,False
4ca960,Ireland,246.35,False
7c4a32,Australia,60.86,False
ac62a9,United States,228.0,False
7c4a0c,Australia,80.79,False
abee3a,United States,31.08,False
3a46b5,France,127.68,False
a4afa0,United States,33.12,False
45d066,Denmark,214.85,False
48436c,Kingdom of the Netherlands,274.17,False
48436e,Kingdom of the Netherlands,221.94,False
c1e4c1,Canada,2.31,True
a8d4d2,United States,97.67,False
aba5c8,United States,57.69,False
7c14d0,Australia,32.23,False
a7a1e8,United States,2.57,True
7823dc,China,252.39,False
a8d4cc,United States,133.27,False
acc5a5,United States,191.28,False
a3965c,United States,132.02,False
a2b320,United States,4.12,True
484371,Kingdom of the Netherlands,282.3,False
7810c6,China,1.54,True
7823f6,China,225.71,False
a14380,United States,244.58,False
88809e,Viet Nam,220.34,False
758827,Philippines,70.51,False
88809d,Viet Nam,0.0,True
4ca86e,Ireland,251.55,False
aa3697,United States,61.41,False
a51382,United States,119.23,False
4005c1,United Kingdom,234.38,False
4005c0,United Kingdom,282.63,False
a75359,United States,218.3,False
a7798c,United States,81.85,False
77058d,Sri Lanka,253.07,False
abece7,United States,12.86,True
c061a2,Canada,252.68,False
a8996b,United States,174.75,False
4258bd,United Kingdom,5.66,True
ac0cf8,United States,144.07,False
aa234a,United States,215.08,False
e495cf,Brazil,78.42,False
ac899c,United States,54.79,False
aa3681,United States,48.66,False
e495b2,Brazil,83.97,False
ac6364,United States,224.48,False
ab436f,United States,237.96,False
a44cfd,United States,4.63,True
a8d635,United States,187.47,False
aa365b,United States,44.76,False
ab437a,United States,229.99,False
e495c6,Brazil,226.7,False
a7668a,United States,158.37,False
4258f0,United Kingdom,4.37,True
a89953,United States,166.38,False
a1ee31,United States,169.16,False
78129f,China,246.2,False
a07e5e,United States,50.93,False
a7c943,United States,148.09,False
a418b2,United States,232.05,False
ac769b,United States,236.25,False
a022c6,United States,175.97,False
a20e3e,United States,0.0,True
a7c938,United States,213.06,False
ac5066,United States,232.34,False
71e283,Republic of Korea,41.12,False
71e282,Republic of Korea,44.88,False
e482c0,Brazil,175.7,False
e482c5,Brazil,224.18,False
aa8fe2,United States,48.33,False
a6598e,United States,221.45,False
a4f347,United States,209.52,False
a51362,United States,60.67,False
a7fca8,United States,9.77,True
a1b8c5,United States,84.91,False
aca02f,United States,230.83,False
7c0280,Australia,17.03,False
aa8fbe,United States,49.39,True
a5bcda,United States,132.52,False
4005be,United Kingdom,0.0,True
aa4953,United States,237.03,False
a262ad,United States,6.43,True
add1e5,United States,10.29,True
e48396,Brazil,170.67,False
a1a5cf,United States,219.15,False
a1ee64,United States,44.56,False
a9e391,United States,174.98,False
abb90d,United States,198.06,False
a645a8,United States,230.6,False
a418e0,United States,113.81,False
4bbd03,Turkey,247.32,False
781201,China,203.1,False
c1e580,Canada,0.0,True
a1db22,United States,91.58,False
a9f67d,United States,233.41,False
a98051,United States,219.56,False
a68e39,United States,48.0,False
a44e24,United States,195.77,False
a9e357,United States,67.55,False
781214,China,233.54,False
a418bf,United States,176.28,False
a06b79,United States,62.21,False
a3e5ea,United States,54.26,False
a262a6,United States,0.0,True
ab5648,United States,293.48,False
ac761e,United States,243.45,False
a538a7,United States,43.75,False
a2b2da,United States,227.01,False
0d09b6,Mexico,0.0,True
a99364,United States,59.22,False
4baa08,Turkey,229.64,False
a2b2e1,United States,239.16,False
7587cb,Philippines,3.34,True
4baa10,Turkey,0.0,True
a382ca,United States,0.0,True
ac0cab,United States,277.06,False
c07588,Canada,102.42,False
abb94f,United States,268.54,False
a9f673,United States,38.28,False
ac763e,United States,225.14,False
76d253,Singapore,245.5,False
aa1066,United States,186.76,False
a1db63,United States,35.53,False
a32e86,United States,166.17,False
acd964,United States,217.94,False
a2c5db,United States,3.6,True
ad3fd6,United States,194.22,False
ad9642,United States,250.03,False
a658a1,United States,184.55,False
a2c5e3,United States,162.62,False
ad3fde,United States,175.43,False
4bbd0c,Turkey,248.74,False
a9f64b,United States,187.86,False
a262dd,United States,66.9,False
ac8985,United States,216.39,False
aba63f,United States,133.28,False
a1ea70,United States,171.93,False
a82d29,United States,29.81,False
aacb1a,United States,85.42,False
a9f29e,United States,212.34,False
a414ea,United States,44.31,False
c0730e,Canada,174.2,False
e49641,Brazil,223.21,False
abb5bf,United States,248.58,False
5084a6,Ukraine,1211.24,False
a654cb,United States,235.22,False
7811ee,China,85.27,False
abb5c9,United States,191.01,False
abfe46,United States,79.24,False
88815b,Viet Nam,12.86,True
ab65ec,United States,28.2,False
a04608,United States,52.69,False
abfe45,United States,242.3,False
aade5d,United States,42.62,False
a82d14,United States,158.92,False
acd5c6,United States,267.73,False
a6b7ec,United States,238.66,False
abeb31,United States,235.83,False
a2c1b6,United States,200.89,False
5084d2,Ukraine,253.22,False
a56a56,United States,0.0,True
5084d1,Ukraine,253.63,False
a6ed3b,United States,233.02,False
ac85ce,United States,133.17,False
a7d7d6,United States,0.06,True
a2d4d6,United States,40.5,False
a33d68,United States,254.04,False
c02fed,Canada,232.59,False
ac72af,United States,4.12,True
aacb60,United States,75.95,False
a4ad7f,United States,143.81,False
aa45c1,United States,85.59,False
88817c,Viet Nam,205.7,False
aa7b10,United States,229.02,False
abb5e6,United States,198.75,False
abb5e7,United States,241.64,False
ac0b50,United States,235.6,False
a4ad27,United States,99.94,False
ad2b43,United States,136.65,False
88812a,Viet Nam,222.37,False
88812b,Viet Nam,134.98,False
a8d27e,United States,237.69,False
ac0b61,United States,150.38,False
a0595d,United States,1.54,True
888135,Viet Nam,235.76,False
aa8e1b,United States,239.8,False
a57d42,United States,238.28,False
a44a6d,United States,235.38,False
49d5ef,Czech Republic,84.16,False
abeb57,United States,236.48,False
e49698,Brazil,135.81,False
ac72e4,United States,235.34,False
888129,Viet Nam,221.04,False
888167,Viet Nam,222.37,False
02a199,Tunisia,226.05,False
c08620,Canada,89.98,False
a2c1ec,United States,230.5,False
a56a18,United States,231.78,False
ae4b4a,United States,82.07,False
ade2b8,United States,224.71,False
a57d52,United States,195.46,False
ac72f0,United States,123.62,False
c02fd8,Canada,204.1,False
ac0b80,United States,280.33,False
c01ca9,Canada,121.13,False
a44a61,United States,231.41,False
ac0b96,United States,93.68,False
a56a25,United States,208.41,False
a0a91f,United States,225.81,False
a9f24c,United States,213.69,False
a0a91e,United States,269.19,False
a667e8,United States,217.16,False
ab9b9d,United States,0.0,True
a2e93c,United States,213.05,False
a0a96c,United States,242.36,False
acb045,United States,25.46,False
7cae0b,Australia,133.76,False
70606e,Kuwait,245.91,False
a30961,United States,214.96,False
a7c4fd,United States,97.04,False
add012,United States,62.55,False
86ec40,Japan,208.24,False
a03356,United States,189.91,False
a2e935,United States,119.54,False
a1b61c,United States,48.66,False
4ca802,Ireland,236.18,False
a6690f,United States,81.36,False
a30957,United States,35.52,False
a904f1,United States,99.5,False
7cf08c,Australia,4.63,True
a3f621,United States,236.34,False
a66935,United States,257.11,False
a15309,United States,131.19,False
ac6089,United States,224.26,False
a03329,United States,86.95,False
e494ff,Brazil,197.39,False
a2992f,United States,207.62,False
4002b4,United Kingdom,229.66,False
ad937c,United States,100.18,False
a03332,United States,229.57,False
a1c935,United States,198.78,False
a81a81,United States,0.0,True
a4bfc1,United States,221.8,False
a04669,United States,162.63,False
a0efca,United States,58.79,False
ae036c,United States,178.85,False
a68a66,United States,85.5,False
4ca82c,Ireland,237.37,False
7cae62,Australia,151.33,False
a6ed61,United States,238.34,False
76d1c9,Singapore,231.88,False
aaa8d0,United States,62.35,False
a03398,United States,233.66,False
a7d7f3,United States,215.35,False
706059,Kuwait,253.55,False
ac98ac,United States,143.6,False
a761ac,United States,143.33,False
aa7b78,United States,234.02,False
a0a98a,United States,111.8,False
485342,Kingdom of the Netherlands,211.54,False
7cae45,Australia,146.03,False
a6ed7f,United States,221.52,False
706068,Kuwait,207.4,False
a82d82,United States,215.13,False
a03367,United States,29.33,False
a0a996,United States,52.47,False
7cae42,Australia,143.2,False
abfe12,United States,61.73,False
a68a95,United States,229.0,False
c01d7e,Canada,255.98,False
abfe1c,United States,237.21,False
706075,Kuwait,241.58,False
a29982,United States,53.54,False
a894f2,United States,134.85,False
a2d61f,United States,49.92,False
0ca200,Antigua and Barbuda,228.6,False
ab52a2,United States,205.38,False
4bceb5,Turkey,222.45,False
845c8c,Japan,221.02,False
a68a7e,United States,84.33,False
706072,Kuwait,246.65,False
706073,Kuwait,264.25,False
a1fcc5,United States,284.42,False
ac1e2d,United States,0.06,True
70605e,Kuwait,255.56,False
abb5a2,United States,231.24,False
aa7b54,United States,0.0,True
aaa96f,United States,253.27,False
4bcde9,Turkey,317.72,False
a95fbe,United States,196.76,False
4bcde6,Turkey,240.06,False
7335b5,Islamic Republic of Iran,259.29,False
4bcdf0,Turkey,247.85,False
c01d2d,Canada,199.79,False
a2c35a,United States,196.23,False
a2c35b,United States,196.84,False
ac2fea,United States,159.62,False
a6b962,United States,61.49,False
a27380,United States,135.15,False
a2605b,United States,264.2,False
abfcb6,United States,233.48,False
a95fcd,United States,96.87,False
a7c618,United States,9.77,True
a77645,United States,246.87,False
c01d1f,Canada,0.0,True
4bcdba,Turkey,243.52,False
a69cf9,United States,124.05,False
4bcdd4,Turkey,248.18,False
ab400f,United States,10.29,True
ace974,United States,162.84,False
4ca738,Ireland,175.97,False
c071a4,Canada,186.54,False
a2869c,United States,215.24,False
abb63a,United States,60.19,False
a2869f,United States,54.03,False
a88314,United States,12.27,False
aa8cb2,United States,189.26,False
a02088,United States,227.08,False
4bcde5,Turkey,248.79,False
4bcde4,Turkey,4.37,True
ace965,United States,108.42,False
c00a0d,Canada,151.77,False
7c168d,Australia,48.45,False
ab5365,United States,232.53,False
4bcdce,Turkey,246.93,False
ac865a,United States,0.0,True
aa594a,United States,240.44,False
acd64b,United States,231.63,False
a2608a,United States,60.71,False
aa9fbb,United States,8.75,True
ac733b,United States,242.96,False
a5363e,United States,218.92,False
ace96c,United States,2.57,True
ace96a,United States,236.13,False
a08e3c,United States,214.42,False
ad3cdf,United States,208.14,False
ad3cde,United States,33.55,False
a64305,United States,206.03,False
a045bc,United States,45.1,False
a57cbd,United States,72.46,False
a3e32a,United States,154.84,False
a7c602,United States,123.42,False
a14096,United States,223.19,False
a3f671,United States,38.61,False
a178ae,United States,60.77,False
ab538b,United States,250.28,False
449683,Belgium,223.38,False
a08e1e,United States,230.27,False
781300,China,209.73,False
a07b3e,United States,0.0,True
a8d360,United States,202.37,False
7c1642,Australia,66.69,False
a8d365,United States,191.74,False
781305,China,233.07,False
ac71ef,United States,209.62,False
ac0a6c,United States,245.77,False
abfd8c,United States,242.44,False
7c1648,Australia,4.63,True
a08e82,United States,0.0,True
ae01d2,United States,172.12,False
a7506a,United States,135.04,False
a9903a,United States,149.19,False
a4ae10,United States,53.62,False
a6308b,United States,26.26,False
ae01c2,United States,0.0,True
a178de,United States,0.0,True
aaa90c,United States,6.94,True
aaca9d,United States,11.88,False
acc1eb,United States,238.28,False
ade1e4,United States,182.85,False
ab0fa7,United States,268.74,False
acc1ee,United States,1.29,True
4851f7,Kingdom of the Netherlands,297.64,False
a8c028,United States,215.36,False
4a29f9,Romania,143.45,False
a7a04c,United States,129.91,False
7c1617,Australia,61.9,False
a9069e,United States,58.97,False
a8e67b,United States,39.18,False
a0a8df,United States,222.62,False
781347,China,208.24,False
781348,China,256.41,False
ad0919,United States,221.44,False
a0de99,United States,266.35,False
a3d074,United States,65.85,False
a9f302,United States,158.99,False
a07b8f,United States,217.51,False
abc91f,United States,292.67,False
840142,Japan,130.2,False
aaa954,United States,7.2,True
abc948,United States,262.73,False
780034,China,222.98,False
a5106e,United States,107.04,False
781363,China,169.76,False
ac2fc3,United States,216.57,False
a0cb2e,United States,25.91,False
7c6ffd,Australia,69.09,False
ae2913,United States,36.7,False
c01bf7,Canada,112.42,False
aa466f,United States,132.83,False
ab663f,United States,195.77,False
a298ff,United States,48.69,False
a1a2a2,United States,266.65,False
a7a010,United States,47.63,False
ac0c41,United States,202.78,False
7cf0ce,Australia,1.54,True
e4950e,Brazil,140.01,False
adf6a1,United States,48.12,False
abec26,United States,7.72,True
e49525,Brazil,127.62,False
501c13,Croatia,250.58,False
c823dd,New Zealand,32.74,False
706134,Kuwait,250.71,False
ab53e4,United States,212.0,False
e4952f,Brazil,134.02,False
706136,Kuwait,229.29,False
c01dcb,Canada,2.06,True
a7d8bf,United States,64.39,False
a6ee47,United States,239.73,False
a392f2,United States,223.87,False
a44b56,United States,246.41,False
7cf0c2,Australia,4.89,True
4bce42,Turkey,248.83,False
ac0c64,United States,229.03,False
ab53f1,United States,4.37,True
a70e86,United States,206.18,False
c0611f,Canada,0.0,True
a70e7a,United States,244.77,False
3c1baf,Germany,231.5,False
c00acd,Canada,117.0,False
4bce47,Turkey,6.17,True
70612e,Kuwait,239.76,False
ac73e9,United States,64.79,False
4bbb21,Turkey,244.35,False
42450d,United Kingdom,200.04,False
aa7c2d,United States,46.2,False
c07440,Canada,262.48,False
71f759,Republic of Korea,108.57,False
aa46cb,United States,236.25,False
abec4d,United States,251.26,False
abff87,United States,227.36,False
aa8f62,United States,45.58,False
aa7c1b,United States,192.11,False
a535be,United States,237.05,False
76e728,Singapore,59.99,False
a9907b,United States,149.32,False
aa8f51,United States,80.87,False
501c55,Croatia,235.57,False
ad3f9a,United States,51.98,False
a9e071,United States,27.15,False
e4956e,Brazil,87.46,True
e4956f,Brazil,190.66,False
ab40f8,United States,254.43,False
48ea3b,Poland,244.74,False
ac0c8b,United States,0.0,True
aba3f7,United States,44.95,False
abec6c,United States,231.81,False
76e72c,Singapore,63.88,False
aa46b4,United States,71.6,False
acc3f7,United States,2.57,True
a5bb16,United States,132.88,False
acb0c4,United States,44.39,False
a788db,United States,248.05,False
ac60e8,United States,58.93,False
acb0b9,United States,237.48,False
a788d3,United States,209.62,False
acb0b6,United States,202.02,False
ac60ef,United States,235.36,False
a655d5,United States,0.0,True
acb0c2,United States,30.11,False
c00b9e,Canada,2.57,True
c00b9d,Canada,69.9,False
a7fb7d,United States,102.52,False
ad815e,United States,34.96,False
ade472,United States,48.43,False
7c4c45,Australia,55.91,False
a0ddd7,United States,32.21,False
a41722,United States,271.65,False
c00b8a,Canada,229.66,False
388381,France,1.8,False
a882f8,United States,188.49,False
7caf1c,Australia,253.56,False
adf792,United States,67.55,False
a3e416,United States,79.43,False
7812b5,China,200.37,False
a81b9d,United States,35.68,False
7caf18,Australia,0.0,True
8881ab,Viet Nam,156.29,False
ab79cc,United States,90.21,False
c87ec2,New Zealand,3.6,True
a9f2c6,United States,279.8,False
ab79e3,United States,75.12,False
399043,France,237.19,False
a2b10c,United States,230.73,False
a2b10f,United States,138.33,False
ab66ac,United States,58.13,False
a2b10d,United States,5.4,True
4bcda9,Turkey,242.64,False
4bcda5,Turkey,239.49,False
4bcda4,Turkey,254.82,False
845d88,Japan,145.61,False
4bcda2,Turkey,117.87,False
a895f8,United States,192.58,False
a2b112,United States,261.79,False
c00b71,Canada,6.17,True
7caf6e,Australia,0.0,True
4bcdaa,Turkey,247.77,False
add178,United States,87.89,False
a762d3,United States,4.12,True
7812cb,China,232.49,False
a44aa2,United States,239.67,False
a2b110,United States,282.67,False
7c4c71,Australia,18.38,False
a762cc,United States,272.45,False
a32ac6,United States,239.37,False
a7fb1c,United States,189.72,False
a6db55,United States,46.47,False
c00b7e,Canada,159.4,False
c00b7d,Canada,164.32,False
abb6b5,United States,3.34,True
7812f6,China,241.99,False
ac86af,United States,196.69,False
a1a435,United States,138.37,False
a6ee8e,United States,245.08,False
ace9ba,United States,237.99,False
c00b86,Canada,4.89,True
ae5f15,United States,120.38,False
4bccba,Turkey,232.71,False
ac741c,United States,217.52,False
a7c73b,United States,14.63,False
a2b157,United States,225.91,False
a2b156,United States,230.21,False
a7c748,United States,229.29,False
c085d5,Canada,251.93,False
aa7abd,United States,245.58,False
c87efe,New Zealand,0.0,True
c87efd,New Zealand,0.0,True
abfdaf,United States,192.49,False
c085aa,Canada,49.14,False
ac0aac,United States,214.8,False
a6a757,United States,86.22,False
a2b150,United States,241.81,False
aa7ac8,United States,200.78,False
8880ed,Viet Nam,237.2,False
a6edc3,United States,4.89,True
a6a751,United States,70.22,False
ad3dba,United States,188.77,False
a2b151,United States,246.2,False
abb74f,United States,56.79,False
a2b12d,United States,220.92,False
c085df,Canada,135.82,False
a38141,United States,0.0,True
a7b42f,United States,56.06,False
4bcca9,Turkey,245.25,False
3c71a4,Germany,234.77,False
a82df6,United States,254.25,False
ab678e,United States,255.54,False
abb775,United States,0.0,True
a2b136,United States,119.0,False
a2b135,United States,222.11,False
ac8777,United States,1.03,True
a7b433,United States,230.81,False
405f12,United Kingdom,189.66,False
a3813b,United States,227.84,False
a3813a,United States,72.54,False
4bccab,Turkey,245.29,False
a2615e,United States,246.48,False
478df1,Norway,61.24,False
aa7aa6,United States,71.0,False
a6ede5,United States,216.95,False
c00b35,Canada,0.0,True
abfdf8,United States,0.0,True
a2b130,United States,241.81,False
aa7aa0,United States,96.36,False
7c0488,Australia,196.53,False
a26165,United States,37.05,False
c085e0,Canada,95.17,False
a5bae5,United States,34.61,False
47340e,Hungary,245.52,False
c01e10,Canada,194.82,False
a0cc06,United States,238.73,False
448466,Belgium,268.04,False
aa3417,United States,174.59,False
0b4420,Guatemala,76.17,False
ac878c,United States,209.08,False
a0a9f6,United States,236.89,False
8880ad,Viet Nam,230.22,False
a309b4,United States,165.58,False
8880ab,Viet Nam,249.27,False
a2b198,United States,4.89,True
a3f76a,United States,5.68,False
a2b196,United States,230.19,False
a033ae,United States,226.66,False
a77721,United States,271.13,False
8880b5,Viet Nam,236.57,False
acc441,United States,32.32,False
a2b17a,United States,239.91,False
a08f76,United States,64.41,False
a046f2,United States,252.87,False
a5376f,United States,133.72,False
a059e3,United States,233.83,False
a07c05,United States,62.81,False
7c29b2,Australia,8.37,False
ab416c,United States,63.96,False
a4f110,United States,48.57,False
8880e5,Viet Nam,263.42,False
ac747c,United States,43.95,False
8880e0,Viet Nam,226.69,False
a0a9ac,United States,186.94,False
a3f793,United States,194.92,False
a6eda1,United States,145.07,False
ab417a,United States,239.81,False
ad945a,United States,242.29,False
a2b176,United States,170.25,False
7813a5,China,225.39,False
c01e1a,Canada,1.29,True
c01e1f,Canada,234.64,False
e4814a,Brazil,159.61,False
abeb7c,United States,228.41,False
a07c72,United States,67.94,False
a9f461,United States,233.86,False
a4f19e,United States,0.0,False
a5cf19,United States,7.72,True
a033f9,United States,240.05,False
a1b6ba,United States,50.97,False
ae4b4b,United States,0.0,False
78142a,China,2.83,True
a6319f,United States,7.72,True
a8847f,United States,123.74,False
a20c44,United States,225.24,False
a32c0d,United States,56.82,False
c0604c,Canada,61.14,False
a88491,United States,58.0,False
a1a3a9,United States,239.07,False
a56c19,United States,228.89,False
ab6716,United States,45.81,False
a87199,United States,239.4,False
a57f42,United States,186.61,False
a8d465,United States,98.26,False
a2e9bb,United States,165.22,False
a6b9c1,United States,239.72,False
aa2184,United States,269.36,False
a309cc,United States,7.46,True
c06080,Canada,256.0,False
a21f57,United States,211.73,False
a8d46a,United States,241.67,False
e4818a,Brazil,244.18,False
4bce0e,Turkey,247.71,False
a9f424,United States,232.24,False
a6daf1,United States,45.1,False
e48199,Brazil,65.63,False
a93ad8,United States,62.04,False
c06016,Canada,100.34,False
c08677,Canada,192.23,False
a1a3cc,United States,69.17,False
a8c121,United States,284.18,False
7c0460,Australia,251.02,False
aa7aeb,United States,233.07,False
a8d44e,United States,23.66,True
7cadd5,Australia,114.25,False
a45f64,United States,218.43,False
e4949a,Brazil,215.25,False
a45f59,United States,73.06,False
ab674b,United States,255.04,False
a2e9fd,United States,209.36,False
a4f17b,United States,54.08,False
a32c3e,United States,231.06,False
4bce04,Turkey,253.98,False
4bce03,Turkey,239.17,False
4bce01,Turkey,227.5,False
a153de,United States,235.2,False
a2d6d8,United States,269.39,False
a8712a,United States,0.9,True
a1ec47,United States,96.25,False
4bce19,Turkey,87.41,False
a669a8,United States,231.36,False
7cadb4,Australia,189.44,False
a7a133,United States,52.75,False
a7f44d,United States,5.14,True
a099fc,United States,48.91,False
a67160,United States,229.6,False
a79158,United States,230.75,False
abd254,United States,169.37,False
ad2573,United States,254.55,False
ac4bfe,United States,188.22,False
4d0101,Luxembourg,71.14,False
4d0103,Luxembourg,270.6,False
a80136,United States,41.85,False
a5a15a,United States,119.75,False
ad6bdc,United States,236.71,False
a97ae6,United States,267.22,False
a92145,United States,258.23,False
a216b1,United States,49.65,False
a24c01,United States,0.0,True
a6717a,United States,90.64,False
abd26b,United States,216.55,False
a80162,United States,107.5,False
a7e151,United States,206.32,False
851bba,Japan,220.24,False
a0d6a8,United States,225.88,False
a9ddbd,United States,55.3,False
a80155,United States,46.2,False
a6d484,United States,58.62,False
a3117c,United States,167.95,False
a12c04,United States,260.7,False
a5a10a,United States,190.09,False
8940bf,Bahrain,239.59,False
a060ae,United States,234.27,False
4075b3,United Kingdom,281.05,False
a00c80,United States,229.27,False
ad1284,United States,94.95,False
a0d6fb,United States,130.3,False
a56485,United States,11.93,False
a00c7a,United States,232.27,False
a00c7e,United States,7.2,True
a456a9,United States,204.05,False
388c21,France,1.03,False
c003aa,Canada,86.41,False
a70778,United States,185.63,False
a73ab6,United States,184.59,False
4d0112,Luxembourg,220.33,False
c05f8f,Canada,64.79,False
a86df1,United States,128.23,False
4d0118,Luxembourg,264.17,False
a0d6d7,United States,68.81,False
a6c120,United States,131.7,False
ad129d,United States,50.42,False
a7912a,United States,246.25,False
484a92,Kingdom of the Netherlands,53.11,False
780e3b,China,12.86,True
8940c5,Bahrain,247.71,False
8940c2,Bahrain,138.39,False
a0c3b6,United States,205.82,False
a203a9,United States,228.21,False
aa7548,United States,243.05,False
c05f94,Canada,239.86,False
c05f93,Canada,201.63,False
a68485,United States,199.1,False
a193aa,United States,5.92,True
a25f50,United States,88.04,False
ac0519,United States,1.54,True
781ff7,China,250.54,False
a49f87,United States,228.65,False
ac5eae,United States,41.03,False
781ff2,China,242.75,False
abe501,United States,8.23,True
a180e9,United States,40.38,False
ac5eb4,United States,224.59,False
ac1846,United States,275.89,False
76cccb,Singapore,252.52,False
a24c77,United States,228.6,False
ab3ee2,United States,216.84,False
346183,Spain,241.77,False
ac5ec1,United States,43.99,False
aab202,United States,284.73,False
a7e198,United States,246.11,False
a683a8,United States,0.0,True
780ce8,China,219.23,False
a1d0a3,United States,0.13,True
a060cd,United States,88.12,False
7502c4,Malaysia,234.31,False
c003a8,Canada,10.29,True
a61c3e,United States,5.07,False
780cde,China,196.05,False
780cdc,China,222.47,False
ac5ed9,United States,163.55,False
34615a,Spain,266.02,False
a336ef,United States,45.88,False
ab9558,United States,45.25,False
507c95,Uzbekistan,6.43,True
a3bc84,United States,115.44,False
a85c01,United States,108.33,False
a336f0,United States,126.41,False
ac4bb8,United States,220.07,False
40762c,United Kingdom,66.76,False
a5b3ad,United States,243.62,False
507c8e,Uzbekistan,4.15,False
84657c,Japan,0.0,True
a92171,United States,135.84,False
40769a,United Kingdom,222.37,False
acf207,United States,231.57,False
a8aaff,United States,0.0,True
5140de,Georgia,176.09,False
ad1218,United States,234.7,False
40768c,United Kingdom,234.71,False
40768a,United Kingdom,165.28,False
ac5efa,United States,204.27,False
407699,United Kingdom,287.95,False
ac4bdd,United States,232.63,False
a3cf4f,United States,240.77,False
a97af6,United States,7.46,True
c05f0f,Canada,17.49,True
40767a,United Kingdom,230.83,False
851bfe,Japan,106.99,False
a4ef58,United States,0.06,True
abe56d,United States,71.05,False
a310c4,United States,36.12,False
c05f09,Canada,210.2,False
abe579,United States,0.06,True
a2f0aa,United States,244.21,False
40766d,United Kingdom,154.33,False
a49f89,United States,200.12,False
a19526,United States,44.58,False
c04af4,Canada,188.8,False
8463b5,Japan,255.93,False
8463b4,Japan,143.03,False
34754d,Spain,128.87,False
a37ea4,United States,240.56,False
a3380f,United States,59.3,False
ac4c8a,United States,222.93,False
ae56df,United States,13.85,False
ad23f4,United States,86.84,False
ad7f96,United States,142.37,False
ad7f99,United States,193.24,False
7c52fd,Australia,194.18,False
a9a9ef,United States,122.6,False
7c52ff,Australia,122.9,False
a8ac42,United States,189.29,False
851c42,Japan,231.47,False
a21839,United States,98.77,False
ad10e9,United States,73.64,False
76cda3,Singapore,223.27,False
76cda4,Singapore,226.1,False
76cda2,Singapore,225.18,False
a0752b,United States,238.01,False
a56503,United States,41.12,False
acf0da,United States,231.21,False
407630,United Kingdom,172.96,False
acf0db,United States,179.03,False
407637,United Kingdom,67.52,False
780da9,China,258.99,False
76cdb3,Singapore,224.57,False
a0757f,United States,225.27,False
347518,Spain,250.09,False
a37ed3,United States,152.78,False
76cdac,Singapore,239.71,False
76cdaa,Singapore,294.46,False
76cdab,Singapore,219.63,False
76cdae,Singapore,228.1,False
c0174f,Canada,292.56,False
a98f5a,United States,123.01,False
7c6725,Australia,65.28,False
c05dd8,Canada,1.54,True
76cdba,Singapore,222.13,False
780dc5,China,250.93,False
a24ba7,United States,221.46,False
ac181d,United States,236.1,False
abf815,United States,187.86,False
a5fc87,United States,192.3,False
a98f2d,United States,206.99,False
a37ec4,United States,170.85,False
a00bdd,United States,58.85,False
a37eb0,United States,181.24,False
a85c3e,United States,74.08,False
ac0504,United States,211.29,False
aa73b9,United States,80.77,False
ac182b,United States,88.93,False
a1f83e,United States,65.96,False
aa1f5a,United States,3.86,True
ab3ebc,United States,32.58,False
a33843,United States,234.96,False
8966f2,United Arab Emirates,247.09,False
c05da4,Canada,80.43,False
750484,Malaysia,223.63,False
389dff,France,4.89,True
c0171a,Canada,43.21,True
a44565,United States,241.46,False
8966f9,United Arab Emirates,498.05,False
750475,Malaysia,5.92,True
a6e837,United States,185.34,False
ac5f42,United States,213.27,False
8940a3,Bahrain,239.96,False
8940a2,Bahrain,241.35,False
a5521c,United States,185.2,False
ab93a5,United States,238.7,False
8966ed,United Arab Emirates,242.04,False
a68546,United States,40.55,False
780e77,China,222.07,False
c01729,Canada,0.0,True
8966fc,United Arab Emirates,253.23,False
75047c,Malaysia,194.91,False
8966fd,United Arab Emirates,254.97,False
75047d,Malaysia,230.02,False
afa15e,United States,8.23,True
ad7f18,United States,73.24,False
8940a4,Bahrain,219.0,False
c01725,Canada,278.69,False
a3bbf0,United States,222.96,False
a0c581,United States,91.61,False
a44548,United States,261.48,False
aa883e,United States,197.53,False
8966be,United Arab Emirates,0.0,True
c0173a,Canada,0.0,True
a44540,United States,261.48,False
75044b,Malaysia,225.38,False
c0173f,Canada,285.08,False
8966bc,United Arab Emirates,219.28,False
a4dbe3,United States,43.14,False
8966bd,United Arab Emirates,248.5,False
a44544,United States,229.4,False
4afb8a,Sweden,7.2,True
75044a,Malaysia,226.3,False
ac16bb,United States,0.0,True
ae56a5,United States,26.19,False
ae56a2,United States,39.31,False
a70885,United States,2.83,True
750453,Malaysia,200.2,False
8966d4,United Arab Emirates,0.0,True
8966d5,United Arab Emirates,257.68,False
780e7f,China,213.66,False
c0172e,Canada,236.25,False
a74ece,United States,172.02,False
a4dbe4,United States,147.13,False
a5657b,United States,270.81,False
a69894,United States,251.49,False
aac3ab,United States,197.49,False
a70877,United States,34.47,False
ac4c44,United States,235.14,False
a31295,United States,51.35,False
a920f4,United States,137.18,False
3a2b01,France,4.89,True
a97c9a,United States,0.0,True
ac5f5b,United States,53.2,False
a50ec5,United States,246.84,False
0102ac,Egypt,231.74,False
750436,Malaysia,220.46,False
7c52f8,Australia,167.02,False
ad6c0e,United States,53.0,False
c04b8e,Canada,160.14,False
8966ad,United Arab Emirates,253.08,False
8966ab,United Arab Emirates,249.39,False
863c44,Japan,2.83,True
ad6c26,United States,47.43,False
a44591,United States,239.84,False
a4eeb4,United States,195.51,False
a70812,United States,169.29,False
a6981a,United States,220.53,False
8966c5,United Arab Emirates,0.0,True
ac4c67,United States,241.28,False
a44585,United States,231.81,False
a44588,United States,238.75,False
ad23ab,United States,136.69,False
abe3c8,United States,225.95,False
c01714,Canada,62.84,False
a5b50b,United States,184.35,False
aab0ba,United States,172.75,False
75041b,Malaysia,243.66,False
a7081f,United States,0.06,True
a55218,United States,251.84,False
a6e80f,United States,76.62,False
8966a8,United Arab Emirates,221.91,False
a920db,United States,60.28,False
a44570,United States,223.27,False
479227,Norway,0.0,True
ab2c8e,United States,74.58,False
afa191,United States,47.87,False
a4455e,United States,184.32,False
a8abe6,United States,175.97,False
a074bc,United States,29.93,False
ae2025,United States,45.67,False
a5b59d,United States,230.45,False
ae2022,United States,33.44,False
ae201e,United States,43.95,False
a5a278,United States,224.28,False
a7926c,United States,57.95,False
ab7077,United States,61.3,False
4cafc2,Ireland,146.16,False
3474cb,Spain,0.51,True
abc058,United States,146.74,False
4cafca,Ireland,232.08,False
aa638a,United States,8.23,True
780f11,China,147.26,False
a12d48,United States,240.25,False
780f0c,China,186.86,False
0c21a3,Panama,146.62,False
780f24,China,175.02,False
780f1f,China,236.2,False
a7e24a,United States,193.77,False
c03a90,Canada,155.38,False
851cec,Japan,140.78,False
a8aba2,United States,58.77,False
a4dbef,United States,251.22,False
7c67d8,Australia,0.9,True
4caffb,Ireland,242.28,False
a5fbdc,United States,66.65,False
a5c899,United States,202.78,False
a23a28,United States,201.12,False
a1f7fb,United States,0.06,True
a5c895,United States,241.56,False
a74eed,United States,54.76,False
a7f51d,United States,42.63,False
ace063,United States,0.0,True
c04d58,Canada,54.72,False
0100dd,Egypt,226.56,False
ae204d,United States,15.43,False
a24d41,United States,56.13,False
abc09e,United States,225.94,False
c03a69,Canada,97.13,False
a6e89f,United States,227.19,False
ace08c,United States,49.1,False
a24d53,United States,41.15,False
a1f7bd,United States,64.98,False
c004ea,Canada,183.46,False
ad38c2,United States,227.63,False
a12d67,United States,203.99,False
75049f,Malaysia,232.69,False
a204c9,United States,29.45,False
407797,United Kingdom,6.17,True
a72a00,United States,47.43,False
7503fb,Malaysia,194.86,False
407795,United Kingdom,0.0,True
01024f,Egypt,141.54,False
aad971,United States,40.57,False
86804e,Japan,179.68,False
407799,United Kingdom,91.76,False
86804f,Japan,231.79,False
a827bd,United States,49.82,False
a0b1ea,United States,207.63,False
780de8,China,256.67,False
40777c,United Kingdom,224.71,False
ac5fd7,United States,87.96,False
ac4ca8,United States,246.83,False
a684b5,United States,265.74,False
01023c,Egypt,247.85,False
a1d1d0,United States,120.85,False
a23a6f,United States,55.47,False
010247,Egypt,248.5,False
4b8392,Turkey,43.76,False
a564eb,United States,128.39,False
346291,Spain,248.81,False
010280,Egypt,237.36,False
aab31a,United States,5.4,True
010275,Egypt,246.07,False
010274,Egypt,234.4,False
c03a24,Canada,4.37,True
010276,Egypt,248.2,False
868089,Japan,229.58,False
ac4cc7,United States,79.75,False
c017ed,Canada,200.44,False
ac1988,United States,194.92,False
aac669,United States,64.9,False
01025c,Egypt,234.76,False
01025d,Egypt,227.61,False
a324d9,United States,0.0,True
aab342,United States,49.91,False
a5b4e1,United States,11.36,False
7503f6,Malaysia,125.75,False
010264,Egypt,225.96,False
ac4cd4,United States,233.8,False
010268,Egypt,267.75,False
abf96c,United States,211.09,False
a4dd19,United States,33.14,False
a707a3,United States,235.97,False
ab967b,United States,128.62,False
a92299,United States,0.0,True
ac066b,United States,233.91,False
a61d00,United States,178.34,False
7503ac,Malaysia,223.16,False
a1f90e,United States,226.63,False
aab364,United States,241.79,False
a7f59d,United States,54.18,False
a577d4,United States,231.21,False
7503d6,Malaysia,181.76,False
a35a98,United States,237.71,False
010204,Egypt,253.56,False
010205,Egypt,245.09,False
a23a95,United States,66.09,False
01022c,Egypt,0.77,False
a23a94,United States,42.19,False
ad000d,United States,156.8,False
868041,Japan,200.82,False
40779a,United Kingdom,228.23,False
a48d84,United States,42.58,False
abc035,United States,231.96,False
a0d90c,United States,152.07,False
abe690,United States,201.98,False
a07613,United States,44.48,False
868038,Japan,78.76,False
abd1e3,United States,136.2,False
a801de,United States,0.0,True
a06332,United States,124.62,False
8464d2,Japan,160.71,False
a50fa1,United States,268.2,False
a00ce6,United States,45.3,False
48ae25,Poland,82.31,False
750517,Malaysia,234.16,False
48ae20,Poland,258.89,False
a37fb0,United States,2.31,True
485e2f,Kingdom of the Netherlands,269.6,False
ac3a7d,United States,36.54,False
485e2e,Kingdom of the Netherlands,265.77,False
a7e1c6,United States,0.0,True
a96a5f,United States,60.21,False
a60a9b,United States,235.47,False
ac3a83,United States,258.11,False
4d24a9,Malta,198.62,False
a97d63,United States,5.4,True
a8ad4e,United States,78.1,False
a19629,United States,32.93,False
8464f4,Japan,229.49,False
48ae03,Poland,138.69,False
a37fa0,United States,46.82,False
a69939,United States,256.4,False
a01fee,United States,233.05,False
780eb8,China,205.05,False
a7e1cd,United States,247.14,False
a5ea9a,United States,234.27,False
346317,Spain,229.53,False
346319,Spain,235.51,False
a84a1a,United States,252.08,False
347643,Spain,253.76,False
a20676,United States,50.31,False
010297,Egypt,240.59,False
a4462e,United States,237.24,False
a24ce0,United States,4.63,False
4d24d2,Malta,133.46,False
c05efa,Canada,206.2,False
c05efd,Canada,148.72,False
a671ba,United States,0.0,True
c05efc,Canada,191.35,False
01028a,Egypt,258.58,False
780ebf,China,204.3,False
a3396b,United States,248.56,False
ab3fc7,United States,42.62,False
a4ca6a,United States,8.23,True
a2f306,United States,64.77,False
010289,Egypt,267.42,False
c0187a,Canada,230.95,False
a2afe1,United States,30.36,False
407739,United Kingdom,221.42,False
407731,United Kingdom,195.24,False
a671f2,United States,237.82,False
a59a7c,United States,71.04,False
a7f4e9,United States,238.15,False
ac5fad,United States,86.23,False
8464b0,Japan,247.67,False
4d24b5,Malta,73.38,False
a4460e,United States,239.64,False
a24cc0,United States,263.41,False
a4460d,United States,228.64,False
ab3fcc,United States,95.2,False
507c5a,Uzbekistan,199.84,False
76ceeb,Singapore,233.32,False
ab9630,United States,265.73,False
a33971,United States,41.7,False
76ceea,Singapore,229.7,False
a20660,United States,160.42,False
a44611,United States,153.27,False
e80961,Chile,164.54,False
780eeb,China,212.76,False
ab962d,United States,221.1,False
ac1951,United States,199.82,False
a0b333,United States,159.95,False
507c4d,Uzbekistan,220.63,False
347605,Spain,245.02,False
a8bfb6,United States,241.17,False
a98fad,United States,56.23,False
4075f4,United Kingdom,73.05,False
a42020,United States,0.77,True
c05ec7,Canada,208.62,False
0101e0,Egypt,270.56,False
4075f3,United Kingdom,225.98,False
a4200d,United States,179.15,False
c05eb1,Canada,198.84,False
aa763f,United States,154.77,False
a1d368,United States,210.19,False
0101ba,Egypt,253.27,False
75059d,Malaysia,223.05,False
ad6d03,United States,17.49,True
0101bd,Egypt,79.01,False
75059a,Malaysia,121.17,False
a93631,United States,7.72,True
a5c983,United States,55.34,False
c00513,Canada,57.89,False
a70975,United States,54.74,False
c05eb7,Canada,187.49,False
ab1a1b,United States,72.42,False
c05ee5,Canada,0.06,True
a74ffc,United States,49.48,False
750584,Malaysia,219.05,False
c05ee1,Canada,193.23,False
a54032,United States,39.26,False
ab1a1e,United States,182.25,False
a2e014,United States,222.97,False
75056c,Malaysia,215.55,False
a3133c,United States,247.0,False
4062a4,United Kingdom,209.98,False
75056b,Malaysia,187.9,False
c05edb,Canada,0.0,True
ac04c5,United States,218.74,False
ac04c2,United States,208.16,False
a93604,United States,153.73,False
a36ce4,United States,217.18,False
a4dcfd,United States,176.55,False
ab2d5c,United States,43.95,False
780f9e,China,231.85,False
c05ed0,Canada,0.0,True
a6c311,United States,222.78,False
a18380,United States,3.86,True
0c20f6,Panama,199.21,False
0101de,Egypt,247.86,False
0101dd,Egypt,259.29,False
0c20f5,Panama,229.96,False
0101df,Egypt,258.68,False
7c66d5,Australia,241.25,False
c05ed8,Canada,197.97,False
a4463e,United States,136.55,False
abe4b9,United States,239.73,False
c05ed9,Canada,0.51,True
a86fcf,United States,31.52,False
a8295d,United States,206.26,False
750561,Malaysia,255.68,False
ac3a38,United States,253.17,False
75054e,Malaysia,3.86,True
a218a2,United States,46.4,False
8691aa,Japan,214.35,False
750556,Malaysia,180.97,False
750553,Malaysia,167.03,False
aab1af,United States,160.0,False
750573,Malaysia,223.0,False
a29086,United States,70.99,False
a088dd,United States,77.17,False
c01809,Canada,149.34,False
aab1d2,United States,219.02,False
a4dca5,United States,104.95,False
a4a95b,United States,45.66,False
ac04f5,United States,232.66,False
a74fa2,United States,199.47,False
c05ea2,Canada,0.0,True
a1c05d,United States,234.99,False
abe4db,United States,138.51,False
750530,Malaysia,214.59,False
c00505,Canada,55.49,False
c05ea6,Canada,2.57,True
a4a985,United States,110.17,False
a42035,United States,54.45,False
a9ba69,United States,52.56,False
ac3a60,United States,217.62,False
a61cac,United States,0.0,True
a9a859,United States,238.3,False
a6d234,United States,4.63,True
aa7389,United States,46.31,False
abd018,United States,280.08,False
7504a1,Malaysia,94.98,False
a8bbac,United States,46.71,False
a6e570,United States,233.57,False
7c68ae,Australia,0.0,True
40749b,United Kingdom,242.54,False
aac366,United States,252.66,False
40749a,United Kingdom,255.97,False
ad3662,United States,91.7,False
4caea0,Ireland,241.87,False
4d2524,Malta,182.35,False
4d2521,Malta,264.53,False
a56285,United States,63.69,False
a097cc,United States,221.42,False
a097ce,United States,233.86,False
7504b1,Malaysia,8.75,True
4d250a,Malta,254.7,False
a8bbbc,United States,243.07,False
ab9383,United States,276.54,False
ac1698,United States,142.82,False
84b75d,Japan,239.07,False
71ba18,Republic of Korea,240.11,False
4caeb0,Ireland,233.4,False
4caeb1,Ireland,230.88,False
a8cec7,United States,146.37,False
33fd4a,Italy,75.28,False
86e40e,Japan,244.91,False
a44262,United States,240.09,False
a99ed2,United States,190.41,False
a45592,United States,236.02,False
7c68a1,Australia,203.21,False
a5b267,United States,42.48,False
ab805a,United States,268.56,False
c05d7c,Canada,154.7,False
a86be5,United States,55.05,False
adccd3,United States,62.5,False
a44257,United States,230.21,False
a45586,United States,211.46,False
c05d7b,Canada,135.49,False
ad7cec,United States,36.54,False
a44258,United States,163.45,False
a9eeb6,United States,262.24,False
c001e6,Canada,167.5,False
a95870,United States,73.37,False
a4556d,United States,187.09,False
a4423b,United States,143.46,False
a5b278,United States,56.14,False
ad1033,United States,53.2,False
aa733b,United States,222.67,False
846748,Japan,200.07,False
a68214,United States,52.07,False
c014b6,Canada,132.01,False
c04a15,Canada,124.26,False
76bd44,Singapore,278.48,False
76bd43,Singapore,239.19,False
76bd45,Singapore,255.79,False
acacfb,United States,139.05,False
a5622d,United States,0.0,True
a347b1,United States,0.9,True
a9450d,United States,69.45,False
a191a8,United States,226.91,False
ad237f,United States,275.17,False
ad237c,United States,194.14,False
aa9991,United States,53.92,False
abd063,United States,198.21,False
a9a80f,United States,67.25,False
a0e7f4,United States,243.88,False
c027e0,Canada,6.17,False
a107fe,United States,121.28,False
a227e4,United States,48.82,False
a071c2,United States,229.85,False
ad2384,United States,0.77,True
abd06a,United States,63.97,False
71ba11,Republic of Korea,206.56,False
71ba10,Republic of Korea,118.92,False
a74bba,United States,55.79,False
c014e0,Canada,205.16,False
a9580e,United States,36.56,False
a8252d,United States,64.01,False
c05d3c,Canada,194.48,False
71ba03,Republic of Korea,73.14,False
a81205,United States,214.65,False
aab09a,United States,83.86,False
7c68d1,Australia,8.75,True
a214de,United States,76.31,False
a4b7d7,United States,98.78,False
a37d66,United States,231.57,False
a7f28d,United States,0.0,True
a717b6,United States,105.49,False
8479bc,Japan,246.56,False
a7f27e,United States,47.33,False
8466a0,Japan,233.71,False
a36a21,United States,130.73,False
a24a3a,United States,99.12,False
86e474,Japan,248.31,False
aae960,United States,245.7,False
aae94c,United States,86.47,False
a24a0a,United States,178.57,False
717cb2,Saudi Arabia,247.41,False
c027d1,Canada,235.16,False
ad4935,United States,83.62,False
a49d15,United States,94.62,False
a9327a,United States,251.8,False
a837a7,United States,192.1,False
a24a31,United States,220.86,False
a837a6,United States,232.98,False
a01d8f,United States,57.26,False
ae690f,United States,124.51,False
7c4329,Australia,203.01,False
ad3616,United States,162.64,False
485b45,Kingdom of the Netherlands,280.77,False
a694b2,United States,76.49,False
7504fe,Malaysia,150.98,False
a837a3,United States,194.46,False
a071e6,United States,118.95,False
a24a82,United States,238.21,False
a09922,United States,94.66,False
aad63f,United States,84.45,False
7504e0,Malaysia,258.87,False
40745e,United Kingdom,258.66,False
ab098f,United States,52.38,False
a441c9,United States,213.34,False
a6d26f,United States,0.0,True
aab001,United States,280.41,False
a7f23f,United States,72.87,False
a441ac,United States,219.02,False
7504f9,Malaysia,50.47,False
ad495b,United States,254.93,False
a441ab,United States,204.49,False
a12a9d,United States,222.74,False
86e430,Japan,244.26,False
a12a81,United States,2.31,True
7504c8,Malaysia,38.72,False
a9dbb5,United States,47.47,False
ad7cbe,United States,44.02,False
7504ac,Malaysia,3.86,True
7504d6,Malaysia,44.45,False
7504d5,Malaysia,48.11,False
ab8031,United States,247.8,False
ac1675,United States,190.2,False
40742e,United Kingdom,225.65,False
a12a7b,United States,2.83,True
a12a7c,United States,85.4,False
abf4e0,United States,249.75,False
acad53,United States,1.54,True
acad51,United States,61.77,False
a3ba94,United States,35.04,False
a8bd56,United States,4.89,True
adba01,United States,54.74,False
ae67f3,United States,109.55,False
ac4a44,United States,233.92,False
c05bd5,Canada,183.58,False
a1094c,United States,229.63,False
4caf35,Ireland,240.49,False
abf4df,United States,58.85,False
ad34e5,United States,111.47,False
a704f9,United States,0.0,True
c05bcb,Canada,160.22,False
ae67e8,United States,119.87,False
347308,Spain,141.51,False
a6e4e8,United States,231.57,False
347303,Spain,214.75,False
347302,Spain,0.06,True
a8bd1b,United States,225.36,False
347301,Spain,0.64,True
a9a7c4,United States,0.0,True
aac1e8,United States,38.57,False
a0e917,United States,33.85,False
a24a8d,United States,250.72,False
acad6b,United States,54.37,False
aa71c8,United States,207.07,False
ae54e9,United States,113.88,False
ae54e7,United States,135.03,False
7c41fc,Australia,62.67,False
adba0a,United States,232.35,False
8a0a01,Indonesia,3.34,True
a5fa72,United States,48.43,False
4072dc,United Kingdom,221.61,False
a74d8d,United States,79.96,False
84b5ee,Japan,231.34,False
a01ca4,United States,108.68,False
a01ca5,United States,210.1,False
c00256,Canada,283.52,False
ad21bc,United States,1.8,True
780fe5,China,212.41,False
a62d4a,United States,51.97,False
adcd6d,United States,227.36,False
a1e302,United States,0.0,True
a32309,United States,29.33,False
88105a,Thailand,78.2,False
76bcc8,Singapore,232.27,False
c05ba9,Canada,80.77,False
ae54f2,United States,126.62,False
780ff5,China,202.69,False
a4da49,United States,86.65,False
780ff1,China,285.05,False
acad84,United States,56.23,False
ac01fd,United States,80.87,False
a74d2b,United States,145.58,False
a4ed5f,United States,85.17,False
abe1ec,United States,71.52,False
868094,Japan,233.45,False
4d23c3,Malta,241.94,False
7b1004,China,12.86,False
881058,Thailand,218.81,False
aae911,United States,46.71,False
c05bc8,Canada,237.57,False
a5c4e2,United States,0.0,True
3deb82,Germany,61.41,False
a0731f,United States,29.2,False
a08663,United States,4.63,True
a73a1c,United States,190.21,False
a48a8f,United States,173.88,False
a26fc9,United States,246.96,False
a5c4de,United States,232.37,False
a38fa4,United States,229.03,False
ac27a6,United States,211.04,False
a3dfeb,United States,15.43,True
ab3d14,United States,85.7,False
ab3d17,United States,155.2,False
8a0a9e,Indonesia,183.4,False
a70625,United States,33.07,False
a1d006,United States,55.37,False
514005,Georgia,0.0,True
514004,Georgia,74.59,True
a9a901,United States,220.12,False
a4b96d,United States,168.79,False
a3dffe,United States,228.0,False
a25cea,United States,45.28,False
8a0a8a,Indonesia,210.03,False
a44308,United States,239.07,False
a83953,United States,227.03,False
a25ce9,United States,47.91,False
a5898b,United States,66.11,False
ab3d39,United States,227.85,False
a3ccf3,United States,214.05,False
a25cdc,United States,5.4,True
71ce10,Republic of Korea,62.41,False
8a0a89,Indonesia,249.09,False
a20347,United States,158.08,False
ab3d40,United States,249.37,False
a5b316,United States,51.06,False
a4b996,United States,245.36,False
c01505,Canada,231.17,False
a19357,United States,6.17,True
ac5d38,United States,242.68,False
a61a9f,United States,146.7,False
8a0a70,Indonesia,11.83,False
a5d905,United States,82.14,False
ac27cf,United States,95.33,False
a5fa9f,United States,36.38,False
a32370,United States,32.61,False
acad02,United States,166.85,False
ac27f0,United States,134.88,False
a44357,United States,71.51,False
a57616,United States,264.36,False
a8aa77,United States,63.76,False
8a0a53,Indonesia,225.73,False
a1804c,United States,224.87,False
ad34b4,United States,225.75,False
ad47e4,United States,59.54,False
ad6a14,United States,51.44,False
a32368,United States,139.8,False
c000eb,Canada,221.96,False
39b225,France,253.28,False
4072a4,United Kingdom,209.47,False
a98d7e,United States,165.29,False
aac1af,United States,123.02,False
ac5d61,United States,153.27,False
a31093,United States,58.93,False
a25e14,United States,48.02,False
a00b17,United States,94.71,False
c05e8e,Canada,4.63,True
abd135,United States,212.95,False
a5a02e,United States,45.6,False
a81355,United States,46.72,False
ae5774,United States,86.25,False
a8cffd,United States,4.37,True
a68371,United States,218.66,False
a0e8af,United States,142.08,False
a6d34b,United States,214.84,False
a6c013,United States,1.54,True
a9a97f,United States,0.64,True
a67050,United States,112.54,False
c002e4,Canada,105.46,False
abe475,United States,237.54,False
aab169,United States,0.06,True
c002cd,Canada,60.08,False
abf78f,United States,228.15,False
ac047d,United States,240.68,False
a1d06a,United States,44.17,False
7505a7,Malaysia,217.87,False
e47f70,Brazil,222.03,False
a8135b,United States,42.18,False
a8268d,United States,231.31,False
a085a4,United States,239.05,False
a98cbc,United States,0.0,True
aab187,United States,132.65,False
c05e9d,Canada,121.13,False
ae5783,United States,43.24,False
abe496,United States,243.56,False
869560,Japan,311.05,False
86d200,Japan,271.21,False
ab09b4,United States,249.98,False
ac049e,United States,183.25,False
a12b2b,United States,229.02,False
a12b2d,United States,2.57,True
a24b0a,United States,251.34,False
c04b29,Canada,121.81,False
c05e62,Canada,238.6,False
ab3f18,United States,41.16,False
4cadc6,Ireland,279.84,False
ad2497,United States,65.95,False
ab819c,United States,225.28,False
a75fdf,United States,243.53,False
adbaca,United States,240.46,False
a192ae,United States,158.54,False
4cadd4,Ireland,103.52,False
a12b0a,United States,218.64,False
a12b0e,United States,3.86,True
aa0aab,United States,177.87,False
71ce66,Republic of Korea,0.51,False
a6e664,United States,47.89,False
a348c4,United States,240.1,False
346090,Spain,228.46,False
84b860,Japan,239.93,False
a8397c,United States,281.05,False
abd19e,United States,244.99,False
a55055,United States,87.59,False
346082,Spain,126.73,False
a12b31,United States,240.9,False
a12b32,United States,235.2,False
aa7427,United States,224.81,False
4cadb8,Ireland,248.49,False
aa7426,United States,129.77,False
a7f302,United States,245.78,False
a86cae,United States,186.65,False
a94626,United States,226.19,False
3c7a41,Germany,248.95,False
4cadff,Ireland,0.0,True
a455cd,United States,207.1,False
4bd159,Turkey,88.91,False
4cadfa,Ireland,75.86,False
7c446a,Australia,107.67,False
a442a9,United States,159.53,False
a4ee2e,United States,160.55,False
ac1720,United States,232.01,False
40753f,United Kingdom,226.42,False
a36b50,United States,230.32,False
a37e80,United States,232.15,False
a335eb,United States,71.52,False
ab3dc3,United States,137.98,False
3c7a51,Germany,215.4,False
a562a9,United States,57.76,False
a202f1,United States,99.03,False
3c7a54,Germany,204.57,False
34604e,Spain,251.78,False
34604d,Spain,134.8,False
86d266,Japan,255.26,False
7c445d,Australia,33.93,False
a36b2d,United States,146.74,False
7c312b,Australia,52.12,False
ad7da2,United States,219.18,False
a12b4d,United States,227.54,False
347387,Spain,246.35,False
ac0417,United States,6.43,True
a575e7,United States,234.62,False
acada0,United States,51.45,False
a24b39,United States,176.4,False
4cade9,Ireland,208.29,False
ac1747,United States,192.51,False
a825a6,United States,227.41,False
346047,Spain,93.06,False
a4db48,United States,51.08,False
a50e83,United States,58.1,False
a92082,United States,43.55,False
7c443f,Australia,4.12,True
4cadf4,Ireland,203.36,False
84b7b6,Japan,232.08,False
4cadf6,Ireland,222.19,False
86d237,Japan,130.02,False
ac175e,United States,48.51,False
34734f,Spain,202.06,False
40756d,United Kingdom,117.33,False
40756b,United Kingdom,226.64,False
40756a,United Kingdom,212.0,False
a6709b,United States,268.28,False
ab2add,United States,56.15,False
a36b73,United States,156.4,False
4d2493,Malta,266.17,False
407567,United Kingdom,232.2,False
407568,United Kingdom,175.89,False
abe450,United States,230.7,False
40621c,United Kingdom,156.28,False
ad7e6f,United States,201.92,False
ac5e8d,United States,156.45,False
a9a8ee,United States,85.21,False
a19404,United States,169.6,False
a8ab3c,United States,4.12,True
acae64,United States,192.68,False
4cae18,Ireland,103.4,False
a0d72b,United States,232.2,False
a01de5,United States,86.87,False
a85b42,United States,54.3,False
ac4b72,United States,228.33,False
a0875d,United States,63.23,False
c00359,Canada,59.56,False
abe2f6,United States,0.0,True
ad22e1,United States,241.82,False
a7f2d2,United States,242.31,False
acae7c,United States,45.07,False
a57719,United States,240.14,False
ac4b95,United States,188.2,False
a12ac7,United States,241.97,False
a12ac9,United States,216.86,False
a50e93,United States,274.95,False
a682b3,United States,53.57,False
a12ac0,United States,238.39,False
a12ac2,United States,4.89,True
a61b4e,United States,202.15,False
4cae58,Ireland,232.65,False
a21771,United States,141.73,False
4cae53,Ireland,147.03,False
3e0a43,Germany,24.18,False
a73b27,United States,61.74,False
4cae51,Ireland,85.23,False
7c4428,Australia,84.43,False
aa72b1,United States,120.38,False
a25dca,United States,45.46,False
a838e5,United States,146.31,False
c00342,Canada,58.41,False
a20415,United States,106.31,False
c01674,Canada,141.68,False
a07447,United States,51.75,False
a7f2a2,United States,183.48,False
7c4418,Australia,241.35,False
a74e7a,United States,233.13,False
a1e411,United States,277.02,False
ac1701,United States,100.48,False
a825e3,United States,230.85,False
a12aa0,United States,296.04,False
a8be0a,United States,92.34,False
4cae34,Ireland,263.63,False
4cae35,Ireland,240.45,False
c0031b,Canada,61.43,False
4cae31,Ireland,245.27,False
4cae33,Ireland,217.59,False
a5c5fe,United States,120.02,False
84b807,Japan,228.81,False
a6e720,United States,209.26,False
a3244a,United States,231.5,False
a3244c,United States,234.59,False
a20471,United States,216.31,False
ac5e23,United States,213.21,False
4cae8d,Ireland,83.76,False
aa7409,United States,216.71,False
a31122,United States,78.29,False
7c42d9,Australia,219.24,False
ac28be,United States,242.73,False
a57774,United States,91.18,False
a62de4,United States,70.88,False
a25def,United States,32.43,False
a12ae9,United States,283.67,False
4d22ad,Malta,229.86,False
aa871b,United States,44.26,False
a1f76c,United States,90.95,False
4cae65,Ireland,230.08,False
4d22b8,Malta,233.01,False
a69761,United States,240.22,False
a31111,United States,210.02,False
a74dd6,United States,64.01,False
c02966,Canada,8.75,True
a12ae5,United States,2.57,True
a44416,United States,205.89,False
a21799,United States,64.26,False
a12aea,United States,130.72,False
a12aeb,United States,162.3,False
c0293e,Canada,285.74,False
ad7e17,United States,85.0,False
a33766,United States,226.66,False
a57796,United States,144.56,False
84b81c,Japan,0.0,True
a0e9a1,United States,74.64,False
c05d9d,Canada,152.83,False
a01f37,United States,239.05,False
a099a7,United States,191.69,False
4073ce,United Kingdom,75.23,False
4cae9c,Ireland,5.66,True
4cae9e,Ireland,175.7,False
a48aca,United States,191.72,False
3472c4,Spain,243.8,False
ab3e98,United States,2.06,True
a0b169,United States,238.72,False
ac02c1,United States,54.18,False
a01f13,United States,196.95,False
7c42dc,Australia,96.37,False
a48ac4,United States,232.2,False
a8ab78,United States,30.05,False
846822,Japan,6.43,True
a56426,United States,53.75,False
86d310,Japan,244.8,False
ac939f,United States,43.73,False
8a0aba,Indonesia,106.52,False
aa78b2,United States,233.18,False
a35d25,United States,99.5,False
ac807d,United States,48.0,False
ac08b1,United States,231.82,False
adacfd,United States,243.69,False
a4cd23,United States,273.8,False
ac3e13,United States,6.69,True
a4cd29,United States,51.45,False
a11d51,United States,79.65,False
a1d4a7,United States,109.02,False
a11d47,United States,203.62,False
86d334,Japan,233.57,False
adf068,United States,238.81,False
abe8b6,United States,229.1,False
ac08d4,United States,7.72,True
a7824e,United States,131.87,False
aa4077,United States,76.49,False
a35d79,United States,189.12,False
a6b253,United States,225.17,False
7c7a36,Australia,248.58,False
7c7a38,Australia,203.87,False
a1c1c7,United States,5.14,True
71bc17,Republic of Korea,252.05,False
7c44b8,Australia,221.83,False
348395,Spain,214.27,False
ab0b42,United States,230.23,False
aaa2b0,United States,218.49,False
a291c1,United States,196.47,False
a7e580,United States,48.66,False
a1d4bc,United States,5.92,True
a0a1d2,United States,123.32,False
a794d9,United States,223.66,False
ac4ffb,United States,231.86,False
a12fa1,United States,131.28,False
a46a72,United States,229.22,False
4d2357,Malta,129.36,False
aa9b65,United States,149.31,False
a59d92,United States,53.86,False
a60d70,United States,34.57,False
a6c4d7,United States,245.61,False
aaa342,United States,183.72,False
4d2368,Malta,231.5,False
a12fb5,United States,55.91,False
a301f3,United States,177.54,False
a661bf,United States,240.32,False
800b63,India,138.39,False
ac8009,United States,206.44,False
a661ce,United States,172.54,False
a301e9,United States,45.67,False
a35d98,United States,236.9,False
800b2b,India,159.86,False
ad1666,United States,228.56,False
ab7376,United States,248.92,False
8468ee,Japan,4.89,True
aa9b42,United States,4.63,True
800b45,India,72.49,False
a301d8,United States,235.94,False
4d232c,Malta,74.94,False
a20957,United States,245.23,False
a7f7a0,United States,81.75,False
ab7394,United States,230.56,False
ab738b,United States,46.58,False
e03614,Argentina,207.91,False
a1863b,United States,259.31,False
aa78de,United States,49.65,False
a36fa4,United States,156.0,False
a3ad6d,United States,234.43,False
348310,Spain,263.8,False
a32919,United States,143.01,False
ad036b,United States,233.9,False
acf69b,United States,274.04,False
ad0375,United States,181.4,False
a59d5f,United States,227.59,False
a71a0b,United States,8.75,True
a84d25,United States,237.54,False
ad0373,United States,189.57,False
4d2387,Malta,248.98,False
800b80,India,226.7,False
adf011,United States,188.28,False
a0fce7,United States,58.22,False
a44960,United States,241.08,False
a3aca6,United States,219.9,False
8681a8,Japan,235.72,False
a44964,United States,248.38,False
a1600b,United States,178.33,False
0d0ecf,Mexico,150.56,False
a29337,United States,177.6,False
8694d8,Japan,249.06,False
a44963,United States,0.06,True
a44962,United States,260.93,False
a2097b,United States,48.36,False
a36ff7,United States,239.87,False
a68946,United States,263.21,False
a9aa73,United States,33.2,False
a6fa94,United States,242.34,False
7c4501,Australia,59.8,False
a4493f,United States,3.86,True
a4493d,United States,243.18,False
a4493c,United States,20.06,True
0d0ef1,Mexico,99.29,False
0d0ef3,Mexico,225.61,False
a4493a,United States,0.0,True
7c580a,Australia,3.6,True
850d8c,Japan,222.55,False
a44940,United States,114.15,False
a4492e,United States,83.53,False
a4dfd2,United States,152.3,False
ae6a8f,United States,57.05,False
a05347,United States,225.97,False
8681ba,Japan,200.33,False
a56972,United States,75.69,False
a6893c,United States,90.3,False
a11ce5,United States,173.5,False
ae6a85,United States,36.74,False
a44939,United States,233.07,False
8681b2,Japan,116.66,False
a44938,United States,253.31,False
8681b0,Japan,139.32,False
8681b3,Japan,237.81,False
a66301,United States,126.25,False
8681b9,Japan,77.47,False
4d229d,Malta,259.21,False
a4491d,United States,198.5,False
ab2fca,United States,72.1,False
a5b954,United States,215.01,False
8681ad,Japan,5.14,True
a0667b,United States,193.03,False
8681ae,Japan,237.16,False
ad1605,United States,0.06,True
c03bfb,Canada,10.8,True
85d7c0,Japan,149.6,False
abd627,United States,97.76,False
c03bf7,Canada,0.77,True
c03bf2,Canada,258.99,False
a47cd1,United States,141.83,False
c8200f,New Zealand,90.95,False
a924fc,United States,242.85,False
a0407f,United States,176.67,False
a8f1c3,United States,35.04,False
ac4fd8,United States,216.6,False
a4497f,United States,246.17,False
a44988,United States,249.5,False
4070eb,United Kingdom,74.95,False
a1e99d,United States,250.19,False
a44983,United States,202.41,False
ad5ca8,United States,85.18,False
a44982,United States,233.75,False
a44981,United States,233.59,False
a36fff,United States,232.06,False
7c4530,Australia,134.33,False
8694b6,Japan,219.02,False
a44984,United States,205.38,False
4070ee,United Kingdom,202.83,False
a924d9,United States,239.36,False
7c4538,Australia,76.0,False
ac096b,United States,80.11,False
a1d685,United States,43.73,False
a16037,United States,239.97,False
aaa326,United States,244.26,False
4070f0,United Kingdom,217.04,False
a28013,United States,101.87,False
a61fa4,United States,38.07,True
a36ffc,United States,172.22,False
4070e8,United Kingdom,255.32,False
aa9a57,United States,245.78,False
ab732f,United States,243.03,False
4070e6,United Kingdom,222.37,False
4070e7,United Kingdom,241.84,False
a4495b,United States,203.11,False
151fe5,Russian Federation,265.87,False
ab0a46,United States,112.15,False
abe7e3,United States,93.94,False
4d21d4,Malta,256.97,False
ad27f3,United States,283.92,False
7c30c0,Australia,61.77,False
a078e3,United States,80.15,False
a065b0,United States,50.23,False
a1739a,United States,100.83,False
aa4011,United States,36.21,False
4cad48,Ireland,241.41,False
7c43cc,Australia,53.13,False
3482d5,Spain,253.65,False
3482d6,Spain,247.09,False
a77035,United States,245.86,False
3c4581,Germany,256.22,False
a1c397,United States,55.62,False
3c4582,Germany,262.7,False
a7e666,United States,4.37,True
3c4583,Germany,270.43,False
a92639,United States,7.46,True
3c4598,Germany,148.72,False
846978,Japan,213.28,False
a6504b,United States,207.32,False
c82081,New Zealand,11.83,True
a6503f,United States,172.53,False
ae47e3,United States,54.5,False
3c4592,Germany,236.46,False
ae47e2,United States,56.68,False
3c4591,Germany,262.74,False
3c4596,Germany,263.84,False
c00899,Canada,76.1,False
ad5d6e,United States,57.63,False
ab1d9e,United States,50.46,False
a4ccba,United States,0.9,True
abc1bc,United States,276.47,False
a66316,United States,232.51,False
ace1af,United States,226.27,False
a41096,United States,206.29,False
ac91d4,United States,238.96,False
846910,Japan,236.71,False
a53006,United States,219.34,False
ad5d5f,United States,10.29,True
abc1cd,United States,40.85,False
ab0a95,United States,238.1,False
a93954,United States,58.66,False
a97fc9,United States,219.68,False
ae6a23,United States,54.08,False
a80641,United States,193.07,False
a208b1,United States,219.85,False
846932,Japan,235.98,False
ab0a9d,United States,274.0,False
aa660f,United States,35.0,False
aaea8e,United States,43.07,False
aaea8c,United States,278.21,False
a6b301,United States,51.31,False
7c43fe,Australia,60.24,False
a1b092,United States,4.63,True
4d21e6,Malta,125.06,False
ae21c6,United States,65.72,False
71aa64,Republic of Korea,132.42,False
a302a0,United States,212.36,False
a448db,United States,238.05,False
7c7b13,Australia,52.68,False
881427,Thailand,179.93,False
881426,Thailand,244.88,False
861ae4,Japan,244.87,False
71bd86,Republic of Korea,188.29,False
abb19c,United States,143.03,False
a0fe7a,United States,236.05,False
71bd85,Republic of Korea,179.65,False
88140e,Thailand,113.67,False
39c498,France,2.83,True
aab6a2,United States,71.65,False
a448d7,United States,212.47,False
a448d6,United States,87.46,False
0d0f5a,Mexico,235.74,False
a11e8b,United States,218.64,False
a4ce43,United States,41.69,False
e8c0a3,Peru,239.13,False
a675a9,United States,175.12,False
a185ca,United States,236.29,False
c03da9,Canada,196.18,False
a9bcf9,United States,52.46,False
4d20ef,Malta,249.1,False
a9bcf5,United States,53.38,False
a052d9,United States,97.66,False
ac2c10,United States,13.38,True
a60e3f,United States,56.0,False
a7d39d,United States,222.16,False
a09b65,United States,117.43,False
ae1193,United States,211.95,False
a89086,United States,233.52,False
a22b28,United States,0.9,True
abe9d3,United States,41.88,False
a172ae,United States,189.92,False
ac2c23,United States,227.64,False
a292ea,United States,46.11,False
a3f07f,United States,232.09,False
0d0f13,Mexico,227.73,False
7c7b56,Australia,58.93,False
34718e,Spain,219.7,False
a6504e,United States,1.54,True
a6c69e,United States,55.8,False
a91369,United States,186.69,False
800c43,India,192.14,False
ac2c33,United States,239.99,False
a7c00f,United States,194.57,False
862db6,Japan,0.0,True
485a86,Kingdom of the Netherlands,236.35,False
a5307f,United States,196.03,False
a6c691,United States,36.01,False
ab86f0,United States,42.4,False
347191,Spain,230.44,False
a06703,United States,0.0,True
a34b64,United States,206.63,False
151eea,Russian Federation,240.16,False
4c0221,Serbia,262.44,False
4c0223,Serbia,251.63,False
adf194,United States,193.02,False
800c11,India,206.29,False
71bd78,Republic of Korea,95.21,False
a77077,United States,184.86,False
0d0f35,Mexico,140.35,False
a65086,United States,226.36,False
a1d5fa,United States,40.33,False
39c48d,France,245.36,False
a35e6f,United States,220.83,False
aaec3e,United States,76.96,False
aa9afc,United States,239.77,False
862df4,Japan,234.0,False
a292c9,United States,208.48,False
a1c2ad,United States,52.02,False
ac2c56,United States,228.78,False
0c43aa,Dominican Republic,245.54,False
a448f8,United States,242.33,False
a448f2,United States,124.23,False
a7e693,United States,86.18,False
a448f6,United States,226.38,False
a448f5,United States,2.06,True
ac3dec,United States,89.53,False
ac2abd,United States,83.35,False
4cabd2,Ireland,247.02,False
aaa462,United States,175.2,False
ad5dda,United States,11.83,True
a06738,United States,50.42,False
a06737,United States,137.35,False
aaeae5,United States,3.34,True
aa40c8,United States,113.37,False
ab879f,United States,230.39,False
abc455,United States,237.21,False
a7e5c1,United States,234.25,False
a4ce9e,United States,169.66,False
ab0aed,United States,36.03,False
4d222d,Malta,76.85,False
a422f7,United States,252.35,False
7c203d,Australia,57.44,False
a4bb97,United States,0.0,False
a4bb8a,United States,244.33,False
aa9c5b,United States,260.21,False
a7d2ae,United States,1.03,False
a5db5d,United States,109.89,False
a35e9c,United States,227.3,False
ab615b,United States,248.95,False
abb12d,United States,245.97,False
adf128,United States,211.89,False
a0675f,United States,82.34,False
aa9c3e,United States,107.67,False
a5db18,United States,83.87,False
86e79a,Japan,220.61,False
a5ee51,United States,215.72,False
a6d8e5,United States,78.1,False
aa9c2d,United States,87.28,False
4d227d,Malta,214.75,False
a688ff,United States,215.28,False
a84e0c,United States,197.45,False
a4ce71,United States,262.03,False
a542d7,United States,69.12,False
ace492,United States,117.62,False
a84e3f,United States,191.78,False
abb172,United States,130.04,False
a0541b,United States,241.67,False
4d2250,Malta,229.4,False
aa79f9,United States,263.96,False
aa79f6,United States,152.36,False
acd13f,United States,77.28,False
ad4afb,United States,213.19,False
ad4afd,United States,57.62,False
ac3f09,United States,84.39,False
a5db2c,United States,206.29,False
4cabf8,Ireland,220.66,False
a1d76b,United States,232.09,False
71005c,Saudi Arabia,250.81,False
a9ab87,United States,183.83,False
a2e427,United States,68.32,False
a0a457,United States,237.44,False
0d0dc4,Mexico,139.19,False
c0807d,Canada,68.44,False
a18796,United States,133.53,False
a34aa0,United States,83.53,False
a1b107,United States,95.57,False
0d0dba,Mexico,230.07,False
7c5950,Australia,106.57,False
850e9c,Japan,237.83,False
c08081,Canada,238.44,False
861b47,Japan,243.59,False
0d0dd1,Mexico,9.26,True
c0806f,Canada,53.17,False
0d0dd9,Mexico,238.79,False
c008c6,Canada,221.4,False
424a71,United Kingdom,20.58,False
70e083,Cambodia,70.03,False
0d0de2,Mexico,234.57,False
7c593a,Australia,104.0,False
86d2aa,Japan,260.63,False
a60dab,United States,63.06,False
a55767,United States,238.26,False
c0809d,Canada,0.0,True
a35dc2,United States,9.77,True
ab8748,United States,283.66,False
a9ab72,United States,2.57,True
0d0dda,Mexico,248.57,False
a05470,United States,189.32,False
0d0ddb,Mexico,113.87,False
a60dd4,United States,45.39,False
4071c7,United Kingdom,233.39,False
70e071,Cambodia,234.52,False
a6c70f,United States,202.36,False
a3f120,United States,228.93,False
0d0df6,Mexico,3.86,True
ab1dd5,United States,217.21,False
a41131,United States,231.9,False
a42466,United States,110.04,False
a1b162,United States,232.35,False
a9be80,United States,63.39,False
a41120,United States,59.29,False
4b19fe,Switzerland,245.8,False
4cac13,Ireland,234.69,False
861b06,Japan,255.11,False
a2f77b,United States,243.19,False
ac3dc8,United States,49.78,False
a34ae6,United States,256.09,False
a46ab3,United States,142.68,False
710052,Saudi Arabia,250.8,False
0d0da4,Mexico,221.36,False
aa9b82,United States,3.09,True
710058,Saudi Arabia,253.33,False
710057,Saudi Arabia,251.8,False
abc432,United States,225.27,False
71002a,Saudi Arabia,245.2,False
850e7a,Japan,212.86,False
a3adb9,United States,236.29,False
8695c6,Japan,244.61,False
abd760,United States,66.4,False
a3adaa,United States,107.07,False
a59da3,United States,127.4,False
0d0db9,Mexico,244.29,False
71be34,Republic of Korea,295.64,False
758087,Philippines,201.43,False
00af5a,South Africa,211.54,False
a6a11e,United States,221.04,False
ac92b1,United States,0.0,True
71be20,Republic of Korea,193.87,False
a28195,United States,48.15,False
aaa2d4,United States,11.32,True
a23f0c,United States,186.95,False
aaa2d3,United States,113.21,False
a9276d,United States,62.28,False
7c7a4d,Australia,205.91,False
151eb9,Russian Federation,220.5,False
c04fff,Canada,198.75,False
a5449a,United States,240.01,False
7c7a60,Australia,0.0,True
86d2fb,Japan,236.22,False
7c7a3e,Australia,182.65,False
a0c9a9,United States,88.32,False
a6b470,United States,203.72,False
4cac23,Ireland,221.1,False
7c7a58,Australia,21.98,False
4cac0d,Ireland,9.77,True
ac2b61,United States,216.63,False
a90118,United States,133.43,False
a066a3,United States,213.61,False
a41144,United States,243.44,False
a6516a,United States,38.49,False
a41146,United States,112.5,False
a7d43c,United States,241.43,False
758073,Philippines,232.3,False
7c7a46,Australia,221.27,False
7c7a47,Australia,265.82,False
a1b170,United States,81.36,False
a066f8,United States,21.93,False
aa9ab6,United States,263.68,False
885b4b,Thailand,75.99,False
04c15b,Kenya,264.2,False
04c15a,Kenya,260.34,False
ad4b73,United States,5.66,True
aa5434,United States,92.27,False
abc2e5,United States,0.0,True
86d2cc,Japan,253.46,False
ac2b80,United States,242.93,False
861b8e,Japan,220.86,False
a71aa5,United States,95.37,False
c04fd7,Canada,271.42,False
4cac8c,Ireland,231.58,False
8682f4,Japan,8.75,True
a449af,United States,162.01,False
a66442,United States,39.11,False
70e084,Cambodia,249.44,False
ac2b8e,United States,73.38,False
885b47,Thailand,226.78,False
885b48,Thailand,209.17,False
885b45,Thailand,0.0,True
885b44,Thailand,191.54,False
4cac7f,Ireland,261.08,False
a84dd1,United States,144.97,False
39c424,France,124.32,False
39c426,France,182.44,False
a83aa2,United States,31.82,False
04c147,Kenya,228.84,False
c03cad,Canada,106.99,False
a71aad,United States,7.72,True
a449a4,United States,3.6,True
4cac62,Ireland,230.21,False
a449a2,United States,154.36,False
a449a1,United States,140.0,False
a449a8,United States,237.91,False
a11f46,United States,50.43,False
7c7a93,Australia,35.29,False
86d2ee,Japan,198.66,False
71be03,Republic of Korea,239.63,False
c04ff7,Canada,214.27,False
7c7a6c,Australia,25.72,False
a329b0,United States,53.56,False
c04fdd,Canada,268.52,False
a11f59,United States,1.29,True
7c7a85,Australia,59.89,False
800d14,India,163.05,False
acf486,United States,247.18,False
861bec,Japan,5.92,True
a9ccde,United States,233.74,False
a578a1,United States,69.26,False
a2e09a,United States,246.87,False
0c20a7,Panama,224.71,False
7c7c39,Australia,37.74,False
86e86e,Japan,250.02,False
7c7c32,Australia,48.69,False
aa5194,United States,48.94,False
408357,United Kingdom,89.05,False
a79386,United States,136.25,False
a91051,United States,22.12,True
a92383,United States,43.95,False
a5409e,United States,39.65,False
a0c5d0,United States,27.96,False
800d1b,India,213.73,False
a0d8ec,United States,45.38,False
40833c,United Kingdom,223.25,False
a088ec,United States,45.89,False
a2e098,United States,245.18,False
a338ac,United States,223.73,False
aaa19e,United States,177.33,False
40832a,United Kingdom,5.14,True
a062a4,United States,149.68,False
a6c39f,United States,135.63,False
acf492,United States,225.76,False
4cab8a,Ireland,251.18,False
acf497,United States,178.51,False
acf48c,United States,241.03,False
a92361,United States,3.86,True
acf48f,United States,234.67,False
a92367,United States,238.3,False
ab2f36,United States,233.27,False
a8f00e,United States,278.2,False
ac4f29,United States,218.18,False
a062ec,United States,249.98,False
a35b39,United States,78.75,False
a85ce8,United States,196.62,False
0c20f4,Panama,243.88,False
0c20f2,Panama,231.24,False
a062ef,United States,228.73,False
a8bfeb,United States,238.19,False
a35b42,United States,230.24,False
a36e73,United States,207.1,False
86e82a,Japan,196.11,False
a91005,United States,90.42,False
a48e46,United States,201.74,False
c04e6f,Canada,107.8,False
a35b27,United States,1.03,True
a445ad,United States,204.61,False
a445ab,United States,195.22,False
0c20d6,Panama,108.83,False
a80329,United States,228.4,False
a5fcef,United States,86.47,False
c03b54,Canada,270.44,False
40837b,United Kingdom,214.33,False
a1e5db,United States,49.98,False
aa779d,United States,138.28,False
861bb0,Japan,171.87,False
a23b55,United States,84.76,False
7c7c3d,Australia,53.11,False
0c20be,Panama,233.18,False
a6604d,United States,65.66,False
a48e1f,United States,0.0,True
a6c365,United States,243.62,False
a12e80,United States,217.27,False
a445a9,United States,255.48,False
86e84c,Japan,7.2,True
a23b25,United States,39.51,False
0c20ac,Panama,240.09,False
a6c358,United States,6.43,True
a24e5f,United States,39.87,False
ace19a,United States,0.19,True
a8299a,United States,223.57,False
7c33c6,Australia,92.46,False
7c7c40,Australia,51.03,False
7c46f2,Australia,56.59,False
7c7c42,Australia,56.79,False
7c7c43,Australia,56.77,False
4691c5,Greece,105.74,False
4691c3,Greece,8.23,True
c03b15,Canada,223.88,False
a935a6,United States,90.79,False
a698fa,United States,50.78,False
710112,Saudi Arabia,281.03,False
a2f2d9,United States,36.06,False
a445ec,United States,221.99,False
a445ef,United States,237.3,False
a445ee,United States,113.53,False
c04e45,Canada,41.67,False
a35b71,United States,99.85,False
710100,Saudi Arabia,257.7,False
7c7afc,Australia,3.6,True
710104,Saudi Arabia,256.21,False
a61e79,United States,79.84,False
0c2195,Panama,230.91,False
710103,Saudi Arabia,263.04,False
0c2194,Panama,243.47,False
710101,Saudi Arabia,273.36,False
aafac4,United States,33.82,False
a445f0,United States,227.86,False
aaa120,United States,189.71,False
71011e,Saudi Arabia,256.57,False
abc107,United States,225.27,False
0c217b,Panama,245.62,False
ac9113,United States,7.2,True
7c7af7,Australia,38.49,False
a1d2dc,United States,233.86,False
711462,Saudi Arabia,180.69,False
710116,Saudi Arabia,78.97,False
ab8469,United States,156.72,False
0c2179,Panama,259.64,False
aa76cb,United States,84.37,False
a445d9,United States,229.61,False
4d2100,Malta,239.04,False
abe77a,United States,226.17,False
a19728,United States,73.62,False
4d214d,Malta,249.38,False
4d2153,Malta,0.26,True
ac078b,United States,171.34,False
09a06b,Gambia,1.8,True
86d594,Japan,103.3,False
ac911d,United States,89.19,False
408314,United Kingdom,235.49,False
ac3adf,United States,221.23,False
abc12a,United States,263.1,False
86d57f,Japan,248.25,False
a708b0,United States,0.0,True
ace108,United States,238.99,False
ad0122,United States,95.39,False
a00dd9,United States,150.09,False
a6b07e,United States,207.53,False
aa76a8,United States,228.75,False
a19702,United States,68.47,False
01010d,Egypt,248.03,False
79a05f,China,251.51,False
a2f2fa,United States,287.0,False
c018c8,Canada,104.3,False
86d59c,Japan,106.28,False
a17108,United States,245.37,False
39d2af,France,282.52,False
4d206e,Malta,239.19,False
adbe91,United States,207.08,False
39d2ac,France,288.94,False
39d2ad,France,5.92,True
39d2b7,France,260.62,False
39d2b5,France,259.06,False
a20767,United States,58.79,False
a3271e,United States,188.11,False
4d207e,Malta,255.66,False
a06464,United States,77.56,False
a3bda6,United States,0.45,True
a06461,United States,47.33,True
0ae10d,Costa Rica,0.0,True
a8ae7f,United States,202.28,False
39d2a7,France,236.96,False
39d2a8,France,182.22,False
39d2a9,France,135.06,False
39d2a1,France,279.68,False
39d2a3,France,238.44,False
39d2a4,France,288.12,False
a85e6e,United States,64.51,False
a1c11a,United States,64.39,False
a05165,United States,74.6,False
800bc4,India,229.0,False
7c7acf,Australia,63.18,False
a17140,United States,2.06,True
a1d44e,United States,233.18,False
c00685,Canada,90.8,False
a9ce51,United States,54.37,False
a0faf3,United States,236.32,False
a43423,United States,196.04,False
a5eb68,United States,74.09,False
a2f424,United States,230.53,False
a23ae0,United States,29.32,False
a0fac3,United States,160.83,False
7c7ab9,Australia,199.33,False
3480cc,Spain,231.51,False
a1977d,United States,73.67,False
a59b9c,United States,206.26,False
a23ab6,United States,20.49,False
7c7ab0,Australia,231.68,False
7c7ab1,Australia,0.0,True
7c7ab2,Australia,194.69,False
7c7ab3,Australia,258.05,False
ab973e,United States,61.99,False
a802e7,United States,209.54,False
a30104,United States,151.91,False
4d2095,Malta,0.39,True
01018d,Egypt,241.32,False
4081cf,United Kingdom,5.14,True
7c7aa6,Australia,266.83,False
7c7aa9,Australia,233.09,False
c00692,Canada,4.89,True
800ba9,India,230.85,False
7c7aa0,Australia,244.42,False
010195,Egypt,743.54,False
a8ae58,United States,81.63,False
71bf50,Republic of Korea,246.4,False
7c7b7d,Australia,5.14,True
abe5a2,United States,257.01,False
a54137,United States,270.83,False
71bf41,Republic of Korea,255.53,False
a6d745,United States,97.78,False
a97dab,United States,27.85,False
ac3b28,United States,49.65,False
aab2a5,United States,240.07,False
c00638,Canada,199.85,False
a73dd3,United States,142.5,False
ac3b0f,United States,10.29,True
a31486,United States,74.11,False
a6610a,United States,69.68,False
a2f45b,United States,69.62,False
a12f07,United States,189.56,False
c00636,Canada,104.86,False
a12f08,United States,1.03,True
c01968,Canada,114.24,False
7c7b87,Australia,0.64,True
ab1b3e,United States,152.35,False
7c7b5a,Australia,63.67,False
aa0dd3,United States,42.12,False
a4343a,United States,239.34,False
a8042c,United States,48.94,False
850edc,Japan,102.61,False
abf8ff,United States,245.56,False
a4caf6,United States,73.57,False
a17170,United States,227.25,False
c04cc8,Canada,74.97,False
aab2bf,United States,146.78,False
a1d470,United States,56.52,False
ac4e85,United States,125.94,False
a12f2a,United States,212.97,False
a5540c,United States,0.0,True
a81705,United States,49.05,False
71bf09,Republic of Korea,7.72,True
71bf07,Republic of Korea,61.73,True
71bf06,Republic of Korea,135.56,False
adbe48,United States,153.32,False
aab2f4,United States,46.02,False
adbe39,United States,62.08,False
ae58f1,United States,102.52,False
a4ddca,United States,5.66,True
ac3b78,United States,221.8,False
71bf34,Republic of Korea,244.27,False
a9bb70,United States,84.07,False
71bf32,Republic of Korea,207.46,False
0100a7,Egypt,73.66,False
adab31,United States,213.29,False
71bf27,Republic of Korea,4.63,True
a4caaa,United States,87.62,False
abd2e6,United States,215.6,False
3c5642,Germany,1.03,True
71bf19,Republic of Korea,98.95,False
a1c183,United States,47.03,False
a12f6f,United States,144.66,False
a196f3,United States,62.93,False
a36f43,United States,66.04,False
a12f73,United States,245.93,False
4b191c,Switzerland,243.73,False
4b191d,Switzerland,281.23,False
4b191f,Switzerland,226.67,False
a61f05,United States,261.98,False
4b191b,Switzerland,224.83,False
a183d3,United States,126.03,False
a063df,United States,146.82,False
4b1921,Switzerland,249.46,False
a4a9d1,United States,87.41,False
ab1d06,United States,195.07,False
a7816a,United States,224.74,False
abc29a,United States,275.39,False
a4cc00,United States,214.76,False
86d68f,Japan,240.82,False
ace295,United States,44.94,False
a0c6c6,United States,59.63,False
407131,United Kingdom,75.11,False
a12f52,United States,199.89,False
a196c8,United States,0.0,True
a96ae3,United States,202.73,False
a92478,United States,92.6,False
a1e6b9,United States,279.29,False
a4218d,United States,57.06,False
7c47ba,Australia,164.86,False
451dbd,Bulgaria,81.93,False
7c47bb,Australia,220.36,False
a12f72,United States,245.36,False
ac07b8,United States,97.36,False
7c47bd,Australia,72.04,False
a459a6,United States,81.95,False
aac7ab,United States,88.81,False
a300a9,United States,236.87,False
71bf94,Republic of Korea,266.46,False
71bf93,Republic of Korea,186.95,False
aafd17,United States,133.95,False
71bf92,Republic of Korea,236.51,False
71bf91,Republic of Korea,69.08,False
a67480,United States,34.79,False
86d61c,Japan,5.66,True
ad5d04,United States,230.16,False
40717a,United Kingdom,183.6,False
a7d114,United States,70.12,False
40717e,United Kingdom,223.14,False
40717f,United Kingdom,72.92,False
a73dfe,United States,232.37,False
71bf82,Republic of Korea,215.24,False
71bf89,Republic of Korea,236.6,False
a1d3bf,United States,0.0,True
c04f8d,Canada,220.02,False
7100c3,Saudi Arabia,249.19,False
a1d3d1,United States,142.75,False
407182,United Kingdom,263.69,False
7c6a53,Australia,142.26,False
a7f765,United States,129.65,False
7c6a58,Australia,8.75,True
7100bf,Saudi Arabia,255.31,False
aafd1e,United States,47.73,False
407179,United Kingdom,213.06,False
a579a4,United States,39.61,False
86d64b,Japan,204.85,False
407176,United Kingdom,215.35,False
a66174,United States,213.62,False
ab84c9,United States,237.43,False
abe7c5,United States,174.92,False
ad14a3,United States,245.48,False
a4a9a8,United States,240.77,False
a446aa,United States,178.61,False
a1d3b4,United States,169.35,False
ae4840,United States,73.26,False
3c66c5,Germany,233.29,False
a4df7d,United States,59.52,False
a72c3b,United States,222.31,False
4692da,Greece,251.14,False
ac086b,United States,231.01,False
a7f6b9,United States,169.86,False
a72c32,United States,50.44,False
4d2003,Malta,225.99,False
a923a7,United States,60.51,False
a923a8,United States,247.28,False
a923a9,United States,237.57,False
abe872,United States,228.33,False
ad2862,United States,4.89,True
ab7247,United States,52.61,False
0c2075,Panama,221.61,False
aa9a30,United States,184.03,False
0c2073,Panama,1.03,True
0c2068,Panama,235.58,False
0c2065,Panama,219.21,False
ab1bf9,United States,239.42,False
abd559,United States,234.21,False
a540e2,United States,127.08,False
ac088e,United States,242.89,False
aaa244,United States,224.66,False
0c2061,Panama,238.9,False
aa9a0a,United States,166.18,False
aafbf3,United States,237.68,False
a5ec61,United States,193.03,False
ab8590,United States,75.69,False
a84c32,United States,54.07,False
ab7267,United States,188.57,False
c006ec,Canada,305.87,False
a446f1,United States,121.14,False
47ae38,Norway,258.45,False
a4df52,United States,2.31,True
7c47b8,Australia,255.24,False
a3280a,United States,247.67,False
a4df56,United States,249.44,False
acf54f,United States,220.16,False
a73f35,United States,77.68,False
4d201e,Malta,225.43,False
7c47ac,Australia,220.35,False
aaa267,United States,251.29,False
ad1560,United States,245.55,False
ac3beb,United States,215.67,False
7c47a8,Australia,205.03,False
7c47a9,Australia,126.42,False
7580ef,Philippines,261.65,False
4d203c,Malta,142.05,False
4d203d,Malta,241.09,False
a9249c,United States,236.45,False
4b906d,Turkey,519.71,False
4b906c,Turkey,1090.86,False
451e90,Bulgaria,254.74,False
a32803,United States,67.38,False
abd57e,United States,154.6,False
ae223e,United States,83.75,False
a4df89,United States,195.37,False
abc26e,United States,1.54,False
4d201a,Malta,233.97,False
3c66c1,Germany,268.95,False
c03c04,Canada,204.4,False
0c208e,Panama,242.33,False
4b9069,Turkey,223.45,False
aaa28a,United States,39.83,False
a3ac77,United States,0.0,True
a85f29,United States,223.36,False
a553ce,United States,236.38,False
0c2096,Panama,235.79,False
0c2095,Panama,233.97,False
4b9065,Turkey,8.23,True
a96c96,United States,187.26,False
a0c881,United States,60.23,False
a8f0bd,United States,240.53,False
a4482e,United States,6.43,True
ac90f3,United States,71.53,False
a0fbb7,United States,277.2,False
4082e6,United Kingdom,83.75,False
adac5d,United States,137.0,False
a36eae,United States,251.13,False
a24ef7,United States,237.85,False
4082cc,United Kingdom,234.43,False
7c7ba1,Australia,8.23,False
4082cb,United Kingdom,225.64,False
a24ef0,United States,2.06,True
ace0d2,United States,229.72,False
a56843,United States,63.02,False
a96c72,United States,4.89,True
a9cf81,United States,72.66,False
a923ee,United States,236.75,False
a19865,United States,45.27,False
ac0818,United States,146.9,False
a12ef5,United States,0.0,True
a11bc6,United States,232.34,False
a11bc8,United States,241.07,False
ad2807,United States,1.54,True
a56869,United States,41.73,False
a56862,United States,156.46,False
a56866,United States,137.81,False
a0a264,United States,42.6,False
a1e89b,United States,81.55,False
abe80e,United States,92.89,False
a17260,United States,46.71,False
a2089d,United States,274.73,False
a923cd,United States,143.99,False
a923cf,United States,90.15,False
a30246,United States,119.79,False
a6c3f3,United States,62.72,False
a7f6f6,United States,1.03,True
a7f6f7,United States,197.21,False
a72c78,United States,239.16,False
a6c3ca,United States,184.97,False
a660dc,United States,40.26,False
a923db,United States,46.43,False
aac850,United States,261.99,False
ab2ee0,United States,174.75,False
7c7bd9,Australia,68.36,False
86e7de,Japan,256.71,False
ab8537,United States,231.08,False
7c7bce,Australia,32.41,True
800cc7,India,141.21,False
abe82c,United States,12.86,True
4b17f8,Switzerland,0.0,True
7c7bcc,Australia,244.2,False
a36ee3,United States,163.51,False
ab2ef4,United States,33.57,False
7c7bc6,Australia,200.78,False
ae4814,United States,55.67,False
a793fd,United States,239.73,False
a29223,United States,1.03,True
c03af2,Canada,203.62,False
7c7bc1,Australia,72.12,False
abd50f,United States,237.25,False
0d0ff3,Mexico,195.27,False
800cd5,India,0.0,True
0d0ff5,Mexico,210.46,False
ab8553,United States,4.37,True
7c487c,Australia,15.43,True
aac873,United States,220.2,False
ae4819,United States,51.45,False
a6b0d2,United States,190.43,False
4082f4,United Kingdom,190.4,False
ad6f3b,United States,29.83,False
7c7c9c,Australia,209.39,False
aafc36,United States,220.13,False
ac4f4c,United States,235.73,False
ad6f52,United States,46.92,False
aa5237,United States,245.95,False
3481d5,Spain,4.89,True
a96ba2,United States,228.64,False
a96ba9,United States,43.41,False
a4cbed,United States,47.74,False
a3025d,United States,117.97,False
aac6f5,United States,138.67,False
aac6ee,United States,253.15,False
c00757,Canada,212.89,False
ac3c41,United States,212.79,False
a72bda,United States,251.02,False
a2f584,United States,251.45,False
ab83e8,United States,238.62,False
ac4f6f,United States,139.33,False
aa7876,United States,89.27,False
3c4222,Germany,7.46,True
a6d88b,United States,242.86,False
86d607,Japan,241.39,False
a43569,United States,49.11,False
ac90a8,United States,0.51,True
a8aeb6,United States,73.05,False
a5427b,United States,87.86,False
0d0fb1,Mexico,2.57,True
ac90a0,United States,189.05,False
a67527,United States,77.34,False
44b661,Belgium,58.77,False
ad6f93,United States,284.22,False
4caa40,Ireland,219.38,False
abc0c1,United States,232.64,False
a5b84e,United States,76.25,False
4caa57,Ireland,189.84,False
a81815,United States,240.46,False
a7f804,United States,243.15,False
a197d6,United States,72.43,False
a73eb7,United States,54.19,False
a2e28f,United States,151.98,False
ad26fd,United States,46.82,False
a1e7a8,United States,28.96,False
4b1916,Switzerland,140.79,False
a077c5,United States,58.1,False
a80522,United States,0.06,True
ac3c7f,United States,73.06,False
a5688a,United States,237.35,False
a077bd,United States,50.86,False
850fb6,Japan,0.45,True
c00741,Canada,155.07,False
abc0e4,United States,157.39,False
a6d83c,United States,231.58,False
