icao24,origin_country,velocity,on_ground
ab1644,United States,99.71,False
a09281,United States,47.94,False
aa9321,United States,251.5,False
a34230,United States,151.14,False
80163d,India,212.07,False
a3ebd7,United States,31.06,False
acdfa6,United States,228.15,False
c81bce,New Zealand,124.22,False
ac4963,United States,208.14,False
a3b88e,United States,0.0,True
a4d879,United States,183.91,False
a36897,United States,33.0,False
a36898,United States,200.42,False
a9fc94,United States,49.54,False
a5954e,United States,200.18,False
aa9300,United States,268.26,False
7c2ee7,Australia,92.2,False
801621,India,226.64,False
851914,Japan,0.0,True
a5d203,United States,282.82,False
a15bf8,United States,28.29,False
adb930,United States,72.63,False
ad5623,United States,129.64,False
ac231d,United States,80.22,False
a09272,United States,61.84,False
80161a,India,231.95,False
801625,India,227.74,False
a52bdb,United States,131.49,False
a89eb9,United States,33.44,False
acdfab,United States,12.86,True
ad694c,United States,6.69,True
407a06,United Kingdom,237.8,False
a4b238,United States,240.07,False
a34215,United States,198.6,False
0d1314,Mexico,219.73,False
a2355d,United States,230.93,False
ae1fe9,United States,61.64,False
e8023b,Chile,179.42,False
adeca5,United States,228.26,False
a2228b,United States,190.71,False
8a02d3,Indonesia,142.84,False
abacd2,United States,137.37,False
ae6306,United States,176.38,False
4acb02,Sweden,230.76,False
a47597,United States,151.47,False
4bc8c8,Turkey,233.09,False
a7bc8e,United States,215.61,False
a53eb2,United States,58.3,False
e8024d,Chile,104.66,False
80167d,India,240.25,False
abf008,United States,222.25,False
a61836,United States,3.34,True
acdfcc,United States,80.39,False
a3425f,United States,58.0,False
a9a0bb,United States,5.47,False
e80267,Chile,254.32,False
e80261,Chile,188.33,False
4bc8d5,Turkey,246.47,False
4bc8d6,Turkey,0.0,True
a963f2,United States,48.55,False
a2226b,United States,56.08,False
80164e,India,208.36,False
a35592,United States,201.2,False
a39bfa,United States,265.93,False
47b217,Norway,78.72,False
acdffc,United States,206.19,False
801663,India,227.73,False
e80278,Chile,212.48,False
ac3688,United States,242.89,False
801666,India,268.46,False
8744d4,Japan,0.06,True
adecb6,United States,11.32,True
aae377,United States,68.16,False
e8026d,Chile,165.65,False
a3689e,United States,236.55,False
a3556f,United States,140.85,False
abf025,United States,144.26,False
a3b86c,United States,6.43,True
ac21e4,United States,213.06,False
aa8075,United States,229.46,False
adda1e,United States,245.77,False
aded4f,United States,34.98,False
ab01ee,United States,54.02,False
a114a4,United States,90.21,False
a8a88b,United States,177.19,False
a7bbe9,United States,135.26,False
e80219,Chile,190.17,False
a9a215,United States,64.19,False
ae74e8,United States,60.67,False
accd69,United States,209.81,False
aae1ea,United States,0.9,True
a83244,United States,96.48,False
a9523c,United States,242.46,False
a7124e,United States,236.74,False
e8020d,Chile,196.55,False
a7cefd,United States,86.47,False
3455d5,Spain,5.4,True
a0f4a2,United States,245.44,False
a091a6,United States,275.12,False
44023f,Austria,224.49,False
a6f23d,United States,213.48,False
ae74d3,United States,9.57,False
0d11e6,Mexico,235.78,False
4bc8cf,Turkey,228.23,False
acba5a,United States,57.98,False
a71291,United States,222.88,False
4bc8ce,Turkey,4.89,True
4bc8cb,Turkey,71.47,False
e8021e,Chile,229.6,False
3455c1,Spain,3.6,True
c81d02,New Zealand,33.84,False
e8022a,Chile,131.7,False
80169e,India,238.39,False
46b82a,Greece,228.75,False
0d11f9,Mexico,196.39,False
46b82f,Greece,244.19,False
a3428e,United States,216.84,False
a96561,United States,31.59,False
c0226c,Canada,233.39,False
e80246,Chile,237.99,False
a27d58,United States,73.38,False
c0220d,Canada,249.0,False
a091d4,United States,9.46,False
46b831,Greece,244.12,False
c07bbe,Canada,174.41,False
c81d25,New Zealand,126.27,False
a091d5,United States,0.0,True
a02a69,United States,253.19,False
8851e9,Thailand,239.94,False
a101c3,United States,149.02,False
a114f4,United States,234.59,False
a4c592,United States,1.54,True
a5958c,United States,234.09,False
a6189c,United States,287.27,False
8851e5,Thailand,236.22,False
a40d16,United States,67.64,False
46b825,Greece,127.88,False
46b828,Greece,71.88,False
46b826,Greece,236.73,False
a15d6c,United States,46.23,False
c07be8,Canada,58.36,False
aa099e,United States,227.46,False
4cc2a7,Iceland,259.9,False
adda95,United States,46.2,False
4cc2a3,Iceland,234.96,False
c04893,Canada,55.83,False
a247df,United States,54.08,False
a85887,United States,214.22,False
47b0e7,Norway,223.5,False
e80207,Chile,235.48,False
a8453e,United States,164.47,False
e80209,Chile,219.73,False
a7bbb2,United States,233.32,False
a2ba48,United States,93.21,False
ae629c,United States,161.76,False
8014a4,India,240.96,False
a4d7f7,United States,169.99,False
aa07f9,United States,268.54,False
5110c8,Estonia,85.94,False
c0482a,Canada,211.25,False
a3ed69,United States,1.8,True
7cf9f4,Australia,72.77,False
a617e9,United States,98.82,False
c03517,Canada,32.41,True
71fc9d,Republic of Korea,91.73,False
7c1c51,Australia,113.58,False
ac34a1,United States,79.31,False
ac34a0,United States,236.19,False
ab5d2c,United States,275.16,False
8014b3,India,169.51,False
aaf4a4,United States,81.96,False
c0481b,Canada,207.12,False
ae6299,United States,135.88,False
accd13,United States,80.25,False
a2ba29,United States,59.22,False
a2ba22,United States,236.07,False
ab5d52,United States,262.47,False
4aca88,Sweden,233.19,False
8a047a,Indonesia,24.18,True
a64d4d,United States,206.9,False
a234db,United States,71.3,False
e0b244,Argentina,83.75,False
a091f3,United States,246.85,False
e07585,Argentina,218.35,False
e07583,Argentina,220.01,False
ab5d58,United States,167.41,False
c02207,Canada,203.36,False
84d283,Japan,216.95,False
c04850,Canada,150.54,False
a091ed,United States,268.55,False
a5f7dc,United States,222.39,False
a7bd16,United States,18.01,True
ac7d49,United States,72.24,False
accd09,United States,118.31,False
a3ed91,United States,231.99,False
7cf9c5,Australia,248.8,False
aaf4c8,United States,242.57,False
a38a21,United States,249.1,False
a27d75,United States,83.47,False
a6f28c,United States,232.48,False
0d126d,Mexico,237.17,False
8014e8,India,235.38,False
a52d10,United States,47.16,False
aa3d09,United States,127.77,False
c81d9d,New Zealand,223.2,False
86cec5,Japan,0.19,True
aae1ac,United States,143.37,False
ad67cd,United States,68.57,False
a40d8d,United States,1.54,True
e0b255,Argentina,222.78,False
343147,Spain,234.03,False
adb7b8,United States,90.1,False
a9a266,United States,126.16,False
8014c1,India,157.88,False
8a043a,Indonesia,226.6,False
343141,Spain,221.22,False
e49eca,Brazil,91.04,False
a40d7a,United States,221.72,False
ac21af,United States,286.55,False
8a0442,Indonesia,220.09,False
acba30,United States,237.42,False
a2cd90,United States,0.06,True
e48ba7,Brazil,243.33,False
87453a,Japan,1.03,True
8014d3,India,174.4,False
accd45,United States,191.47,False
a4d7e4,United States,150.91,False
a39d95,United States,247.39,False
abad6c,United States,232.74,False
a0092f,United States,56.61,False
a3ed58,United States,53.13,False
8014cf,India,253.39,False
471f7a,Hungary,221.46,False
aa91fe,United States,232.1,False
471f69,Hungary,227.98,False
aa0909,United States,183.12,False
c020be,Canada,78.68,False
34310d,Spain,112.26,False
a09322,United States,231.13,False
a5d1f7,United States,90.58,False
ada558,United States,84.61,False
a1bfba,United States,46.33,False
7809a6,China,242.56,False
7809a1,China,215.99,False
a4d907,United States,48.8,False
accbbe,United States,51.68,False
a88d6c,United States,0.0,True
7809a7,China,221.34,False
a9a1b6,United States,51.4,False
a9ea32,United States,96.1,False
a1bfac,United States,0.0,True
a35605,United States,230.62,False
0d1258,Mexico,198.88,False
ad4249,United States,81.9,False
a99a63,United States,28.41,False
7809b1,China,163.97,False
a9ea05,United States,44.8,False
a87a76,United States,39.26,False
8014fa,India,228.02,False
c07c7b,Canada,7.46,True
a8dd4b,United States,55.85,False
a831e3,United States,212.03,False
471f3d,Hungary,220.41,False
a6191c,United States,43.6,False
7809d9,China,225.8,False
a977e4,United States,13.89,True
a5d1b9,United States,230.16,False
a3696e,United States,195.81,False
a75a2d,United States,170.97,False
a41fcc,United States,114.32,False
a76d5a,United States,101.92,False
7809e3,China,231.76,False
a8dd2c,United States,229.56,False
a40ca4,United States,213.33,False
471f37,Hungary,181.38,False
a63a4b,United States,77.11,False
801606,India,211.27,False
7809f0,China,78.85,False
7809f6,China,227.36,False
ae627a,United States,183.28,False
a63a5c,United States,45.47,False
a4b1ea,United States,79.46,False
a41faa,United States,112.81,False
ad428c,United States,47.18,False
a831b2,United States,66.5,False
a36968,United States,39.18,False
a977bb,United States,243.05,False
a4b1f0,United States,37.44,False
300ad5,Italy,51.65,False
0d121d,Mexico,239.27,False
a3560b,United States,150.62,False
ac47b7,United States,154.62,False
a977d4,United States,0.0,True
c046f7,Canada,275.92,False
a1bfcf,United States,239.02,False
c07c59,Canada,130.36,False
a8dd27,United States,253.9,False
a4766a,United States,200.84,False
c07e2c,Canada,6.43,True
80174b,India,5.14,True
ad5735,United States,46.86,False
aa8114,United States,258.05,False
e48c05,Brazil,184.57,False
a84625,United States,60.21,False
aa8110,United States,61.27,False
a76cb4,United States,249.52,False
a3a66d,United States,89.64,False
a7cfb7,United States,256.24,False
ad9db0,United States,237.9,False
a52ce7,United States,192.02,False
c07e1d,Canada,58.08,False
a3ecf8,United States,8.37,False
505ceb,Slovakia,228.89,False
505cea,Slovakia,236.73,False
a60665,United States,0.0,True
ac3751,United States,220.33,False
c07e32,Canada,198.15,False
a5d319,United States,243.19,False
a8592c,United States,205.58,False
a34358,United States,287.47,False
4cc269,Iceland,211.74,False
a76cbe,United States,115.78,False
c035cc,Canada,176.37,False
a76cba,United States,78.53,False
a2dffe,United States,4.89,True
a5d31d,United States,199.69,False
a22358,United States,195.35,False
a3699a,United States,78.01,False
801742,India,197.79,False
a71337,United States,6.69,True
c07e62,Canada,213.77,False
80172d,India,238.08,False
a40cbb,United States,128.12,False
a71335,United States,77.93,False
a9ea96,United States,77.28,False
a85964,United States,131.2,False
c07e58,Canada,254.97,False
c07e59,Canada,221.11,False
a1acdb,United States,180.42,False
a2101f,United States,209.46,False
a36994,United States,0.0,True
c035bf,Canada,81.8,False
ac377b,United States,234.82,False
7cb034,Australia,102.44,False
a65fb5,United States,193.67,False
aae465,United States,246.99,False
e0b0c8,Argentina,87.24,False
7cb036,Australia,40.85,False
407b8b,United Kingdom,230.29,False
abadf9,United States,103.53,False
3c4b31,Germany,261.35,False
a85905,United States,141.9,False
a87a8c,United States,77.3,False
3c4b2f,Germany,273.23,False
ac245c,United States,247.54,False
3c4b2d,Germany,253.67,False
a4503d,United States,241.65,False
0d10f8,Mexico,226.33,False
a3a647,United States,244.82,False
a15e20,United States,268.87,False
0d10eb,Mexico,244.87,False
a65fae,United States,214.54,False
c0107d,Canada,89.49,False
3c4b35,Germany,273.56,False
ad8ab0,United States,0.0,True
a248a2,United States,54.08,False
a6193b,United States,128.04,False
3c4b2a,Germany,252.85,False
ad4461,United States,217.56,False
a03e08,United States,68.35,False
a3ffeb,United States,54.78,False
a85931,United States,246.02,False
ae0df1,United States,64.89,False
a84603,United States,144.79,False
0d10fe,Mexico,68.78,False
a52cc8,United States,96.31,False
801783,India,228.34,False
a3b97e,United States,110.36,False
a008aa,United States,158.61,False
a6061b,United States,69.93,False
778823,Syrian Arab Republic,153.06,False
a9b4de,United States,236.21,False
ac379a,United States,235.28,False
80177d,India,224.75,False
778821,Syrian Arab Republic,192.29,False
a008c5,United States,233.95,False
a008c9,United States,250.66,False
ad445c,United States,179.29,False
a9ea58,United States,52.84,False
adedba,United States,31.82,False
ae0ddb,United States,0.0,True
a128a5,United States,29.34,False
ac247a,United States,221.99,False
a39e0c,United States,213.23,False
ada5ee,United States,240.48,False
c01050,Canada,75.32,False
ac6b86,United States,98.29,False
a02b48,United States,32.31,False
a84699,United States,232.8,False
a2ce05,United States,206.81,False
a4a095,United States,228.69,False
c0103e,Canada,0.9,True
0d10ac,Mexico,232.6,False
a235b7,United States,197.36,False
acbb63,United States,38.58,False
c01049,Canada,260.09,False
a27e31,United States,70.77,False
a9b676,United States,79.41,False
a14b1a,United States,236.9,False
a3ee0b,United States,236.91,False
c01074,Canada,253.87,False
ad8b97,United States,43.27,False
a45072,United States,235.8,False
aa8164,United States,251.72,False
a618b6,United States,64.47,False
e0b198,Argentina,160.76,False
a1f092,United States,79.32,False
e48ad4,Brazil,3.86,True
a02b30,United States,76.8,False
a1ae05,United States,197.24,False
4bb4f0,Turkey,238.78,False
a7000a,United States,221.67,False
8016a3,India,253.51,False
4aca63,Sweden,0.0,True
4aca68,Sweden,272.89,False
4aca67,Sweden,220.84,False
a5d33b,United States,226.97,False
a6f332,United States,102.23,False
7c2fdc,Australia,0.0,False
a222b2,United States,231.58,False
a7cfdd,United States,36.53,False
a475b0,United States,33.5,False
a2bb10,United States,38.07,True
a6f326,United States,139.4,False
ab1734,United States,45.39,False
a7398d,United States,185.44,False
a9b62a,United States,0.77,True
aa8145,United States,95.21,False
addb80,United States,197.58,False
a8a97b,United States,59.93,False
ae62fc,United States,182.68,False
a89fda,United States,232.28,False
a235f5,United States,49.37,False
8016b9,India,234.06,False
a475a3,United States,157.72,False
a8dcba,United States,54.21,False
ad5711,United States,29.46,False
ab0416,United States,140.57,False
a15e70,United States,242.51,False
a355b1,United States,246.99,False
a7268f,United States,43.68,False
a90fcb,United States,218.55,False
a248f7,United States,48.15,False
a95307,United States,208.39,False
aa9451,United States,255.57,False
471fad,Hungary,224.87,False
471faa,Hungary,225.17,False
aa2abc,United States,147.09,False
471fae,Hungary,246.75,False
e4a78f,Brazil,215.71,False
ac3731,United States,228.12,False
a27e50,United States,236.87,False
4bb4e7,Turkey,260.75,False
781a1f,China,232.51,False
8015c0,India,234.57,False
ad68ba,United States,193.54,False
a3a5ec,United States,214.1,False
ab15ba,United States,210.54,False
0180bd,Libyan Arab Jamahiriya,213.33,False
ac7e1c,United States,234.67,False
ad9e28,United States,86.39,False
a2ce7f,United States,59.8,False
a8de10,United States,232.78,False
47b1dc,Norway,257.37,True
8a036b,Indonesia,73.05,False
a475de,United States,200.07,False
a76e37,United States,222.47,False
8a0377,Indonesia,152.1,False
a26b80,United States,169.06,False
8a0375,Indonesia,197.45,False
8015cd,India,253.31,False
a38b61,United States,201.4,False
8015d8,India,231.38,False
ac22a2,United States,159.96,False
a3db5e,United States,252.24,False
ad68f0,United States,177.29,False
8015a7,India,5.92,True
781a4b,China,250.65,False
ab02c9,United States,8.23,True
8015a8,India,264.2,False
c81c64,New Zealand,72.96,False
a39e6b,United States,0.0,True
a858f6,United States,158.91,False
a9a397,United States,253.51,False
a88e2e,United States,194.57,False
ae0e0d,United States,40.52,False
a64e90,United States,45.47,False
c07cb2,Canada,146.38,False
873378,Japan,47.34,False
e06145,Argentina,113.92,False
e0b110,Argentina,145.07,False
ac7e63,United States,51.02,False
ad68fa,United States,0.9,True
ac22c5,United States,10.29,True
a6909a,United States,99.89,False
c06a9b,Canada,243.91,False
7c71f7,Australia,148.43,False
8015fc,India,232.34,False
ac35de,United States,101.58,False
a3b8f5,United States,149.78,False
abae62,United States,243.65,False
adee1b,United States,73.2,False
ae0e2c,United States,0.0,False
ad8b20,United States,249.58,False
a0f70c,United States,238.69,False
e49dde,Brazil,225.74,False
e49de4,Brazil,226.85,False
ab5e9f,United States,48.55,False
3c4ad7,Germany,252.1,False
a2bb89,United States,229.35,False
8015e6,India,198.6,False
a3a5cf,United States,3.34,True
ac7e8a,United States,84.55,False
a64e2a,United States,203.37,False
a52e54,United States,2.83,True
ada5d1,United States,27.99,False
a4d8dc,United States,222.59,False
a2bb83,United States,118.86,False
0800a0,United Republic of Tanzania,8.23,True
aa8081,United States,49.94,False
8015f7,India,255.12,False
3c4ada,Germany,286.99,False
a582a4,United States,60.46,False
8015ee,India,225.47,False
a38b84,United States,142.33,False
0d118c,Mexico,212.95,False
e48b64,Brazil,74.49,False
ae6350,United States,67.21,False
a99b5f,United States,242.96,False
4bc84d,Turkey,221.14,False
a0e431,United States,220.07,False
a8de8a,United States,39.11,False
a35727,United States,239.01,False
344557,Spain,229.38,False
a99b83,United States,201.85,False
0d1139,Mexico,247.89,False
70203f,Bangladesh,252.04,False
702066,Bangladesh,236.2,False
0d112a,Mexico,234.36,False
aa92fa,United States,306.06,False
0d112e,Mexico,229.86,False
ada699,United States,215.56,False
0d1140,Mexico,226.19,False
0d1142,Mexico,96.18,False
a87b97,United States,0.0,True
0d1146,Mexico,220.09,False
a02aa8,United States,86.73,False
728684,Iraq,245.68,False
ad4395,United States,242.57,False
728683,Iraq,255.77,False
ad4390,United States,243.98,False
a1173c,United States,226.55,False
4bc846,Turkey,223.7,False
4bc841,Turkey,219.13,False
ac1076,United States,285.65,False
a02ab4,United States,37.26,False
0d1158,Mexico,229.53,False
a9c8ff,United States,0.0,True
841b6a,Japan,143.68,False
aa92f8,United States,267.82,False
c06a82,Canada,194.3,False
a582f9,United States,215.26,False
a21127,United States,145.6,False
4bb567,Turkey,230.8,False
a5d2d4,United States,245.33,False
4bc899,Turkey,270.1,False
4bb565,Turkey,534.3,False
a63b69,United States,0.0,True
ad438d,United States,210.15,False
a8de56,United States,230.54,False
c06a38,Canada,274.71,False
a51b93,United States,0.0,True
8518ae,Japan,73.76,False
a2376e,United States,49.85,False
aa92e8,United States,58.41,False
ad4397,United States,226.4,False
ae636c,United States,55.14,False
8518d0,Japan,231.51,False
34450d,Spain,0.0,True
a39dca,United States,242.97,False
801725,India,168.74,False
a712c7,United States,246.7,False
ad439c,United States,52.51,False
ab28d7,United States,240.96,False
ab15a5,United States,208.76,False
ae503d,United States,215.91,False
ad3098,United States,0.0,True
a21104,United States,92.16,False
a5d2f9,United States,238.04,False
c81bb3,New Zealand,55.53,False
4bc883,Turkey,226.2,False
a63b85,United States,141.04,False
344503,Spain,239.07,False
ae638e,United States,235.15,False
702033,Bangladesh,150.23,False
ac48d3,United States,172.36,False
aaf5a9,United States,195.3,False
4bc887,Turkey,233.58,False
4bc895,Turkey,239.63,False
4bc890,Turkey,229.47,False
8a0394,Indonesia,214.68,False
a14ad1,United States,0.0,True
a35743,United States,65.62,False
452087,Bulgaria,251.45,False
73806e,Israel,255.88,False
73806d,Israel,115.5,False
73806c,Israel,237.28,False
a36661,United States,245.66,False
4bb47a,Turkey,242.96,False
73806f,Israel,80.38,False
c058c2,Canada,191.18,False
ac4713,United States,222.59,False
a8690e,United States,101.45,False
7c0ada,Australia,48.45,False
a2467a,United States,228.01,False
44007c,Austria,284.03,False
ada2fb,United States,47.13,False
a23359,United States,49.99,False
a1cffd,United States,239.31,False
a61628,United States,68.77,False
4068f6,United Kingdom,224.45,False
c058cb,Canada,177.13,False
801859,India,264.58,False
a24657,United States,62.13,False
738061,Israel,250.49,False
738060,Israel,234.73,False
4bb475,Turkey,257.53,False
738064,Israel,233.37,False
c07b05,Canada,202.66,False
738068,Israel,252.19,False
ad671e,United States,52.69,False
73805c,Israel,10.29,True
a3661f,United States,237.19,False
738076,Israel,251.17,False
738073,Israel,261.62,False
a36636,United States,242.55,False
a2597b,United States,228.73,False
702087,Bangladesh,264.33,False
aaf434,United States,52.46,False
c02067,Canada,216.26,False
adb723,United States,232.1,False
a9fa34,United States,214.67,False
8733bc,Japan,153.79,False
aa0701,United States,243.96,False
484fff,Kingdom of the Netherlands,264.05,False
abaaa8,United States,234.15,False
a35365,United States,225.8,False
3c4a0c,Germany,9.26,True
a04e00,United States,223.22,False
ab6df9,United States,76.25,False
3c4a23,Germany,266.65,False
c0204c,Canada,136.03,False
738052,Israel,252.8,False
738051,Israel,244.46,False
3c4a14,Germany,248.43,False
440050,Austria,0.0,True
738058,Israel,248.11,False
738057,Israel,254.67,False
44003f,Austria,262.33,False
a11380,United States,153.35,False
ac210e,United States,230.58,False
adb744,United States,69.49,False
a3534a,United States,245.0,False
a8da39,United States,153.15,False
a3401a,United States,226.73,False
ad675d,United States,78.99,False
a3c94c,United States,263.4,False
a42ffe,United States,89.4,False
a2467d,United States,56.06,False
ac7aaa,United States,45.93,False
80189d,India,261.21,False
a1bcf5,United States,48.55,False
ad6758,United States,244.65,False
ac7ad3,United States,88.61,False
a2dce1,United States,199.18,False
ab5ade,United States,198.06,False
c02070,Canada,8.75,True
a841f5,United States,124.77,False
ac3453,United States,82.89,False
ac3452,United States,228.37,False
70209f,Bangladesh,241.82,False
e80042,Chile,214.73,False
70209e,Bangladesh,272.36,False
70209b,Bangladesh,249.63,False
a90d7d,United States,53.15,False
800582,India,259.71,False
a84343,United States,249.58,False
ac7b4b,United States,69.97,False
adfe51,United States,58.22,False
a7101e,United States,230.91,False
a6168b,United States,46.85,False
a73690,United States,142.44,False
a8432d,United States,188.39,False
8a064e,Indonesia,96.59,False
a6f00d,United States,12.86,True
a4604d,United States,59.41,False
8a064c,Indonesia,185.85,False
874846,Japan,259.9,False
a8431a,United States,6.43,True
a258b7,United States,237.87,False
a3539d,United States,167.9,False
a018ee,United States,7.2,True
adc8e7,United States,98.26,False
a0e086,United States,187.34,False
8a063c,Indonesia,252.08,False
a8b964,United States,188.42,False
a9c618,United States,0.0,True
adb5da,United States,31.08,False
ae1e6d,United States,53.15,False
abab5f,United States,59.88,False
a5939c,United States,231.65,False
abab67,United States,242.2,False
ac32f2,United States,260.46,False
ab5b8c,United States,236.64,False
aa3ae5,United States,229.68,False
aa3ae2,United States,82.07,False
ad52d3,United States,56.0,False
c0468e,Canada,164.12,False
a1009e,United States,60.74,False
a97659,United States,228.33,False
a138b8,United States,235.15,False
accb50,United States,140.64,False
a4b06c,United States,242.75,False
8a061d,Indonesia,140.98,False
a6f01c,United States,228.08,False
abab90,United States,234.81,False
ac7b8a,United States,130.67,False
8960f2,United Arab Emirates,277.8,False
adfe92,United States,133.45,False
a6bfdc,United States,0.0,True
a91fd6,United States,238.41,False
adfe82,United States,153.85,False
8840f9,Thailand,83.48,False
3c4a8c,Germany,1.03,True
a46093,United States,115.04,False
a4c34c,United States,3.34,True
8960d2,United Arab Emirates,238.62,False
c03330,Canada,10.29,True
a89caa,United States,39.69,False
841bd1,Japan,245.6,False
ae0b93,United States,75.36,False
a9fa9e,United States,239.4,False
a258cd,United States,184.69,False
a28e0a,United States,238.54,False
ab2729,United States,235.14,False
a74992,United States,0.0,True
a78ffa,United States,230.13,False
a3a391,United States,51.51,False
5001d3,San Marino,254.7,False
a52b19,United States,228.06,False
a2cb33,United States,277.07,False
89611c,United Arab Emirates,267.77,False
a39b39,United States,93.32,False
c81b24,New Zealand,124.71,False
70472b,Myanmar,12.43,False
a1be72,United States,68.94,False
a245fb,United States,237.04,False
a2de46,United States,163.96,False
405631,United Kingdom,4.37,True
a2cb13,United States,96.65,False
aa909a,United States,253.64,False
a365c9,United States,230.41,False
abbe0c,United States,57.17,False
c0460c,Canada,56.77,False
a39b19,United States,9.26,True
896114,United Arab Emirates,176.56,False
a4e8ef,United States,215.67,False
4891b6,Poland,160.49,False
a9b366,United States,140.56,False
c1ea6a,Canada,7.72,True
8016d6,India,202.62,False
a365b7,United States,231.43,False
a65e4e,United States,45.13,False
a03b6d,United States,194.52,False
8016ca,India,235.45,False
a41e29,United States,227.38,False
a5f5b5,United States,59.3,False
89610f,United Arab Emirates,222.87,False
8016d7,India,208.26,False
89610e,United Arab Emirates,244.93,False
a15b4c,United States,187.98,False
a615d4,United States,43.38,False
471d69,Hungary,6.94,True
ac45ac,United States,242.49,False
c1ea41,Canada,3.6,True
a41e94,United States,173.81,False
c1ea42,Canada,7.46,True
84715c,Japan,194.96,False
ac45d5,United States,274.37,False
abbe48,United States,166.39,False
a72399,United States,66.46,False
a3c8d1,United States,253.0,False
781b9e,China,229.23,False
a3c8cb,United States,280.38,False
c1ea23,Canada,6.43,True
a9d987,United States,58.95,False
8a066f,Indonesia,77.18,False
ab5b66,United States,233.44,False
a52b00,United States,55.05,False
a53e34,United States,60.64,False
a95037,United States,158.2,False
a12731,United States,230.03,False
a12733,United States,268.17,False
aa3b7e,United States,7.72,True
a7ce70,United States,45.48,False
a9c5c5,United States,71.51,False
841c60,Japan,3.86,True
7cb05d,Australia,0.0,True
a77e8f,United States,172.24,False
aa3b85,United States,249.2,False
7cb065,Australia,177.2,False
a12747,United States,32.83,False
a2cb9e,United States,271.15,False
801804,India,232.44,False
a24720,United States,231.77,False
7cb061,Australia,155.85,False
a1272d,United States,237.66,False
a1272f,United States,219.72,False
8626cc,Japan,193.96,False
89617f,United Arab Emirates,147.21,False
89617d,United Arab Emirates,234.2,False
89617a,United Arab Emirates,9.77,True
7cb03d,Australia,4.89,True
738101,Israel,261.36,False
ac2038,United States,241.38,False
738100,Israel,255.07,False
896199,United Arab Emirates,249.62,False
738103,Israel,260.72,False
896192,United Arab Emirates,268.08,False
896191,United Arab Emirates,238.82,False
adb653,United States,221.54,False
89618f,United Arab Emirates,205.13,False
8a05c4,Indonesia,213.49,False
4a3123,Romania,244.97,False
a39b94,United States,157.6,False
3c15be,Germany,245.16,False
a90e61,United States,153.96,False
aaf380,United States,83.25,False
3c4b23,Germany,288.85,False
89618b,United Arab Emirates,255.58,False
89618a,United Arab Emirates,218.98,False
3c15c1,Germany,284.58,False
ad799f,United States,44.99,False
a1270a,United States,215.24,False
a7ce6c,United States,45.05,False
aa4e80,United States,66.26,False
ac337e,United States,0.0,True
a8b8ba,United States,237.7,False
a4c2c5,United States,77.12,False
a12777,United States,4.37,True
a12778,United States,198.14,False
ad402f,United States,250.98,False
a602ab,United States,218.71,False
a8a5a1,United States,49.62,False
896173,United Arab Emirates,259.53,False
a8ee24,United States,42.82,False
896177,United Arab Emirates,264.42,False
a0f427,United States,0.0,True
a4870d,United States,245.9,False
adb680,United States,72.12,False
a4d5f0,United States,229.74,False
aa05e7,United States,173.93,False
a748f8,United States,198.57,False
896186,United Arab Emirates,277.03,False
896184,United Arab Emirates,87.26,False
a3a2f8,United States,65.95,False
ab38a1,United States,200.65,False
a12750,United States,236.74,False
a12753,United States,121.14,False
a23409,United States,132.79,False
a12755,United States,247.7,False
aa4e57,United States,36.72,False
a12756,United States,227.41,False
40690d,United Kingdom,237.88,False
ac2082,United States,232.28,False
ad404e,United States,82.64,False
c057db,Canada,3.34,True
a4c2f8,United States,216.08,False
801828,India,242.4,False
c07a14,Canada,225.46,False
896168,United Arab Emirates,265.74,False
801831,India,203.37,False
a868f7,United States,4.89,True
5001a9,San Marino,5.66,True
ab2854,United States,240.69,False
ab2855,United States,1.29,True
a9fb96,United States,214.43,False
781acf,China,212.25,False
a77da1,United States,230.61,False
ab284d,United States,241.07,False
ab6ebe,United States,184.94,False
452199,Bulgaria,246.09,False
7c7570,Australia,0.0,True
44019a,Austria,115.82,False
a5941e,United States,157.14,False
c83ee4,New Zealand,41.19,False
ac4843,United States,222.09,False
042017,Equatorial Guinea,241.18,False
a34119,United States,232.09,False
a58103,United States,232.58,False
a39ab4,United States,6.17,True
a77dae,United States,5.4,True
a12796,United States,256.54,False
a12798,United States,238.67,False
a1aaae,United States,92.21,False
ab2883,United States,0.0,True
a2477a,United States,61.46,False
a3b796,United States,3.09,True
a2ddac,United States,232.14,False
a64ab0,United States,243.29,False
ac8ee5,United States,234.4,False
a48732,United States,170.97,False
a22123,United States,59.89,False
a24782,United States,66.88,False
a48730,United States,151.47,False
ab021b,United States,42.1,False
c059df,Canada,285.77,False
7cc529,Australia,28.85,False
ab2898,United States,72.26,False
ae1ec5,United States,61.77,False
ab6efc,United States,227.87,False
ababb7,United States,264.87,False
440184,Austria,285.53,False
a9b2e9,United States,0.0,True
a7bb77,United States,203.84,False
440175,Austria,220.33,False
ac3558,United States,235.14,False
ac4888,United States,246.33,False
a9fb4e,United States,71.83,False
452186,Bulgaria,224.66,False
ad6884,United States,219.77,False
a09188,United States,234.3,False
ad9bc8,United States,6.69,False
7cc587,Australia,41.92,False
acdef1,United States,46.71,False
440198,Austria,5.92,True
452179,Bulgaria,137.63,False
8a03c8,Indonesia,178.26,False
8a03c9,Indonesia,138.43,False
ada51e,United States,196.57,False
ada521,United States,252.69,False
a09192,United States,83.34,False
ae1ed4,United States,113.94,False
a04f04,United States,,True
8a03ae,Indonesia,246.91,False
8a03af,Indonesia,214.27,False
7c7599,Australia,61.84,False
8a03ac,Indonesia,212.5,False
acdee3,United States,55.15,False
a36799,United States,242.52,False
452166,Bulgaria,251.57,False
ac20c4,United States,242.78,False
ab00ce,United States,230.67,False
ae1f6b,United States,50.61,False
ad40a5,United States,131.13,False
471dbc,Hungary,64.51,False
a5949e,United States,147.49,False
471dc0,Hungary,0.0,True
a28f12,United States,80.31,False
a34199,United States,225.48,False
c0211f,Canada,62.21,False
4bd8ca,Turkey,130.5,False
a126c3,United States,234.71,False
a126c4,United States,246.96,False
a3c9b4,United States,220.64,False
acdf6c,United States,54.08,False
c02137,Canada,48.15,False
a04f75,United States,225.65,False
8018b9,India,89.61,False
ac20e7,United States,205.14,False
acdf9a,United States,219.48,False
a5e48a,United States,134.79,False
a6049b,United States,266.06,False
a3c9c5,United States,10.8,True
a9b402,United States,202.09,False
452138,Bulgaria,236.88,False
7cb0f2,Australia,240.74,False
300a5c,Italy,0.0,True
a04f40,United States,64.85,False
c03487,Canada,289.65,False
a03c14,United States,73.68,False
c03488,Canada,276.24,False
a04f49,United States,207.37,False
8a0517,Indonesia,126.12,False
4bd8ac,Turkey,224.67,False
8a0515,Indonesia,169.89,False
a3549d,United States,237.15,False
a3ff26,United States,212.62,False
e4a50d,Brazil,137.15,False
e4a50a,Brazil,63.62,False
ad9c6c,United States,44.74,False
e4a50e,Brazil,0.45,True
452124,Bulgaria,233.19,False
8a0508,Indonesia,239.64,False
aa3bf0,United States,61.27,False
300a44,Italy,104.11,False
ab2819,United States,128.76,False
a77de9,United States,147.6,False
a3b79c,United States,226.49,False
a41f37,United States,140.41,False
7c753b,Australia,116.2,False
a4c45a,United States,267.33,False
781aa6,China,287.6,False
7c7538,Australia,132.92,False
a5d10e,United States,107.18,False
a61797,United States,254.45,False
ae73ed,United States,59.76,False
7c7539,Australia,4.12,True
a379dd,United States,82.31,False
e4a582,Brazil,230.74,False
7020b4,Bangladesh,224.65,False
c04787,Canada,153.98,False
a126cc,United States,184.7,False
a52aed,United States,175.33,False
a379d3,United States,7.46,True
c0344d,Canada,1.54,True
ab282b,United States,213.17,False
a379cd,United States,241.18,False
a97722,United States,70.32,False
8018c9,India,234.95,False
ab6eb9,United States,0.0,True
e49bfe,Brazil,154.13,False
a83108,United States,236.74,False
a6f101,United States,43.57,False
e4a54d,Brazil,218.34,False
846021,Japan,248.99,False
a126e6,United States,246.04,False
8018ca,India,238.64,False
aaf503,United States,139.76,False
a499a0,United States,234.07,False
a4c3a0,United States,94.19,False
a0f3ed,United States,55.08,False
a7cf10,United States,236.58,False
ab39df,United States,239.5,False
a41f6c,United States,235.43,False
ab5c12,United States,282.77,False
8017ff,India,113.61,False
4bb1e7,Turkey,237.83,False
4bb1e3,Turkey,271.64,False
a77f26,United States,227.77,False
a353d2,United States,228.43,False
a486d8,United States,0.0,True
c04716,Canada,275.46,False
a603a2,United States,,True
8017e5,India,221.61,False
89621b,United Arab Emirates,199.85,False
ac46c3,United States,249.77,False
89621a,United Arab Emirates,250.77,False
aa06b7,United States,191.46,False
a736d9,United States,114.95,False
a28f7d,United States,93.57,False
a353b4,United States,36.46,False
c0473b,Canada,174.01,False
adc9b6,United States,253.62,False
a3ec5b,United States,44.95,False
a52c4f,United States,224.45,False
4892c1,Poland,75.11,False
7c0c49,Australia,57.07,False
8017f2,India,188.74,False
4892c4,Poland,220.3,False
a4b0a9,United States,79.96,False
a233cc,United States,122.71,False
a486ab,United States,32.93,False
a28f80,United States,239.82,False
4892c8,Poland,235.7,False
ab5c3a,United States,51.68,False
4bb1c7,Turkey,200.5,False
ad79eb,United States,241.72,False
a12811,United States,62.42,False
a53f20,United States,157.19,False
c07b8c,Canada,92.38,False
896212,United Arab Emirates,208.12,False
a3ec09,United States,64.83,False
ac33c4,United States,166.25,False
a41f9c,United States,85.77,False
896215,United Arab Emirates,252.63,False
abac2c,United States,204.64,False
896219,United Arab Emirates,107.04,False
896218,United Arab Emirates,262.3,False
34434a,Spain,33.95,True
a95173,United States,204.17,False
a71184,United States,39.15,False
ae1f34,United States,3.09,False
847294,Japan,154.09,False
344355,Spain,2.06,True
7380c2,Israel,260.4,False
7380c0,Israel,256.06,False
7380c4,Israel,251.73,False
ae1f4f,United States,60.77,False
abac50,United States,0.0,True
7380c3,Israel,257.47,False
a2cc6b,United States,42.75,False
7380c8,Israel,244.3,False
7380c7,Israel,242.05,False
c81a5b,New Zealand,94.65,False
a220cb,United States,161.06,False
344344,Spain,236.1,False
344347,Spain,27.78,True
a3ff61,United States,155.61,False
a96481,United States,0.06,True
7380ca,Israel,255.13,False
ab00d6,United States,282.92,False
ad66e9,United States,6.17,False
a00827,United States,77.79,False
ac33e2,United States,241.51,False
a8a79c,United States,24.23,False
c81a92,New Zealand,80.29,False
ad9ac9,United States,274.2,False
ac212d,United States,207.14,False
0d001e,Mexico,233.03,False
a1bea8,United States,96.26,False
a9fc34,United States,70.93,False
80190b,India,208.33,False
a36825,United States,238.17,False
80190f,India,218.12,False
a04edb,United States,237.95,False
a950b2,United States,163.07,False
a76c79,United States,241.52,False
ab1496,United States,240.46,False
aaf485,United States,233.74,False
ab148b,United States,229.29,False
a8dc4b,United States,261.2,False
a16ebc,United States,279.0,False
aaf47a,United States,230.85,False
a88c55,United States,138.18,False
345646,Spain,229.48,False
acdde3,United States,65.88,False
c81a98,New Zealand,21.98,False
ad4123,United States,156.25,False
a16ed2,United States,38.58,False
ac2154,United States,248.44,False
781c17,China,175.15,False
a8dc45,United States,69.45,False
a0e220,United States,236.0,False
89627b,United Arab Emirates,255.15,False
a34209,United States,226.04,False
a89f52,United States,159.56,False
abaafe,United States,227.93,False
e200fd,Argentina,51.65,False
471e16,Hungary,232.1,False
a0f566,United States,223.87,False
a736e5,United States,0.0,True
a3ec93,United States,237.8,False
a7cf40,United States,72.21,False
c07b09,Canada,96.31,False
a8a6d0,United States,10.8,True
a28ee7,United States,232.77,False
a2deb2,United States,46.31,False
a36853,United States,42.05,False
89625b,United Arab Emirates,245.65,False
a4b0bb,United States,169.36,False
c045f1,Canada,161.66,False
ac59c3,United States,135.25,False
a48818,United States,53.47,False
a9d9c1,United States,49.68,False
a4c3fe,United States,91.43,False
a1286c,United States,244.69,False
a89f62,United States,235.77,False
781c64,China,133.09,False
a7bfde,United States,228.99,False
a6e327,United States,140.46,False
a57362,United States,247.51,False
ad474c,United States,147.6,False
a3338c,United States,5.92,True
a02e0a,United States,0.0,True
ac5ab7,United States,232.2,False
ac1443,United States,255.78,False
a5d668,United States,212.51,False
abe101,United States,281.12,False
e47e5c,Brazil,166.45,False
a2007c,United States,282.4,False
c012a5,Canada,166.18,False
4066b9,United Kingdom,114.54,False
8a0816,Indonesia,220.69,False
7c6366,Australia,52.24,False
c012a7,Canada,185.99,False
a5b018,United States,83.88,False
ac011d,United States,0.0,True
a70333,United States,218.23,False
aac136,United States,0.45,True
ad2103,United States,53.92,False
4bb21a,Turkey,266.49,False
acaaad,United States,3.34,True
a56050,United States,241.25,False
ad476d,United States,69.25,False
a0d392,United States,34.39,False
a45353,United States,241.21,False
a0c075,United States,236.84,False
acbdcb,United States,35.52,False
a81000,United States,0.0,True
a81001,United States,237.25,False
a81005,United States,230.96,False
a81006,United States,228.59,False
a5d68a,United States,243.96,False
4bb245,Turkey,0.9,True
a46672,United States,48.29,False
a0708f,United States,42.71,False
a87cbe,United States,226.66,False
aa7108,United States,103.13,False
c06e85,Canada,72.03,False
ac5ada,United States,231.51,False
a1e045,United States,280.9,False
a3a990,United States,168.86,False
abe147,United States,194.68,False
a5d627,United States,40.85,False
adddda,United States,130.26,False
4bb292,Turkey,227.68,False
a1e08d,United States,113.71,False
a358a5,United States,26.4,False
aa973e,United States,30.47,False
4bb28c,Turkey,210.62,False
ad479d,United States,213.91,False
ac0170,United States,84.16,False
adddcb,United States,139.28,False
a0f8cb,United States,131.02,False
a4405f,United States,157.44,False
a57339,United States,62.84,False
a57337,United States,296.23,False
ac5afd,United States,0.0,True
a02e72,United States,91.47,False
a118c1,United States,53.23,False
4bb276,Turkey,235.73,False
a238a6,United States,233.11,False
abf499,United States,56.44,False
4bb274,Turkey,251.92,False
4bb272,Turkey,245.2,False
a5d643,United States,231.71,False
a71654,United States,125.68,False
7cc693,Australia,53.41,False
4bb26b,Turkey,66.38,False
a5c31b,United States,230.27,False
ab19af,United States,36.01,False
c06e38,Canada,52.12,False
4bb286,Turkey,240.33,False
4bb287,Turkey,185.1,False
4bb283,Turkey,267.18,False
a5d656,United States,55.92,False
4bb281,Turkey,245.51,False
a76fe9,United States,1.29,True
7c637f,Australia,26.76,False
a01b5c,United States,0.06,True
896408,United Arab Emirates,242.69,False
a9ecff,United States,32.31,False
a93061,United States,40.18,False
896411,United Arab Emirates,240.99,False
020176,Morocco,225.34,False
a7f051,United States,43.26,False
a01b78,United States,157.63,False
a26e4a,United States,152.32,False
adde95,United States,207.83,False
718a72,Republic of Korea,55.41,False
a01b80,United States,246.69,False
ae52f7,United States,34.47,True
4bb29a,Turkey,246.86,False
a4b5b6,United States,0.0,True
a3a8ef,United States,224.01,False
a728c1,United States,151.89,False
a082ac,United States,247.04,False
a095f0,United States,211.48,False
8a0884,Indonesia,68.33,False
a01b3c,United States,83.75,False
aa718c,United States,89.38,False
a728bd,United States,224.47,False
aae725,United States,73.16,False
a598de,United States,199.33,False
a01b56,United States,231.24,False
c038a7,Canada,237.68,False
a105e8,United States,192.94,False
a9303d,United States,150.01,False
ac6da0,United States,215.81,False
aa7198,United States,185.9,False
a94387,United States,15.43,True
a9ffeb,United States,194.18,False
a2be6d,United States,202.63,False
aae751,United States,13.36,False
ab0764,United States,85.32,False
7c7659,Australia,0.0,True
a8233a,United States,162.63,False
7c764d,Australia,0.9,True
4bb1a6,Turkey,246.09,False
4bb1a4,Turkey,239.56,False
a0e5fe,United States,81.4,False
abf412,United States,42.05,False
aa8499,United States,273.32,False
7cc60f,Australia,42.2,False
a8103e,United States,244.02,False
a95665,United States,4.63,True
a93007,United States,1.29,True
a25b66,United States,200.55,False
8a082d,Indonesia,226.73,False
a37b1c,United States,250.05,False
a81045,United States,147.81,False
84c43e,Japan,237.71,False
a3a8ba,United States,232.43,False
02013f,Morocco,272.54,False
02013e,Morocco,5.66,True
a6e376,United States,255.07,False
a25b3f,United States,208.29,False
a0d2e2,United States,51.31,False
a51e0e,United States,64.51,False
a8102a,United States,132.34,False
a25b50,United States,179.73,False
a8dffc,United States,82.83,False
a6d03b,United States,233.4,False
acab11,United States,243.67,False
a9a5a2,United States,72.11,False
8005f0,India,258.77,False
a09720,United States,60.09,False
acbe3c,United States,71.51,False
780a65,China,260.91,False
e80613,Chile,230.21,False
344043,Spain,0.0,True
0ac16d,Colombia,130.58,False
781d8d,China,262.06,False
a715e7,United States,45.3,False
aae5f7,United States,0.51,True
780a71,China,10.29,True
780a70,China,136.0,False
acbe37,United States,2.31,True
acab06,United States,0.0,True
781d9c,China,268.02,False
a6f5d7,United States,192.62,False
c02655,Canada,234.25,False
ac5b43,United States,276.04,False
85d098,Japan,143.72,False
780a6f,China,0.0,True
ac12d6,United States,243.18,False
abf2c2,United States,170.71,False
7cfa0c,Australia,36.44,False
a2ab6c,United States,215.67,False
780a80,China,0.45,True
e8061b,Chile,201.52,False
e48fcf,Brazil,197.68,False
e80630,Chile,175.43,False
780a89,China,236.03,False
ac12be,United States,228.93,False
a74b71,United States,49.77,False
ab4e9d,United States,36.72,False
345359,Spain,240.99,False
345352,Spain,245.97,False
c06ce6,Canada,232.44,False
a37b5a,United States,0.0,True
780a7f,China,0.0,True
780a95,China,137.55,False
e8062a,Chile,185.13,False
e8062d,Chile,196.32,False
780a97,China,249.34,False
ac5b66,United States,222.55,False
a6f5f3,United States,135.88,False
a8ce30,United States,55.15,False
4bb0f9,Turkey,262.68,False
a02dce,United States,1.85,False
acbe88,United States,95.69,False
adde5e,United States,48.49,False
acab54,United States,140.04,False
4bb0f5,Turkey,260.3,False
4bb0f3,Turkey,251.98,False
4bb0f0,Turkey,239.28,False
896326,United Arab Emirates,264.63,False
aa1b0e,United States,206.81,False
c07fbb,Canada,180.0,False
a585cc,United States,42.82,False
ad45ef,United States,88.15,False
c07fb4,Canada,215.07,False
c07fb0,Canada,149.32,False
a0e751,United States,194.42,False
acab3f,United States,222.54,False
704946,Myanmar,234.67,False
a585de,United States,17.97,False
a572af,United States,253.81,False
a14da8,United States,255.7,False
896305,United Arab Emirates,263.96,False
896304,United Arab Emirates,1.8,True
0ac19a,Colombia,57.62,False
34530c,Spain,113.21,False
abf2ea,United States,233.59,False
841e00,Japan,196.0,False
a63e60,United States,111.46,False
345319,Spain,237.44,False
ad7b7c,United States,47.67,False
4bb0e8,Turkey,221.25,False
4bb0e5,Turkey,291.78,False
406752,United Kingdom,229.28,False
4bb0e6,Turkey,220.53,False
406754,United Kingdom,217.16,False
4bb0e1,Turkey,220.69,False
a715c6,United States,215.71,False
a5c2b4,United States,210.24,False
89630e,United Arab Emirates,251.61,False
4bb0e9,Turkey,221.69,False
e80602,Chile,86.76,False
a22771,United States,220.73,False
abf396,United States,120.1,False
ac006d,United States,277.83,False
a38dc2,United States,58.2,False
a1f427,United States,118.73,False
ae5369,United States,65.85,False
a45404,United States,34.32,False
a9db89,United States,48.87,False
abe075,United States,227.62,False
a3472f,United States,0.0,True
a98b76,United States,229.8,False
a63db5,United States,295.64,False
ab4e24,United States,60.71,False
a75da8,United States,0.0,True
346605,Spain,236.26,False
a38db4,United States,70.48,False
a51dcd,United States,21.69,False
a98b7b,United States,25.87,False
a9db63,United States,50.88,False
a69415,United States,35.21,False
a21432,United States,201.11,False
a14dde,United States,85.12,False
780a0d,China,221.4,False
a99e89,United States,45.83,False
aae5a9,United States,0.0,True
781d50,China,245.14,False
4bb207,Turkey,243.01,False
89639b,United Arab Emirates,256.65,False
a1f46b,United States,7.2,True
aa1b9c,United States,0.0,True
a9db1d,United States,35.23,False
0200ae,Morocco,234.52,False
a99e92,United States,138.55,False
e48fc2,Brazil,252.45,False
780a28,China,5.4,True
4bb219,Turkey,92.02,False
c024f8,Canada,0.0,True
a6f5fc,United States,245.61,False
4bb214,Turkey,252.71,False
780a38,China,74.66,False
aaf8f1,United States,230.25,False
a86b56,United States,145.74,False
ac6e1b,United States,46.95,False
a822d6,United States,204.67,False
8a07d4,Indonesia,0.39,True
4bb20c,Turkey,234.43,False
a8ce4f,United States,7.46,True
a9db19,United States,43.05,False
ac25c5,United States,74.7,False
780a44,China,1.29,True
800733,India,3.34,True
a955da,United States,265.45,False
e48fb5,Brazil,107.98,False
89505b,Brunei Darussalam,254.77,False
780a3f,China,282.04,False
780a3b,China,236.66,False
800735,India,247.75,False
a07177,United States,3.09,True
8a07ad,Indonesia,243.73,False
780a58,China,258.15,False
ab05f2,United States,55.19,False
a51da7,United States,123.32,False
a51da1,United States,254.23,False
a86ab5,United States,250.63,False
adcba5,United States,58.28,False
abe227,United States,73.63,False
a44166,United States,202.73,False
a6e441,United States,38.08,False
ae6861,United States,218.31,False
a63dff,United States,0.0,True
8830f6,Thailand,109.88,False
a69463,United States,239.4,False
a70463,United States,187.46,False
c026ff,Canada,31.39,False
7c6481,Australia,75.7,False
48922b,Poland,218.23,False
a4414a,United States,245.7,False
c013d0,Canada,215.72,False
4bb145,Turkey,288.38,False
4bb146,Turkey,218.48,False
c05c59,Canada,183.35,False
4bb143,Turkey,217.93,False
c026ee,Canada,52.56,False
a4a47e,United States,50.2,False
a02f50,United States,64.19,False
a4679f,United States,58.15,False
8963f1,United Arab Emirates,263.16,False
ac157d,United States,188.33,False
acabcc,United States,35.52,False
4bb107,Turkey,4.12,True
4bb108,Turkey,259.01,False
4bb105,Turkey,95.69,False
4bb103,Turkey,249.16,False
4bb104,Turkey,240.82,False
ad7bdf,United States,215.24,False
a3348d,United States,145.42,False
c05c86,Canada,280.92,False
ab9276,United States,208.54,False
a3a9a3,United States,214.37,False
4bb10a,Turkey,284.22,False
ad3581,United States,203.34,False
c013dc,Canada,219.96,False
c013da,Canada,230.2,False
aa1be0,United States,229.87,False
a83787,United States,211.73,False
abe257,United States,75.82,False
489224,Poland,184.45,False
a74ae4,United States,27.8,False
8963ff,United Arab Emirates,140.04,False
489222,Poland,229.68,False
a096a1,United States,276.82,False
4bb10c,Turkey,246.23,False
a3a9b6,United States,196.65,False
8963d2,United Arab Emirates,248.6,False
a106d6,United States,107.02,False
aa720f,United States,219.89,False
4bb15a,Turkey,239.58,False
a106d5,United States,9.77,True
a0e6c6,United States,237.43,False
484ee4,Kingdom of the Netherlands,110.67,False
c05c24,Canada,134.74,False
aa8548,United States,53.57,False
8963d8,United Arab Emirates,222.89,False
ac159a,United States,271.51,False
a4418c,United States,0.0,True
a63de2,United States,195.35,False
8963e3,United Arab Emirates,226.29,False
a359c2,United States,2.57,True
aa9876,United States,71.49,False
4bb187,Turkey,242.2,False
4bb188,Turkey,255.75,False
4bb186,Turkey,179.57,False
4bb184,Turkey,188.5,False
4bb182,Turkey,199.47,False
8963e9,United Arab Emirates,260.84,False
8963e8,United Arab Emirates,231.66,False
a63df3,United States,239.97,False
8963b1,United Arab Emirates,147.69,False
a4417d,United States,59.55,False
a106b4,United States,181.21,False
a106b3,United States,192.34,False
a69447,United States,187.13,False
4bb149,Turkey,258.83,False
4bb148,Turkey,219.09,False
c013c3,Canada,197.56,False
aa1ba3,United States,3.6,True
8963b7,United Arab Emirates,214.53,False
a8373a,United States,44.32,False
a4eabb,United States,92.51,False
a01c34,United States,29.32,False
4bb14c,Turkey,268.17,False
a13c0b,United States,245.84,False
4bb14a,Turkey,225.95,False
abe28f,United States,6.69,False
a01c37,United States,0.0,True
a14f52,United States,248.39,False
4bb159,Turkey,226.83,False
4067f6,United Kingdom,257.04,False
4067f5,United Kingdom,265.7,False
a14f46,United States,46.85,False
a4eacb,United States,101.35,False
a38f5a,United States,53.79,False
a3a9eb,United States,244.01,False
a4b6b1,United States,51.3,False
8007b0,India,151.95,False
a1f3c5,United States,73.07,False
a586b0,United States,210.46,False
a75f15,United States,268.62,False
ab0836,United States,137.13,False
a13c73,United States,0.0,True
4ac9e1,Sweden,232.84,False
adcc96,United States,132.34,False
a333ae,United States,138.53,False
a609d4,United States,2.83,True
a6d17c,United States,39.8,False
a4b6c2,United States,41.12,False
ab0841,United States,217.58,False
896535,United Arab Emirates,259.17,False
a3a9ff,United States,226.64,False
896538,United Arab Emirates,257.8,False
a26f6f,United States,194.73,False
a93195,United States,58.52,False
a213d6,United States,223.29,False
a51f4a,United States,5.66,True
a37c1c,United States,236.42,False
896504,United Arab Emirates,236.6,False
4bb199,Turkey,263.43,False
4bb196,Turkey,262.7,False
4bb195,Turkey,141.75,False
4bb192,Turkey,247.4,False
4bb193,Turkey,304.2,False
ac2836,United States,228.31,False
8a074e,Indonesia,188.6,False
8a074b,Indonesia,164.98,False
4bb18e,Turkey,251.92,False
4bb18f,Turkey,286.86,False
4bb18a,Turkey,257.54,False
4bb18b,Turkey,219.98,False
896517,United Arab Emirates,232.01,False
896515,United Arab Emirates,229.67,False
ab4ecb,United States,41.39,False
89650a,United Arab Emirates,239.02,False
a599a8,United States,231.77,False
7cfaa0,Australia,44.14,False
7c777b,Australia,202.97,False
ac2859,United States,241.75,False
7c7772,Australia,211.72,False
ab4eeb,United States,116.88,False
7c7774,Australia,245.63,False
ac5ba4,United States,49.84,False
c80d61,New Zealand,42.19,False
acbebd,United States,112.47,False
ad8ed7,United States,244.51,False
aa7288,United States,246.95,False
a25c6e,United States,138.8,False
a98ac9,United States,52.99,False
a99df4,United States,195.43,False
846250,Japan,213.86,False
ae683a,United States,151.61,False
ac287c,United States,11.32,True
a81166,United States,126.34,False
a200ba,United States,217.04,False
a599ce,United States,64.51,False
a466d2,United States,88.11,False
a74c67,United States,76.04,False
acbf63,United States,213.11,False
89647e,United Arab Emirates,257.96,False
ac13d6,United States,238.81,False
896489,United Arab Emirates,212.38,False
a9dc11,United States,57.89,False
896496,United Arab Emirates,227.26,False
abf3b8,United States,220.76,False
ac6f8a,United States,234.99,False
a09852,United States,188.06,False
c06ddb,Canada,55.48,False
aa70b1,United States,5.14,True
89645b,United Arab Emirates,272.33,False
ac5c6e,United States,175.23,False
a98c19,United States,51.45,False
a190fa,United States,112.83,False
a8bc13,United States,78.01,False
a9ef0e,United States,32.45,False
e48ec6,Brazil,79.78,False
a560fb,United States,230.28,False
0ac02b,Colombia,189.16,False
896479,United Arab Emirates,77.82,False
896478,United Arab Emirates,266.21,False
a9b9e3,United States,219.88,False
3c135a,Germany,5.14,True
abf3da,United States,246.88,False
896481,United Arab Emirates,271.67,False
c05acc,Canada,4.37,True
484f73,Kingdom of the Netherlands,94.98,False
ac00d6,United States,241.51,False
c06db5,Canada,141.17,False
a02eee,United States,41.27,False
a01bbc,United States,170.61,False
aa1c45,United States,249.44,False
a74c29,United States,114.47,False
7c7701,Australia,255.76,False
40688b,United Kingdom,1.29,True
896455,United Arab Emirates,229.57,False
a25ba7,United States,51.03,False
abe0bb,United States,244.52,False
a01bd8,United States,12.86,True
89643f,United Arab Emirates,145.65,False
89643e,United Arab Emirates,190.32,False
a09890,United States,39.29,False
acbf99,United States,232.39,False
89644c,United Arab Emirates,271.89,False
89644a,United Arab Emirates,269.57,False
a98c00,United States,40.77,False
896457,United Arab Emirates,257.48,False
896456,United Arab Emirates,263.39,False
a6f6b7,United States,212.89,False
a8cf36,United States,36.36,False
896465,United Arab Emirates,250.62,False
896464,United Arab Emirates,263.4,False
896463,United Arab Emirates,259.3,False
ad8f9a,United States,0.0,True
a5d6f9,United States,239.74,False
acac8c,United States,62.79,False
a716f6,United States,234.2,False
a3cc88,United States,230.29,False
a34825,United States,197.76,False
a87f50,United States,237.42,False
abe0df,United States,202.73,False
a716ee,United States,156.59,False
781da7,China,200.32,False
896439,United Arab Emirates,142.93,False
ad20f4,United States,151.31,False
8a0796,Indonesia,234.91,False
c06dba,Canada,61.84,False
896442,United Arab Emirates,250.75,False
3e4053,Germany,157.82,False
a1f557,United States,257.05,False
75010b,Malaysia,226.36,False
c81fd1,New Zealand,30.25,False
ac0196,United States,246.78,False
ab19d0,United States,160.77,False
ab19d9,United States,2.31,True
780b07,China,224.82,False
aa9830,United States,261.63,False
aaf9c1,United States,193.55,False
a3dedd,United States,56.18,False
a4683f,United States,197.26,False
a34876,United States,51.26,False
a34878,United States,215.88,False
a4a533,United States,124.97,False
a26ef0,United States,53.52,False
a0856a,United States,56.41,False
ad59c7,United States,47.83,False
ab3c0a,United States,189.69,False
a0d561,United States,239.82,False
ab3c0c,United States,224.35,False
a45509,United States,272.84,False
a1f51c,United States,46.99,False
aa9801,United States,251.82,False
c012ed,Canada,247.36,False
ab19fb,United States,210.05,False
addf01,United States,178.83,False
a98c6c,United States,219.52,False
a44240,United States,198.11,False
a8bc71,United States,231.97,False
ab4f5d,United States,64.31,False
781e82,China,249.0,False
a44238,United States,238.97,False
a20288,United States,244.69,False
4bb102,Turkey,250.04,False
c012f2,Canada,129.67,False
4b8750,Turkey,0.77,False
aae6cd,United States,237.32,False
a2abda,United States,146.91,False
a1f595,United States,228.78,False
a4421d,United States,220.19,False
89649e,United Arab Emirates,256.78,False
89649d,United Arab Emirates,266.92,False
8460b0,Japan,121.72,False
780b4e,China,5.66,True
a86c9f,United States,45.58,False
ac13b3,United States,242.36,False
a3355e,United States,142.36,False
780b60,China,215.25,False
a1e23a,United States,224.19,False
ad46af,United States,96.15,False
781e95,China,261.96,False
ab3c58,United States,238.38,False
ac5c1f,United States,191.49,False
a2289c,United States,31.59,False
780b72,China,211.78,False
a44212,United States,176.06,False
3a2e22,France,260.4,False
a38af8,United States,207.98,False
a3dad5,United States,32.45,False
ac252a,United States,238.65,False
ab5ef7,United States,85.75,False
3965a3,France,260.67,False
3965a2,France,278.01,False
841ff4,Japan,256.33,False
3965a9,France,262.83,False
a9672c,United States,240.92,False
a64df2,United States,241.95,False
3462c9,Spain,252.29,False
3965b0,France,262.97,False
a03f0a,United States,137.8,False
3965b4,France,253.53,False
aa2bc4,United States,216.51,False
ad4528,United States,181.1,False
aa2bc5,United States,237.32,False
a95413,United States,49.32,False
840cd2,Japan,147.22,False
840cd8,Japan,229.17,False
7c6594,Australia,63.57,False
7c6590,Australia,115.1,False
c023bb,Canada,273.12,False
aa2bc2,United States,2.83,True
a3311b,United States,212.63,False
aaf87f,United States,244.44,False
c023c9,Canada,257.85,False
a3578a,United States,192.49,False
a21142,United States,0.0,True
a88dbb,United States,226.11,False
ac6bbc,United States,74.13,False
a35781,United States,221.01,False
c023aa,Canada,280.0,False
aa3ee0,United States,48.37,False
c023b7,Canada,222.75,False
a009a4,United States,248.04,False
a2bab6,United States,164.84,False
3475d4,Spain,215.93,False
aa2ba2,United States,213.23,False
aa2ba1,United States,194.02,False
ac2567,United States,277.46,False
a5c127,United States,236.86,False
ad3211,United States,68.75,False
acced9,United States,236.22,False
aae582,United States,231.92,False
aa950d,United States,238.01,False
ac6bf2,United States,227.37,False
e80490,Chile,200.99,False
a0d19e,United States,232.92,False
acbbd8,United States,130.41,False
a249b8,United States,47.21,False
e80493,Chile,242.72,False
aae597,United States,256.57,False
a27f07,United States,5.14,True
a72707,United States,197.63,False
4bb068,Turkey,274.89,False
8964fb,United Arab Emirates,0.06,True
c0119f,Canada,5.66,True
a15f32,United States,120.85,False
4bb064,Turkey,246.99,False
ac1257,United States,60.36,False
4bb063,Turkey,234.2,False
781f29,China,255.72,False
a1af03,United States,36.76,False
a51aa4,United States,52.35,False
8964d0,United Arab Emirates,246.64,False
a03f24,United States,69.78,False
8964bc,United Arab Emirates,262.45,False
ad8bed,United States,233.31,False
c07f47,Canada,4.89,True
a4b421,United States,204.66,False
a129b0,United States,50.93,False
a3449a,United States,52.52,False
a4c757,United States,76.95,False
c049db,Canada,0.0,False
4077ba,United Kingdom,224.19,False
4bb02b,Turkey,240.97,False
847628,Japan,261.77,False
a4faa5,United States,77.09,False
c036b1,Canada,269.11,False
a009da,United States,0.0,True
c07f32,Canada,151.25,False
780c10,China,229.45,False
750148,Malaysia,214.11,False
8964e8,United Arab Emirates,209.31,False
ac259b,United States,232.95,False
a7149d,United States,66.88,False
a2cf34,United States,142.09,False
e8043a,Chile,7.2,True
a3ef0c,United States,43.44,False
e8043c,Chile,201.18,True
ae63f0,United States,268.44,False
a369e7,United States,231.43,False
e8043f,Chile,6.43,True
e80453,Chile,232.24,False
781daa,China,232.3,False
e80450,Chile,283.92,False
a3ef1b,United States,191.73,False
c02494,Canada,182.62,False
e80464,Chile,237.11,False
88596a,Thailand,179.23,False
c06afc,Canada,99.57,False
885974,Thailand,97.83,False
e8045c,Chile,207.94,False
e8045e,Chile,181.58,False
780aa1,China,173.24,False
496c87,Portugal,1.8,True
896623,United Arab Emirates,274.94,False
a4c6a8,United States,61.71,False
896625,United Arab Emirates,277.57,False
780aa8,China,255.02,False
a0f6b9,United States,199.47,False
e80474,Chile,241.12,False
e80473,Chile,265.44,False
4bb074,Turkey,245.7,False
a27f40,United States,56.65,False
a02c40,United States,214.09,False
780ab6,China,2.31,True
ad30fd,United States,5.66,True
780ab7,China,254.24,False
4bb06f,Turkey,260.84,False
e8046f,Chile,205.99,False
4bb06d,Turkey,222.45,False
ae50d0,United States,60.23,False
a4c6b3,United States,233.03,False
e8046a,Chile,196.05,False
ab1839,United States,281.34,False
780aac,China,288.96,False
abf0fd,United States,202.77,False
89662b,United Arab Emirates,0.9,True
a9eab2,United States,51.41,False
a03f84,United States,181.92,False
a9eab5,United States,44.97,False
780ac8,China,262.58,False
896609,United Arab Emirates,224.93,False
ab1842,United States,229.74,False
ab5eb2,United States,1.29,True
346390,Spain,254.44,False
a84788,United States,40.67,False
a2cf6a,United States,0.0,True
a7bddc,United States,96.66,False
a330a0,United States,242.39,False
a1f0a9,United States,190.55,False
a9a414,United States,44.7,False
e80419,Chile,183.18,False
e80418,Chile,219.82,False
aaf831,United States,224.51,False
e80414,Chile,0.13,True
346386,Spain,247.41,False
896618,United Arab Emirates,8.23,True
a1af6d,United States,50.12,False
e8040c,Chile,234.55,False
e80421,Chile,242.42,False
a88dcb,United States,66.46,False
a356db,United States,233.9,False
7c788f,Australia,186.44,False
e80426,Chile,0.0,True
89660d,United Arab Emirates,229.03,False
a9fdc3,United States,189.85,False
ab4ba6,United States,240.73,False
345043,Spain,218.97,False
ac250b,United States,242.08,False
7c7888,Australia,228.08,False
a0f6f9,United States,231.71,False
7c7887,Australia,184.09,False
a82147,United States,62.81,False
abaeb2,United States,165.79,False
aaf83c,United States,154.43,False
c0114e,Canada,0.0,True
aa956d,United States,48.88,False
4ac8da,Sweden,239.07,False
a4b49c,United States,2.57,True
a2cf45,United States,57.69,False
e8042a,Chile,240.56,False
a2bc12,United States,237.08,False
a9b72c,United States,51.78,False
a14c70,United States,120.06,False
406590,United Kingdom,268.64,False
a2cf48,United States,241.61,False
a223ba,United States,11.83,True
a6e140,United States,224.44,False
a70151,United States,137.38,False
e80444,Chile,263.93,False
7c6549,Australia,46.07,False
a02c94,United States,0.0,True
a02c91,United States,131.28,False
a369ee,United States,251.62,False
484c59,Kingdom of the Netherlands,209.03,False
e80448,Chile,246.27,False
a76f66,United States,232.9,False
0d106e,Mexico,242.02,False
aa93c9,United States,264.78,False
acbc08,United States,113.93,False
0d1088,Mexico,185.63,False
e48dc1,Brazil,232.98,False
ad56c8,United States,31.14,False
ab5f6a,United States,138.08,False
e48dc2,Brazil,256.51,False
e48dc5,Brazil,201.44,False
a9b6a4,United States,49.13,False
8a09ca,Indonesia,220.96,False
a88f2e,United States,56.83,False
accf1c,United States,201.39,False
ab5f87,United States,183.6,False
a1f0ce,United States,94.86,False
a4a0b4,United States,232.07,False
346456,Spain,248.68,False
a76f87,United States,202.47,False
8a09be,Indonesia,246.84,False
a700a4,United States,267.8,False
ad56e0,United States,139.81,False
896598,United Arab Emirates,254.55,False
896597,United Arab Emirates,106.0,False
c06aaa,Canada,244.48,False
e06491,Argentina,160.79,False
c06aa7,Canada,0.77,True
a356fa,United States,34.98,False
c06aa4,Canada,0.0,True
740828,Jordan,254.48,False
a690c5,United States,157.6,False
740822,Jordan,260.6,False
a1f0b4,United States,265.48,False
abaf6e,United States,271.31,False
a38c66,United States,154.32,False
a76f6d,United States,0.0,True
a76f6c,United States,279.34,False
e80408,Chile,224.74,False
c06aa9,Canada,259.4,False
600853,Azerbaijan,185.66,False
aa3f48,United States,147.34,False
0d102f,Mexico,95.74,False
a03ed2,United States,166.99,False
48af01,Poland,245.2,False
a27ea8,United States,3.09,True
44cc42,Belgium,234.21,False
8a09a5,Indonesia,118.36,False
a4c6af,United States,241.67,False
a9a499,United States,53.08,False
407862,United Kingdom,5.14,True
44cc48,Belgium,229.04,False
adef3d,United States,53.08,False
461f5b,Finland,173.99,False
a8a9a6,United States,58.16,False
a09533,United States,230.46,False
a03ee0,United States,180.94,False
461f5a,Finland,258.26,False
ad30a0,United States,188.54,False
a8df06,United States,235.63,False
a03eda,United States,80.11,False
a7bf22,United States,14.4,True
a76f43,United States,240.02,False
ada6ed,United States,235.65,False
0d104e,Mexico,41.95,False
89653b,United Arab Emirates,263.71,False
89653a,United Arab Emirates,242.33,False
a3ef6e,United States,39.68,False
7c7802,Australia,12.35,True
ad43e6,United States,0.0,True
a76f46,United States,197.55,False
461f49,Finland,274.59,False
ac23ef,United States,221.92,False
7c7803,Australia,277.48,False
acbc73,United States,72.15,False
ab4c9f,United States,231.57,False
a4fc32,United States,0.0,True
0d105f,Mexico,152.78,False
a3ef7e,United States,207.57,False
4b9903,Turkey,522.58,False
4b9907,Turkey,518.86,False
aa818d,United States,146.0,False
461f56,Finland,265.19,False
407838,United Kingdom,192.68,False
a9eaf2,United States,45.41,False
407837,United Kingdom,254.89,False
a9a3e1,United States,215.31,False
780c0b,China,231.15,False
8964b1,United Arab Emirates,264.63,False
a6e0eb,United States,2.83,True
a26bb8,United States,225.84,False
a52ea4,United States,278.55,False
ae6470,United States,123.06,False
a4c811,United States,205.31,False
0d1005,Mexico,128.11,False
a0822c,United States,111.23,False
ac249e,United States,188.95,False
a27ebf,United States,61.01,False
781f4c,China,116.27,False
a3eeb0,United States,231.1,False
8964c3,United Arab Emirates,260.21,False
4b991a,Turkey,237.8,False
8964c1,United Arab Emirates,156.35,False
8964c0,United Arab Emirates,223.79,False
c06b6a,Canada,218.93,False
0ac338,Colombia,141.29,False
adeddd,United States,206.39,False
461f30,Finland,8.23,True
4b990e,Turkey,238.57,False
4b990d,Turkey,238.35,False
4b990c,Turkey,245.76,False
4076ed,United Kingdom,6.69,True
396671,France,217.02,False
0d100a,Mexico,1.03,True
ac1190,United States,0.0,True
0d1021,Mexico,45.52,False
a15ebc,United States,254.29,False
461f08,Finland,252.28,False
780c3e,China,205.91,False
abf17f,United States,232.09,False
4076dd,United Kingdom,220.56,False
4076da,United Kingdom,70.22,False
addadb,United States,194.56,False
75021b,Malaysia,232.59,False
75021e,Malaysia,234.47,False
0d1030,Mexico,232.83,False
4076e8,United Kingdom,225.77,False
a4c846,United States,0.0,True
8964a3,United Arab Emirates,104.11,False
aa80e7,United States,118.5,False
a4c849,United States,207.11,False
a87c4f,United States,130.63,False
a7ac54,United States,227.9,False
a08278,United States,46.91,False
780c69,China,216.89,False
a0e56d,United States,249.94,False
a63c85,United States,70.03,False
76cc71,Singapore,117.63,False
a570eb,United States,215.35,False
a99c57,United States,70.28,False
ae648a,United States,44.9,False
a2bbac,United States,224.4,False
a4fc9a,United States,240.15,False
ac36a9,United States,223.4,False
7c63bc,Australia,79.23,False
a33229,United States,236.48,False
780c6a,China,77.3,False
a700ac,United States,279.87,False
76cc83,Singapore,197.65,False
c06b5d,Canada,5.14,True
c06b76,Canada,51.45,False
a9c9cd,United States,50.68,False
e06459,Argentina,264.48,False
7cc6ab,Australia,0.73,False
e0645a,Argentina,221.47,False
a9ff49,United States,230.79,False
a09590,United States,244.52,False
a1057a,United States,252.91,False
c06b68,Canada,135.18,False
780c98,China,2.06,True
a59811,United States,86.58,False
c05a0a,Canada,206.93,False
8a0942,Indonesia,220.35,False
aaf996,United States,210.09,False
71dd23,Republic of Korea,45.8,False
ad8ca5,United States,78.09,False
aa9679,United States,84.88,False
ad463c,United States,38.5,False
a4a244,United States,52.46,False
e48e55,Brazil,139.42,False
a88ec8,United States,265.48,False
aae66d,United States,219.99,False
ad4643,United States,36.38,False
846444,Japan,252.37,False
a4b57e,United States,153.15,False
a63bf4,United States,138.39,False
a2bbf2,United States,157.98,False
8a0927,Indonesia,166.68,False
8a090f,Indonesia,124.52,False
a95502,United States,88.32,False
484cba,Kingdom of the Netherlands,253.78,False
484cbb,Kingdom of the Netherlands,260.66,False
a5d566,United States,215.28,False
484cbc,Kingdom of the Netherlands,241.79,False
ac267c,United States,155.83,False
a6924d,United States,104.68,False
a57275,United States,35.73,False
aa8320,United States,184.94,False
a9682e,United States,54.37,False
a0829e,United States,102.07,False
a38bdb,United States,30.35,False
a5726d,United States,95.01,False
accff1,United States,74.1,False
a33243,United States,0.06,True
76cd07,Singapore,203.73,False
76cd06,Singapore,241.52,False
a4c853,United States,47.69,False
8832da,Thailand,185.93,False
a63ba3,United States,261.51,False
4078fd,United Kingdom,224.84,False
ac136d,United States,3.86,True
76cd14,Singapore,241.22,False
e48e92,Brazil,236.54,False
76cd16,Singapore,0.06,True
76cd17,Singapore,241.21,False
ac0048,United States,236.7,False
aa2cb0,United States,182.19,False
780d13,China,217.68,False
76cd0c,Singapore,8.75,True
75027e,Malaysia,218.46,False
7c78ae,Australia,8.75,True
75027c,Malaysia,224.83,False
a96823,United States,100.4,False
a72831,United States,230.04,False
a4fbac,United States,6.69,True
4078ef,United Kingdom,0.0,True
8965f4,United Arab Emirates,0.9,True
a4c872,United States,232.81,False
abf375,United States,246.33,False
8965f9,United Arab Emirates,75.89,True
8965f8,United Arab Emirates,0.51,True
7c78b3,Australia,0.06,True
4078f0,United Kingdom,229.66,False
84640c,Japan,235.62,False
8965ee,United Arab Emirates,5.4,True
aa3faf,United States,74.18,False
780d1e,China,241.85,False
8965fa,United Arab Emirates,230.61,False
44ccd8,Belgium,277.47,False
a5988d,United States,26.76,False
ac0070,United States,53.36,False
75025b,Malaysia,232.02,False
8965fb,United Arab Emirates,243.51,False
44ccca,Belgium,265.42,False
a094a3,United States,49.14,False
a57234,United States,261.55,False
ab18a8,United States,76.85,False
a9ec7f,United States,237.07,False
ac138c,United States,204.83,False
a9558b,United States,91.12,False
c01294,Canada,63.67,False
acaa77,United States,235.02,False
7c5323,Australia,146.0,False
896768,United Arab Emirates,243.65,False
a8359c,United States,178.11,False
43bfe1,United Kingdom,18.01,True
780bb6,China,259.5,False
780bb9,China,80.25,False
a4c7b9,United States,35.19,False
ab0609,United States,56.96,False
7c530b,Australia,0.64,True
a38d0e,United States,217.81,False
8a099f,Indonesia,215.73,False
aa7082,United States,273.36,False
a51d28,United States,56.9,False
896743,United Arab Emirates,245.72,False
a597c1,United States,163.76,False
896749,United Arab Emirates,161.45,False
e8033f,Chile,128.18,False
e8033e,Chile,236.47,False
7c5301,Australia,195.71,False
896748,United Arab Emirates,236.14,False
a51d1b,United States,236.38,False
40666b,United Kingdom,221.89,False
c81e27,New Zealand,0.0,True
ab5faa,United States,195.86,False
a237c6,United States,67.83,False
43bfeb,United Kingdom,6.43,True
43bfec,United Kingdom,3.86,True
ac7fa0,United States,139.6,False
40665e,United Kingdom,240.54,False
43bfde,United Kingdom,13.89,True
7c6691,Australia,86.86,False
a2aa38,United States,48.81,False
a6925c,United States,61.5,False
c02586,Canada,51.62,False
aaf93d,United States,243.36,False
a8def1,United States,148.14,False
a8222c,United States,235.38,False
84b42f,Japan,232.58,False
aaf954,United States,203.33,False
aaf960,United States,0.0,True
780bf7,China,262.09,False
780bf4,China,222.83,False
ab1978,United States,116.87,False
ada902,United States,109.88,False
ab1979,United States,288.6,False
7c5357,Australia,190.29,False
7c4023,Australia,55.91,False
a331a3,United States,45.2,False
a331b0,United States,49.7,False
84b451,Japan,118.94,False
ab5fdd,United States,270.72,False
7c534f,Australia,141.07,False
8a095a,Indonesia,60.74,False
8a095b,Indonesia,222.87,False
a9552a,United States,275.35,False
70aa6f,Nepal,205.03,False
a1f1a0,United States,271.65,False
7c5343,Australia,109.51,False
ac1301,United States,195.89,False
ab197e,United States,126.7,False
780bff,China,249.26,False
ab064e,United States,59.08,False
8a094b,Indonesia,79.67,False
896719,United Arab Emirates,222.09,False
896718,United Arab Emirates,235.94,False
ac263d,United States,75.36,False
a6e258,United States,232.11,False
a82258,United States,46.01,False
a7025f,United States,37.85,False
aa8366,United States,47.85,False
a081de,United States,3.86,False
a38d36,United States,175.95,False
a6f584,United States,53.54,False
896713,United Arab Emirates,233.8,False
a14d7a,United States,127.92,False
8a093b,Indonesia,220.96,False
c07ee8,Canada,97.32,False
c07ee4,Canada,80.25,False
89405f,Bahrain,182.59,False
ac24c5,United States,0.06,True
89405d,Bahrain,250.85,False
40660e,United Kingdom,227.58,False
a451cf,United States,215.71,False
0201a4,Morocco,184.86,False
a4b4dc,United States,263.6,False
40660c,United Kingdom,218.62,False
8a08c6,Indonesia,210.71,False
8a08c0,Indonesia,247.1,False
407944,United Kingdom,263.15,False
a23914,United States,1.03,True
aa94d0,United States,100.39,False
ab04f3,United States,234.63,False
4794f2,Norway,225.06,False
aae4ce,United States,61.66,False
8a08b7,Indonesia,182.9,False
a51d8e,United States,207.98,False
345248,Spain,187.68,False
c0254e,Canada,56.96,False
a967ae,United States,13.38,True
ab04fb,United States,48.77,False
aa1a16,United States,265.31,False
abf1b5,United States,225.35,False
c07ef6,Canada,232.03,False
c02552,Canada,167.04,False
c07ef2,Canada,211.78,False
8462c4,Japan,7.2,True
a211ef,United States,142.77,False
e49fc2,Brazil,241.58,False
ad44bc,United States,231.34,False
a4ea77,United States,3.86,True
89667a,United Arab Emirates,32.41,True
407995,United Kingdom,134.93,False
407993,United Kingdom,111.64,False
a23949,United States,29.57,False
407994,United Kingdom,236.13,False
406668,United Kingdom,227.96,False
89667b,United Arab Emirates,244.85,False
34520f,Spain,166.54,False
a727c7,United States,224.09,False
406660,United Kingdom,240.33,False
40797c,United Kingdom,244.27,False
840e10,Japan,112.12,False
a4c7cd,United States,73.66,False
a584c3,United States,56.92,False
40796c,United Kingdom,227.5,False
acaa1c,United States,229.41,False
40796a,United Kingdom,227.05,False
ae77f3,United States,55.51,False
a727aa,United States,77.17,False
a74a02,United States,29.25,False
ad7a60,United States,78.36,False
7501e6,Malaysia,140.57,False
a0f91d,United States,0.0,True
a63d42,United States,239.55,False
781fce,China,242.34,False
7501f9,Malaysia,214.5,False
a5d4c3,United States,232.14,False
896682,United Arab Emirates,239.69,False
896681,United Arab Emirates,264.35,False
896680,United Arab Emirates,131.81,False
76ccc9,Singapore,256.71,False
acbd6b,United States,47.53,False
407959,United Kingdom,257.27,False
346516,Spain,225.5,False
a0e600,United States,91.16,False
c010ea,Canada,137.12,False
aa9600,United States,282.01,False
780d2f,China,244.47,False
152059,Russian Federation,238.65,False
8965d4,United Arab Emirates,235.22,False
7c77f6,Australia,7.46,True
a22669,United States,233.95,False
a3dca4,United States,40.42,False
a0d32d,United States,55.41,False
a9ed95,United States,50.46,False
a9ed96,United States,45.27,False
a1afdc,United States,208.97,False
c010f6,Canada,191.56,False
ad3278,United States,72.84,False
a0835d,United States,239.05,False
152066,Russian Federation,217.42,False
a9da39,United States,53.37,False
a08335,United States,76.42,False
748026,Lebanon,139.81,False
a02ce3,United States,183.84,False
a9a4e2,United States,174.55,False
8832d2,Thailand,164.29,False
76cd72,Singapore,270.78,False
750333,Malaysia,239.06,False
8965b2,United Arab Emirates,250.37,False
a27fdb,United States,118.25,False
abf29f,United States,232.27,False
76cd77,Singapore,220.89,False
76cd79,Singapore,294.05,False
a0d30c,United States,249.75,False
8965ac,United Arab Emirates,245.88,False
75033c,Malaysia,75.75,False
a99d8d,United States,220.58,False
76cd6d,Singapore,218.67,False
a35949,United States,0.0,True
c03804,Canada,118.03,False
a39fb1,United States,109.07,False
89409d,Bahrain,239.0,False
a0d374,United States,229.2,False
a87d6b,United States,99.04,False
a1903f,United States,53.92,False
89409b,Bahrain,241.12,False
a3599f,United States,10.8,True
ad329f,United States,222.19,False
a2bce6,United States,158.15,False
c81de6,New Zealand,32.9,False
780d93,China,2.57,True
a9ed3f,United States,47.96,False
a2bcd8,United States,84.45,False
780d97,China,261.81,False
a691ed,United States,55.41,False
152021,Russian Federation,5.66,True
a3efa2,United States,239.95,False
7c77fa,Australia,137.87,False
a9ed27,United States,55.45,False
0c0249,Nicaragua,0.0,True
8a08dd,Indonesia,4.15,False
7c77fc,Australia,260.42,False
15202a,Russian Federation,243.79,False
7c77fb,Australia,194.42,False
c010e4,Canada,277.7,False
894097,Bahrain,267.11,False
894094,Bahrain,164.64,False
894098,Bahrain,231.03,False
ac37bd,United States,0.0,True
a2132c,United States,59.71,False
a7ad7c,United States,112.72,False
89408e,Bahrain,253.13,False
89408f,Bahrain,237.18,False
15203d,Russian Federation,251.42,False
4b8533,Turkey,209.5,False
a60919,United States,47.1,False
a3a93b,United States,219.85,False
a4794e,United States,6.17,True
c06c81,Canada,144.6,False
a92d70,United States,42.52,False
a3e911,United States,216.66,False
a66a84,United States,2.83,True
a13309,United States,51.29,False
a861d0,United States,43.25,False
89906d,Taiwan,96.96,False
a0cfbd,United States,99.48,False
acb5fe,United States,41.0,False
a52911,United States,229.98,False
ac52f2,United States,240.12,False
899081,Taiwan,302.87,False
a7a4e6,United States,43.21,False
a981c2,United States,280.9,False
ade8fa,United States,292.6,False
04018f,Ethiopia,255.69,False
89907c,Taiwan,252.16,False
ac52ff,United States,216.73,False
a00000,United States,29.86,False
a2c90d,United States,218.44,False
a981bd,United States,19.66,False
e4a00c,Brazil,1.03,True
a02664,United States,43.46,False
040197,Ethiopia,261.83,False
899097,Taiwan,219.1,False
899093,Taiwan,256.27,False
a42a91,United States,0.0,True
ad0b87,United States,32.41,False
a0261f,United States,52.93,False
c1e981,Canada,11.32,True
a1a924,United States,144.71,False
e4a012,Brazil,142.75,False
a79d9a,United States,178.54,False
04016d,Ethiopia,246.43,False
a64924,United States,248.58,False
a7ed84,United States,56.02,False
a1460a,United States,204.46,False
a27921,United States,0.0,True
899077,Taiwan,239.94,False
a8c4d8,United States,227.19,False
aceb76,United States,256.19,False
c0404e,Canada,183.71,False
c0404f,Canada,147.65,False
040173,Ethiopia,250.58,False
899071,Taiwan,89.61,False
c07998,Canada,1.54,True
89902f,Taiwan,5.14,True
c07996,Canada,134.51,False
a38641,United States,0.26,True
4bcd84,Turkey,238.6,False
c07995,Canada,267.69,False
89902b,Taiwan,208.16,False
89902d,Taiwan,0.0,True
0d085c,Mexico,250.12,False
a9f7b0,United States,237.56,False
a887e3,United States,0.06,True
899044,Taiwan,199.95,False
a79d63,United States,74.35,False
a54a4e,United States,97.02,False
0d0873,Mexico,222.54,False
040142,Ethiopia,254.93,False
4ca4ea,Ireland,207.8,False
a3861f,United States,221.37,False
04014e,Ethiopia,232.87,False
7c1955,Australia,77.21,False
899059,Taiwan,233.2,False
040159,Ethiopia,266.9,False
c8195a,New Zealand,141.95,False
3a444f,France,49.9,False
899051,Taiwan,119.37,False
899053,Taiwan,134.71,False
a38633,United States,228.77,False
a2c93c,United States,63.26,False
a2c93f,United States,0.0,True
a1597a,United States,43.05,False
c0534e,Canada,162.1,False
a1463a,United States,10.8,True
7c0616,Australia,50.79,False
70620f,Kuwait,233.48,False
a78a52,United States,243.05,False
a0bcb2,United States,235.2,False
49d3bb,Czech Republic,255.06,False
a32fd5,United States,0.32,True
040123,Ethiopia,274.01,False
70620a,Kuwait,220.11,False
89901d,Taiwan,255.15,False
ac671b,United States,0.0,True
49d3d5,Czech Republic,0.0,True
49d3d4,Czech Republic,241.91,False
49d3d6,Czech Republic,226.63,False
a4e1ec,United States,47.29,False
781539,China,191.93,False
04012b,Ethiopia,262.43,False
ab473a,United States,238.52,False
c0799e,Canada,244.85,False
a39948,United States,232.37,False
aaab08,United States,223.78,False
a38682,United States,171.2,False
a2fcf2,United States,223.84,False
7c4d4c,Australia,3.09,True
abde0b,United States,243.01,False
406f86,United Kingdom,73.05,False
a43ccc,United States,235.06,False
a13386,United States,242.39,False
a75634,United States,186.96,False
a36027,United States,62.27,False
a2536f,United States,142.0,False
c0792f,Canada,125.36,False
a5bfe9,United States,236.41,False
a3e99c,United States,50.68,False
406f79,United Kingdom,283.06,False
406f77,United Kingdom,260.82,False
406f78,United Kingdom,232.6,False
a13391,United States,274.87,False
a2668b,United States,216.92,False
a64996,United States,276.76,False
c05314,Canada,98.1,False
c07973,Canada,147.37,False
c07971,Canada,236.56,False
a5299a,United States,44.64,False
a49314,United States,122.17,False
a24014,United States,193.22,False
ab7b38,United States,0.0,True
e4891e,Brazil,0.9,True
a7a60e,United States,0.06,True
a37337,United States,47.29,False
a37335,United States,256.51,False
a88950,United States,64.41,False
a7a616,United States,235.59,False
adb08b,United States,75.45,False
a3d68f,United States,42.42,False
ac65bb,United States,238.71,False
ad98d9,United States,47.35,False
7c3a00,Australia,0.0,True
7800b9,China,2.57,True
7800af,China,5.14,True
a8fa72,United States,50.23,False
ade8ce,United States,70.57,False
a56fc9,United States,142.68,False
a06e20,United States,202.39,False
a12096,United States,92.61,False
a6491b,United States,50.22,False
c07915,Canada,153.33,False
a52951,United States,54.02,False
a37389,United States,231.78,False
7800ba,China,33.44,True
a038d5,United States,83.78,False
ac65dc,United States,229.99,False
a6492f,United States,208.03,False
a038a3,United States,34.47,False
ade8ea,United States,51.75,False
815429,India,138.32,False
abde82,United States,259.26,False
a4f622,United States,228.36,False
882e61,Thailand,246.87,False
868b50,Japan,141.47,False
e48989,Brazil,95.86,False
a2b691,United States,175.88,False
0d080e,Mexico,113.66,False
a06e11,United States,0.06,True
a9966f,United States,142.84,False
a62397,United States,87.04,False
add667,United States,238.59,False
c051cc,Canada,232.77,False
add664,United States,100.22,False
a038fd,United States,41.16,False
a31e0c,United States,179.06,False
ae099f,United States,43.97,False
c051e6,Canada,79.73,False
a48081,United States,4.37,True
a97029,United States,220.02,False
a8c689,United States,78.73,False
a7302f,United States,75.83,False
ae0994,United States,69.86,False
ae0990,United States,59.99,False
a99692,United States,62.38,False
c051d0,Canada,7.46,True
c051d1,Canada,1.54,True
845ce4,Japan,151.81,False
a5f06e,United States,5.66,True
add66d,United States,233.44,False
a158c9,United States,0.19,True
adb014,United States,244.2,False
a2a38e,United States,271.26,False
508429,Ukraine,234.81,False
aca362,United States,122.24,False
add65b,United States,84.71,False
c051f2,Canada,136.47,False
c1e7f1,Canada,5.66,True
aa6cfa,United States,258.92,False
a5035e,United States,55.06,False
a9962a,United States,0.9,True
adc375,United States,51.84,False
0d06d3,Mexico,67.19,False
394a00,France,273.03,False
a75676,United States,68.94,False
394a03,France,221.56,False
394a01,France,248.72,False
a50370,United States,286.29,False
a05b78,United States,233.03,False
3cc187,Germany,5.14,True
394a05,France,285.16,False
a6dff9,United States,234.24,False
aa1350,United States,51.45,False
ad737c,United States,38.24,False
a73001,United States,49.12,False
8881d7,Viet Nam,234.84,False
394a15,France,278.52,False
394a14,France,284.47,False
a9e627,United States,39.79,False
a6dfed,United States,227.1,False
ac407d,United States,226.15,False
aa265e,United States,60.21,False
a1a8da,United States,226.4,False
a0be56,United States,204.47,False
a3b05d,United States,199.13,False
a06e6b,United States,77.41,False
a6235b,United States,230.64,False
a2fe21,United States,59.68,False
49d563,Czech Republic,4.89,True
a86334,United States,85.49,False
a9961b,United States,246.77,False
aba8ad,United States,122.28,False
a7699a,United States,49.39,False
adb04a,United States,216.14,False
a025ff,United States,96.39,False
a4e389,United States,206.01,False
8881f2,Viet Nam,0.0,True
a398bc,United States,234.9,False
a4d04c,United States,0.0,True
a372e0,United States,191.73,False
a6ce36,United States,179.09,False
acb608,United States,141.58,False
a54b2a,United States,249.72,False
3c70cb,Germany,257.55,False
a42b45,United States,239.31,False
a385ee,United States,7.72,True
781550,China,222.44,False
a3c2be,United States,229.17,False
ab5975,United States,261.68,False
a43e5b,United States,204.86,False
a515f1,United States,68.4,False
a31e82,United States,79.19,False
a43e5e,United States,282.97,False
ac6622,United States,203.3,False
a3c2d5,United States,230.99,False
899016,Taiwan,11.83,True
899018,Taiwan,278.76,False
ab8cc1,United States,110.91,False
a1cb5a,United States,3.86,True
781568,China,219.04,False
ade930,United States,70.66,False
a9d37b,United States,141.99,False
394a0b,France,72.17,False
a7ee38,United States,66.77,False
394a0a,France,221.91,False
ac0fdc,United States,244.62,False
a9d390,United States,74.32,False
4ca56d,Ireland,12.35,True
394a0e,France,261.84,False
ac5310,United States,73.19,False
ae4fae,United States,41.38,False
ae4faf,United States,39.15,False
abefba,United States,235.53,False
a80e46,United States,285.79,False
a622bc,United States,181.98,False
ac530f,United States,52.03,False
a7b8d7,United States,52.02,False
760a0d,Pakistan,239.4,False
abdcb7,United States,202.04,False
ac6645,United States,229.54,False
ac5312,United States,206.75,False
a2fe3c,United States,0.0,True
4a5d2e,Romania,250.83,False
780254,China,213.39,False
c05293,Canada,0.0,True
ac5331,United States,79.75,False
a768a2,United States,238.01,False
78024f,China,253.82,False
ac5326,United States,222.98,False
a3e8e8,United States,53.7,False
a4f5a0,United States,238.2,False
ae4fc0,United States,69.02,False
acc961,United States,73.57,False
ac6668,United States,238.86,False
a3e8eb,United States,193.55,False
a768c2,United States,225.25,False
780278,China,208.23,False
abdcdc,United States,71.52,False
a7b8a1,United States,115.09,False
3c70c5,Germany,248.01,False
ac5349,United States,189.08,False
a9969b,United States,227.42,False
ae4fed,United States,58.71,False
ae4fea,United States,45.17,False
a2fe8f,United States,182.8,False
ad1cde,United States,240.38,False
78027a,China,219.91,False
a9e67b,United States,284.57,False
a98382,United States,214.02,False
c1e89a,Canada,6.43,True
a43e83,United States,171.95,False
a0275c,United States,279.58,False
c04167,Canada,125.3,False
4ba9eb,Turkey,222.84,False
a6bb6d,United States,61.32,False
4ba9ea,Turkey,278.83,False
a05aad,United States,43.61,False
aca3e6,United States,0.06,True
abcc8f,United States,101.46,False
a26738,United States,210.35,False
4ba9cf,Turkey,229.86,False
a92e73,United States,3.34,True
a92e72,United States,181.04,False
a91b44,United States,249.04,False
4ba9cd,Turkey,275.88,False
4ba9cc,Turkey,246.81,False
781602,China,241.38,False
781603,China,205.17,False
71c014,Republic of Korea,240.23,False
71c015,Republic of Korea,0.26,True
71c013,Republic of Korea,210.23,False
4ba9e8,Turkey,263.2,False
4ba9e7,Turkey,275.75,False
a06dc9,United States,87.99,False
71c017,Republic of Korea,222.12,False
4ba9e4,Turkey,227.71,False
06a374,Qatar,229.98,False
040047,Ethiopia,160.32,False
040046,Ethiopia,256.62,False
4ba9e2,Turkey,210.26,False
502d0c,Latvia,209.71,False
4ba9da,Turkey,236.23,False
478d42,Norway,275.98,False
71c002,Republic of Korea,255.64,False
4ba9f9,Turkey,201.97,False
78160e,China,248.91,False
89914d,Taiwan,127.91,False
a6bb2f,United States,64.19,False
89914c,Taiwan,130.49,False
ab8ea3,United States,53.85,False
c06781,Canada,42.48,False
89914b,Taiwan,135.76,False
a1211d,United States,229.37,False
a29abd,United States,36.01,True
4481a0,Belgium,11.83,True
a17ad2,United States,232.23,False
4481a6,Belgium,2.83,True
a2b759,United States,236.67,False
aa13f8,United States,27.27,False
c04113,Canada,79.12,False
a9e5b5,United States,30.39,False
a9f8e8,United States,39.08,False
a2a40a,United States,40.8,False
89915f,Taiwan,0.0,True
a982a9,United States,44.09,False
a66b5f,United States,53.47,False
a80e4e,United States,119.02,False
a8fb21,United States,95.14,False
040030,Ethiopia,215.53,False
a6ce65,United States,60.33,False
a0144e,United States,2.06,True
780310,China,0.9,True
a7db41,United States,0.0,True
781646,China,234.61,False
a29aa5,United States,234.44,False
899140,Taiwan,57.27,False
899142,Taiwan,130.92,False
a06dfd,United States,143.66,False
780320,China,253.0,False
89913b,Taiwan,8.23,True
ab4866,United States,243.21,False
c06796,Canada,35.12,False
a3871e,United States,0.0,True
845f78,Japan,241.53,False
a7b8fb,United States,36.83,False
502d5f,Latvia,72.54,False
ab485e,United States,227.55,False
a92e3a,United States,62.54,False
aa6f80,United States,232.51,False
a3b124,United States,200.64,False
8990a5,Taiwan,251.5,False
8990a2,Taiwan,249.37,False
8990a4,Taiwan,258.44,False
8990a0,Taiwan,255.57,False
c0673a,Canada,121.33,False
aba9e7,United States,229.03,False
ae09d6,United States,0.0,True
71c079,Republic of Korea,245.55,False
a3b11d,United States,47.85,False
71c072,Republic of Korea,153.27,False
71c073,Republic of Korea,207.94,False
71c070,Republic of Korea,105.52,False
0d0710,Mexico,6.17,True
7c4e88,Australia,0.0,False
a29aff,United States,225.86,False
a4943f,United States,238.28,False
c05416,Canada,187.93,False
71c076,Republic of Korea,267.51,False
ac53a1,United States,33.13,False
8990b9,Taiwan,21.64,False
a42ac4,United States,172.82,False
aa5bc5,United States,248.67,False
71c069,Republic of Korea,147.83,False
a3612a,United States,246.03,False
a3d78d,United States,183.4,False
8990aa,Taiwan,226.4,False
71c061,Republic of Korea,244.08,False
71c062,Republic of Korea,99.56,False
71c060,Republic of Korea,200.73,False
ac53a0,United States,238.88,False
71c063,Republic of Korea,140.3,False
ac53b2,United States,184.16,False
a66ac3,United States,213.55,False
7801c7,China,239.35,False
71c093,Republic of Korea,171.34,False
a7edb0,United States,35.33,False
ac66f6,United States,116.67,False
a12167,United States,30.87,False
a80daf,United States,208.28,False
a1cac9,United States,276.63,False
a2fdcf,United States,44.14,False
71c090,Republic of Korea,0.77,True
71c091,Republic of Korea,142.83,False
aaac4a,United States,253.65,False
a26793,United States,209.59,False
71c089,Republic of Korea,91.45,False
7801d4,China,196.71,False
a2a436,United States,62.67,False
84183d,Japan,244.56,False
ac9c45,United States,40.21,False
a12160,United States,51.01,False
71c081,Republic of Korea,246.27,False
a2a437,United States,58.22,False
a12164,United States,56.02,False
71c086,Republic of Korea,142.08,False
ac53d5,United States,251.1,False
7801ca,China,219.46,False
ac53be,United States,5.4,True
71c039,Republic of Korea,245.78,False
acff5c,United States,55.62,False
71c031,Republic of Korea,212.34,False
aca3a3,United States,7.46,True
06a30d,Qatar,261.29,False
ad99fc,United States,199.59,False
06a30c,Qatar,260.78,False
71c026,Republic of Korea,97.17,False
ac53f8,United States,42.18,False
a2a491,United States,36.53,False
ad60b7,United States,260.25,False
71c056,Republic of Korea,219.51,False
71c050,Republic of Korea,0.06,True
ac9c79,United States,60.71,False
4b484d,Switzerland,220.41,False
040088,Ethiopia,270.89,False
a4945f,United States,1.8,True
a026a5,United States,248.41,False
a63758,United States,73.07,False
71c046,Republic of Korea,277.65,False
ad0c5f,United States,101.01,False
71c044,Republic of Korea,257.56,False
a146ce,United States,154.26,False
a529b5,United States,52.88,False
a7dadc,United States,204.04,False
ac5488,United States,236.31,False
ab2182,United States,40.72,False
a7dae8,United States,54.18,False
a8b476,United States,89.15,False
a05c59,United States,233.11,False
06a2e6,Qatar,207.07,False
adc442,United States,51.06,False
06a2e5,Qatar,275.9,False
a146f1,United States,234.7,False
06a2e0,Qatar,283.41,False
06a2e1,Qatar,251.75,False
503fc4,Lithuania,237.24,False
06a2df,Qatar,189.28,False
a399b9,United States,218.48,False
06a2f7,Qatar,253.75,False
06a2f6,Qatar,276.25,False
851120,Japan,237.43,False
06a2f0,Qatar,272.44,False
a67f04,United States,151.03,False
49d403,Czech Republic,240.56,False
06a2ef,Qatar,272.26,False
882da4,Thailand,221.27,False
06a2eb,Qatar,268.4,False
a026e1,United States,197.72,False
add793,United States,122.36,False
a4f6a3,United States,251.68,False
400298,United Kingdom,247.52,False
ad614c,United States,193.5,False
49d418,Czech Republic,223.58,False
a8b44e,United States,220.45,False
7815a0,China,233.82,False
49d414,Czech Republic,244.6,False
06a2fe,Qatar,256.04,False
06a2fd,Qatar,266.45,False
06a2fb,Qatar,251.89,False
a05c40,United States,33.1,False
a120af,United States,40.77,False
a2a3b6,United States,219.81,False
a8b426,United States,295.06,False
7c4e36,Australia,47.03,False
a0bf8c,United States,85.37,False
a30c46,United States,10.29,True
a7311e,United States,54.53,False
a85119,United States,235.89,False
a0bf90,United States,226.69,False
49d421,Czech Republic,8.23,True
a43f51,United States,206.73,False
7c3b15,Australia,47.79,False
a1cc2f,United States,60.8,False
49d41e,Czech Republic,220.73,False
e48808,Brazil,223.38,False
0d05c2,Mexico,74.73,False
ac79c7,United States,104.36,False
a43f3c,United States,229.75,False
a92ddf,United States,0.0,True
845daa,Japan,215.06,False
a6246e,United States,260.15,False
a1cc46,United States,229.04,False
a98445,United States,237.35,False
a30c29,United States,0.0,True
c052ca,Canada,195.64,False
a013e8,United States,185.56,False
49d42b,Czech Republic,245.21,False
0d05d5,Mexico,278.13,False
c1e8ac,Canada,3.34,True
7802a0,China,138.55,False
a3e9a1,United States,43.02,False
ab59f4,United States,262.74,False
c052e0,Canada,81.3,False
a5f162,United States,253.22,False
c065ef,Canada,118.24,False
ab59ed,United States,52.48,False
a87786,United States,52.79,False
a61173,United States,215.5,False
a9840e,United States,88.09,False
a399e4,United States,218.71,False
a013ee,United States,213.42,False
c1e8ba,Canada,1.03,True
c052d3,Canada,209.33,False
abdf22,United States,142.96,False
508341,Ukraine,157.35,False
a399de,United States,109.09,False
a5f153,United States,206.1,False
c804cd,New Zealand,49.9,False
a373ea,United States,216.64,False
89910b,Taiwan,228.02,False
89910a,Taiwan,237.97,False
851186,Japan,91.06,False
a743a4,United States,39.0,False
a3c3e6,United States,210.26,False
040101,Ethiopia,262.08,False
c078cf,Canada,12.35,True
a43f7d,United States,6.94,True
899137,Taiwan,283.46,False
a8fc06,United States,226.11,False
899139,Taiwan,289.66,False
899133,Taiwan,268.04,False
a8fc09,United States,242.39,False
aa5c1c,United States,0.0,True
a31f9e,United States,209.66,False
ac541b,United States,233.29,False
a386fb,United States,185.74,False
781684,China,245.97,False
a78c43,United States,4.63,True
a7ef51,United States,196.19,False
400219,United Kingdom,112.49,False
899103,Taiwan,235.25,False
a756eb,United States,187.51,False
acb741,United States,47.95,False
aa5c0b,United States,56.24,False
ab8df5,United States,46.31,False
a743be,United States,43.02,False
899108,Taiwan,231.86,False
aa26c8,United States,212.1,False
899115,Taiwan,208.09,False
899116,Taiwan,245.85,False
a67f8a,United States,230.37,False
406ecd,United Kingdom,268.49,False
502d9f,Latvia,1.03,True
a120da,United States,48.09,False
863188,Japan,143.58,False
7cf358,Australia,5.92,True
a13501,United States,246.28,False
ab8dfd,United States,54.41,False
78169e,China,183.71,False
a9c151,United States,268.3,False
4ba9c8,Turkey,252.96,False
c0407b,Canada,237.72,False
4ba9c2,Turkey,246.01,False
4ba9c4,Turkey,249.37,False
ab2140,United States,177.54,False
ab7ae4,United States,77.02,False
add734,United States,209.5,False
a5af37,United States,56.39,False
a85188,United States,232.55,False
78037b,China,253.0,False
a67f2c,United States,241.06,False
a67f38,United States,76.65,False
405bfe,United Kingdom,249.97,False
a0bea9,United States,84.12,False
a480cb,United States,65.63,False
4ba9d3,Turkey,245.49,False
4ba9d2,Turkey,226.43,False
405bfb,United Kingdom,280.63,False
ac9abc,United States,5.4,True
405bfc,United Kingdom,6.94,True
aaaaf1,United States,91.46,False
06a2b7,Qatar,99.31,False
7cf338,Australia,2.31,False
06a2b6,Qatar,262.98,False
acfdf4,United States,215.08,False
06a2b1,Qatar,267.48,False
06a2b2,Qatar,259.56,False
e486c2,Brazil,246.23,False
e486c3,Brazil,243.23,False
a6cf38,United States,137.82,False
a756a0,United States,50.54,False
a480c4,United States,185.91,False
a7ef08,United States,125.05,False
a14826,United States,62.81,False
a55f6c,United States,165.84,False
a55f6f,United States,47.22,False
39ae97,France,139.46,False
a55b7a,United States,200.45,False
a67b72,United States,111.6,False
a8d5bd,United States,247.31,False
4ba8cf,Turkey,3.09,False
a67b75,United States,5.66,True
a4f2ee,United States,202.14,False
8404f3,Japan,136.39,False
ad83d7,United States,30.63,False
ade6d4,United States,50.04,False
a43b91,United States,243.69,False
ab8c91,United States,40.52,False
a67b84,United States,73.95,False
4b8e47,Turkey,229.92,False
ab30e6,United States,89.82,False
a752bf,United States,205.72,False
a07dc9,United States,240.2,False
ab8c8f,United States,83.91,False
a43b83,United States,230.33,False
a79b78,United States,51.35,False
a7fe85,United States,84.98,False
4ba8c8,Turkey,1.46,False
a92b0c,United States,8.23,True
a752e9,United States,48.64,False
abdc92,United States,213.96,False
8511ca,Japan,67.96,False
aa7f8d,United States,257.19,False
0d09a5,Mexico,235.68,False
407fc2,United Kingdom,224.26,False
a81e38,United States,110.11,False
a7fe27,United States,0.0,True
a1574e,United States,251.67,False
407fae,United Kingdom,242.78,False
407fac,United Kingdom,222.77,False
a55b3c,United States,137.33,False
a06aba,United States,254.96,False
a3e5fa,United States,228.17,False
a778e0,United States,59.61,False
a20dd5,United States,47.62,False
a8d5a4,United States,273.29,False
a3d2e5,United States,200.78,False
abdc9b,United States,141.06,False
a1442f,United States,218.01,False
a39723,United States,224.09,False
a20da7,United States,77.99,False
a55b69,United States,48.55,False
78175d,China,221.51,False
a9d069,United States,201.83,False
c00dea,Canada,175.86,False
7c4ec7,Australia,39.06,False
aa7f4e,United States,242.53,False
a07dcd,United States,249.58,False
a07de1,United States,55.3,False
a1440c,United States,201.58,False
a07dde,United States,53.53,False
ad718d,United States,61.96,False
a01160,United States,62.66,False
a0cdff,United States,274.04,False
ac0f26,United States,229.63,False
a7670b,United States,208.83,False
7815f7,China,247.78,False
abb9b2,United States,201.92,False
8991be,Taiwan,252.5,False
aacf1f,United States,245.44,False
a18ae3,United States,46.23,False
aa7ebc,United States,251.07,False
8991d8,Taiwan,242.18,False
86dd90,Japan,241.34,False
8991d9,Taiwan,245.8,False
aa7ec2,United States,170.42,False
a52768,United States,232.44,False
a4f414,United States,6.43,True
add47f,United States,65.57,False
abef16,United States,221.71,False
a2644c,United States,167.54,False
a2644d,United States,78.98,False
a38435,United States,57.59,False
406d1a,United Kingdom,125.85,False
8991a4,Taiwan,248.98,False
a6dda8,United States,44.19,False
ac76b6,United States,215.66,False
a3973e,United States,209.89,False
a56dcf,United States,185.41,False
a3c10a,United States,75.0,False
406d26,United Kingdom,237.87,False
a992fe,United States,200.82,False
a1dab3,United States,249.04,False
4ca2ab,Ireland,224.47,False
4ca2cb,Ireland,3.6,True
abef2f,United States,0.13,True
a3972d,United States,217.14,False
a20df0,United States,168.65,False
8991af,Taiwan,238.04,False
8991aa,Taiwan,245.19,False
ab56e3,United States,137.82,False
a26439,United States,133.29,False
ab8c37,United States,239.05,False
ac76ae,United States,231.1,False
a51452,United States,72.12,False
49d1cd,Czech Republic,240.62,False
a50126,United States,236.0,False
a15795,United States,233.2,False
4ca2bf,Ireland,183.64,False
a049b0,United States,44.76,False
ad1c18,United States,240.29,False
a37150,United States,49.01,False
ad1c11,United States,259.4,False
7cf3eb,Australia,0.06,False
406d7a,United Kingdom,215.85,False
406d7b,United Kingdom,257.23,False
ab43c6,United States,238.37,False
a2a144,United States,185.02,False
3c3ece,Germany,12.86,True
ac0f4d,United States,231.56,False
7cf3f1,Australia,7.2,False
7802fb,China,185.72,False
ad96ba,United States,75.12,False
ac0f70,United States,0.0,False
a40797,United States,187.08,False
aabc3a,United States,53.28,False
8511ec,Japan,129.73,False
406d77,United Kingdom,273.12,False
406d78,United Kingdom,221.85,False
aa3801,United States,65.71,False
a52726,United States,114.06,False
a4077d,United States,1.8,True
a992c7,United States,134.77,False
a01180,United States,9.26,True
a7eb97,United States,36.66,False
ad96e2,United States,60.91,False
a8d5db,United States,183.42,False
0acac1,Colombia,174.16,False
0acac0,Colombia,236.65,False
ae06d8,United States,118.33,False
a3845c,United States,134.97,False
0acac2,Colombia,5.92,False
ac0f6c,United States,237.72,False
ac76f2,United States,6.69,True
ac0f93,United States,248.87,False
a3711a,United States,242.5,False
c1e5f1,Canada,0.32,True
ab8c6d,United States,241.81,False
abef79,United States,147.15,False
85120e,Japan,232.87,False
a2519f,United States,126.47,False
a07f46,United States,209.03,False
c075ec,Canada,82.21,False
4ba959,Turkey,284.16,False
4ba954,Turkey,276.26,False
a0cf20,United States,77.74,False
4ba956,Turkey,272.27,False
4ba950,Turkey,6.17,True
ab313c,United States,0.45,True
a19f29,United States,20.58,True
4ba94f,Turkey,280.21,False
a7b779,United States,217.45,False
c00e93,Canada,96.51,False
4ba94b,Turkey,225.34,False
4ba94e,Turkey,217.91,False
4ba94a,Turkey,223.86,False
a6cacb,United States,154.94,False
ab4489,United States,261.02,False
a88774,United States,224.81,False
a81df6,United States,239.63,False
4ba964,Turkey,226.71,False
a20f1a,United States,113.61,False
4b3309,Switzerland,66.8,False
a3c192,United States,13.89,True
a07f60,United States,232.08,False
a3c198,United States,46.83,False
4ba95a,Turkey,253.16,False
c829ab,New Zealand,156.39,False
c1e5a8,Canada,2.06,True
a07f1b,United States,46.27,False
a79afa,United States,27.78,False
4ba92f,Turkey,283.19,False
4ba946,Turkey,275.52,False
a8d757,United States,54.3,False
4ba945,Turkey,190.35,False
a539b9,United States,108.51,False
4b330b,Switzerland,0.0,True
a7fdf2,United States,254.11,False
7816c6,China,244.94,False
c829ce,New Zealand,51.96,False
8990e5,Taiwan,257.02,False
8990e4,Taiwan,269.66,False
8990e0,Taiwan,287.65,False
4ba995,Turkey,118.51,False
a50132,United States,129.36,False
a5012d,United States,237.84,False
a6ddb9,United States,218.71,False
a8d733,United States,75.23,False
8990f7,Taiwan,108.35,False
8990f6,Taiwan,129.76,False
a1ef41,United States,49.94,False
a396a9,United States,257.74,False
8990f2,Taiwan,109.18,False
8990f4,Taiwan,173.9,False
8990f1,Taiwan,141.5,False
a88737,United States,0.0,True
8990ee,Taiwan,221.35,False
a55ada,United States,0.0,True
8990c5,Taiwan,4.89,True
8990c0,Taiwan,226.62,False
aa7dd6,United States,70.48,False
ac0f03,United States,181.42,False
aa6aa1,United States,218.44,False
c075e9,Canada,19.34,False
a8741c,United States,195.27,False
49d327,Czech Republic,187.2,False
8990bb,Taiwan,247.67,False
c00e5c,Canada,92.42,False
a3c163,United States,215.61,False
8990d4,Taiwan,221.96,False
7c06a1,Australia,4.43,False
c00e55,Canada,176.51,False
a87428,United States,188.41,False
a32f0f,United States,234.85,False
a156d3,United States,47.95,False
a7a416,United States,51.81,False
a81dbc,United States,0.06,True
a1ef28,United States,37.98,False
a32f82,United States,202.75,False
aa36c8,United States,30.56,False
0d08d9,Mexico,4.89,True
a3d3b3,United States,235.57,False
a143f9,United States,56.62,False
a20f96,United States,45.79,False
a526e6,United States,201.51,False
a9d16f,United States,65.63,False
407ed8,United Kingdom,235.97,False
a5ac14,United States,232.86,False
c05086,Canada,5.4,True
a526e2,United States,211.49,False
aa49ca,United States,73.57,False
49d357,Czech Republic,201.35,False
aa7f25,United States,225.52,False
440834,Austria,62.25,False
a2b3a2,United States,229.71,False
ab9dab,United States,92.82,False
c00e24,Canada,261.4,False
a779eb,United States,241.99,False
a3d3d8,United States,49.59,False
49d369,Czech Republic,236.71,False
a79c0e,United States,73.77,False
7cf407,Australia,1.29,True
a9d14e,United States,59.15,False
c00e17,Canada,5.4,True
a023fd,United States,79.06,False
c00e15,Canada,154.4,False
c00e14,Canada,93.51,False
a143e9,United States,108.58,False
a1dc39,United States,114.86,False
48e9f4,Poland,10.29,True
e485af,Brazil,231.18,False
aa7f02,United States,233.14,False
aa7f01,United States,236.89,False
c05054,Canada,119.5,False
c06381,Canada,56.62,False
aa7f09,United States,155.96,False
881bb9,Thailand,43.27,False
a539c9,United States,250.07,False
4b8e05,Turkey,220.44,False
4b8e04,Turkey,146.59,False
c05044,Canada,0.0,True
ab9de9,United States,3.86,True
a07ea1,United States,78.94,False
ac6431,United States,66.59,False
0d08a2,Mexico,237.31,False
49d38c,Czech Republic,239.69,False
c0636c,Canada,144.96,False
ac0dd9,United States,231.46,False
a68f0f,United States,65.26,False
7cf451,Australia,9.77,True
a92ae9,United States,75.45,False
ab3133,United States,220.47,False
a539f5,United States,141.92,False
ad2dcc,United States,42.19,False
e485b0,Brazil,229.3,False
e485b2,Brazil,158.17,False
c05060,Canada,197.35,False
a9f6d4,United States,85.64,False
acb4e5,United States,73.94,False
a07ed6,United States,0.0,False
e4999d,Brazil,192.82,False
c1e884,Canada,2.83,True
71c235,Republic of Korea,200.12,False
3a5400,France,225.01,False
a7ff6a,United States,257.35,False
aa6d9a,United States,211.0,False
abdd91,United States,7.2,True
ac51e8,United States,0.0,True
c06573,Canada,62.67,False
a80c4e,United States,47.85,False
a4e0ec,United States,217.03,False
c1e888,Canada,5.14,True
341207,Spain,168.33,False
a4e0f0,United States,161.29,False
a5ac7f,United States,121.19,False
71c220,Republic of Korea,222.42,False
a8d6bd,United States,194.14,False
781841,China,264.21,False
e4997c,Brazil,107.29,False
a860d2,United States,224.12,False
aa11dc,United States,239.62,False
a07eb3,United States,14.73,False
a8c3a2,United States,239.55,False
abca5a,United States,54.45,False
a860c9,United States,61.41,False
a620f5,United States,232.48,False
71c252,Republic of Korea,233.61,False
c82923,New Zealand,144.69,False
a14502,United States,233.01,False
781851,China,158.1,False
a8e9fd,United States,240.87,False
c06590,Canada,236.85,False
780525,China,177.12,False
a993ad,United States,95.03,False
71c246,Republic of Korea,121.52,False
71c243,Republic of Korea,112.4,False
71c247,Republic of Korea,238.35,False
aa11be,United States,136.06,False
acea3e,United States,154.27,False
a80c75,United States,130.77,False
aa11d3,United States,119.22,False
780531,China,231.07,False
7cf635,Australia,1.03,True
c06541,Canada,221.76,False
a3d3f0,United States,248.08,False
a3d3f4,United States,61.24,False
a5bf71,United States,177.39,False
744841,Jordan,261.81,False
c0653f,Canada,293.24,False
74482f,Jordan,78.26,False
aa11c1,United States,42.93,False
74482e,Jordan,238.53,False
c05218,Canada,219.81,False
74482d,Jordan,238.51,False
a500c5,United States,287.23,False
781871,China,231.61,False
a67c63,United States,34.66,False
0d098e,Mexico,184.62,False
a7ff34,United States,199.67,False
a20ef0,United States,45.0,False
781878,China,68.87,False
744843,Jordan,108.09,False
c1e844,Canada,10.8,True
c1e845,Canada,11.32,True
aca1dd,United States,230.37,False
a5ac3b,United States,237.63,False
7cf616,Australia,2.57,True
ac791d,United States,7.72,True
503e61,Lithuania,6.69,True
a19ecf,United States,141.25,False
0c6060,Trinidad and Tobago,245.58,False
71c216,Republic of Korea,233.56,False
a06bc8,United States,84.51,False
040240,Ethiopia,254.07,False
0c6064,Trinidad and Tobago,239.99,False
a1a832,United States,244.41,False
a67c86,United States,46.33,False
780561,China,250.72,False
744828,Jordan,242.7,False
71c208,Republic of Korea,234.49,False
744825,Jordan,232.58,False
744823,Jordan,232.1,False
a06bd3,United States,236.84,False
adc1f0,United States,86.27,False
485061,Kingdom of the Netherlands,0.0,True
c0654b,Canada,271.55,False
0d0947,Mexico,213.01,False
7803cd,China,0.77,True
7cf4d2,Australia,4.89,False
c00eb0,Canada,0.45,True
a31bbf,United States,0.0,True
a49206,United States,136.43,False
aa2634,United States,51.31,False
a3c21a,United States,2.83,True
a2a213,United States,4.89,True
a2a219,United States,64.51,False
aba7b0,United States,0.9,True
c80335,New Zealand,23.47,False
aa261d,United States,55.58,False
ab44af,United States,252.6,False
44d068,Belgium,161.72,False
a5becb,United States,1.03,True
a1a87e,United States,249.7,False
a52898,United States,159.12,False
a7b832,United States,0.13,True
a3986a,United States,45.79,False
0d0978,Mexico,207.72,False
a3c246,United States,6.43,True
abca00,United States,256.37,False
aaaa11,United States,73.0,False
ab7a21,United States,229.45,False
a1a86d,United States,22.46,False
aba7d9,United States,245.44,False
a31bb8,United States,109.12,False
a37274,United States,174.42,False
4ba913,Turkey,0.77,False
ade7af,United States,41.09,False
aba7dc,United States,53.56,False
71c276,Republic of Korea,276.33,False
4ba90d,Turkey,0.77,False
a037b2,United States,0.06,True
a37265,United States,220.25,False
aa7fa1,United States,247.36,False
a037b9,United States,226.67,False
a740ec,United States,56.7,False
a2fbec,United States,243.24,False
e48614,Brazil,219.11,False
abdd64,United States,223.27,False
7cf4ef,Australia,8.75,True
a2fbf1,United States,252.6,False
ae07f7,United States,237.74,False
abdd4a,United States,227.11,False
781808,China,253.14,False
a49232,United States,220.75,False
ac51b2,United States,256.18,False
a8c3e5,United States,65.57,False
a37244,United States,216.88,False
0d0939,Mexico,93.1,False
e49958,Brazil,206.82,False
a993f5,United States,62.19,False
4ba905,Turkey,218.03,False
4ba904,Turkey,527.82,False
a43bd6,United States,50.58,False
a25278,United States,239.42,False
abdd67,United States,103.12,False
71c282,Republic of Korea,88.03,False
aabd7f,United States,284.36,False
ad97eb,United States,72.43,False
c07802,Canada,190.65,False
c050ae,Canada,236.7,False
ab325c,United States,218.15,False
0aca5f,Colombia,226.88,False
a7a568,United States,217.3,False
c050c5,Canada,206.65,False
c050c0,Canada,271.99,False
ac523c,United States,251.42,False
7817b6,China,229.23,False
ab3275,United States,193.97,False
ac789b,United States,271.18,False
0aca66,Colombia,215.81,False
ade862,United States,87.61,False
acfbc3,United States,71.37,False
a18d29,United States,0.0,True
0aca5d,Colombia,227.62,False
a81efc,United States,61.95,False
a8758b,United States,237.24,False
aca22e,United States,13.38,True
a9953f,United States,98.47,False
a2a26d,United States,97.91,False
c063eb,Canada,240.45,False
c1e6cc,Canada,6.94,True
aca248,United States,1.54,True
a1a7de,United States,57.38,False
a63563,United States,51.75,False
a3c259,United States,245.75,False
0d07f7,Mexico,223.15,False
a06d6b,United States,39.13,False
ab329e,United States,228.67,False
a144e3,United States,59.66,False
a74224,United States,235.97,False
7804c1,China,0.64,True
acb59c,United States,234.39,False
ad7284,United States,221.99,False
a251a2,United States,57.43,False
a0aa2b,United States,211.17,False
4ba890,Turkey,234.24,False
a92bb1,United States,214.89,False
a407b6,United States,33.95,False
a0aa1b,United States,204.08,False
a76877,United States,231.13,False
a264a4,United States,144.07,False
a7555d,United States,47.85,False
aa6bc0,United States,214.34,False
a05a1a,United States,55.69,False
31d7be,Italy,7.72,True
a9d0fe,United States,171.0,False
c050a1,Canada,222.34,False
c050a0,Canada,181.41,False
86efb0,Japan,211.17,False
aa7eda,United States,44.99,False
aa252d,United States,56.0,False
3c818e,Germany,2.06,True
3c818f,Germany,1.03,True
4ba869,Turkey,269.98,False
a81ef6,United States,236.94,False
a7a532,United States,239.66,False
aa6ba6,United States,243.92,False
a7fed3,United States,9.26,True
a3c291,United States,165.71,False
a55d49,United States,41.2,False
a80d09,United States,222.73,False
c828ea,New Zealand,135.61,False
0d07b7,Mexico,141.64,False
a9d286,United States,277.51,False
aa37ce,United States,0.0,True
a384f2,United States,6.69,True
780580,China,0.0,True
a17a5f,United States,60.47,False
ac7828,United States,217.01,False
0d07c3,Mexico,148.79,False
abeea7,United States,227.08,False
406cab,United Kingdom,215.59,False
78057d,China,228.81,False
4ca246,Ireland,109.87,False
a18d9e,United States,133.21,False
ab5867,United States,7.46,True
ab4531,United States,243.85,False
a06d8c,United States,55.07,False
a384d5,United States,191.4,False
ad2ea9,United States,233.52,False
ad2ea4,United States,281.39,False
a8b290,United States,83.54,False
a2fd43,United States,4.63,True
ad2ea1,United States,120.43,False
a384ab,United States,196.27,False
a3d4ed,United States,204.72,False
a1ca0d,United States,244.86,False
a30a0e,United States,253.04,False
44093e,Austria,121.04,False
a55d81,United States,74.38,False
39ac18,France,58.64,False
a29a37,United States,152.74,False
4ca226,Ireland,228.87,False
a491e3,United States,142.34,False
a42a5c,United States,5.92,True
86dce6,Japan,251.57,False
aabbc9,United States,249.39,False
0aca34,Colombia,2.06,True
e497e5,Brazil,4.89,True
e497e7,Brazil,179.54,False
e497e6,Brazil,254.59,False
4ca27b,Ireland,81.5,False
acc85e,United States,46.64,False
a0aa7c,United States,237.19,False
49d283,Czech Republic,202.51,False
abeeea,United States,229.72,False
400025,United Kingdom,3.86,False
a5ad00,United States,157.49,False
4ca24e,Ireland,229.2,False
49d26c,Czech Republic,252.67,False
a9f87d,United States,178.83,False
4ca256,Ireland,108.26,False
a92bff,United States,26.28,False
c05186,Canada,80.77,False
a1ca64,United States,167.49,False
ab324a,United States,238.57,False
a384f8,United States,0.0,True
ac6573,United States,225.64,False
39ac4d,France,43.97,False
407fff,United Kingdom,224.09,False
400006,United Kingdom,10.29,False
a3d4c6,United States,219.73,False
aa127e,United States,165.91,False
a42a37,United States,200.4,False
c069a9,Canada,152.17,False
a50728,United States,41.18,False
a48406,United States,43.48,False
a1110d,United States,162.53,False
a28ab5,United States,2.31,True
71c355,Republic of Korea,77.39,False
71c353,Republic of Korea,198.76,False
a1cdcf,United States,3.09,True
a2edb4,United States,118.76,False
71c357,Republic of Korea,217.32,False
a4e714,United States,271.72,False
a17df8,United States,85.59,False
7cf705,Australia,3.6,True
a7cb89,United States,236.2,False
a1244b,United States,262.22,False
a24441,United States,67.44,False
a30dc5,United States,239.8,False
71c347,Republic of Korea,249.92,False
a8eb96,United States,41.15,False
a54db3,United States,53.84,False
a9c2de,United States,221.36,False
a54dad,United States,61.92,False
a01783,United States,66.55,False
71c378,Republic of Korea,151.8,False
a05df9,United States,68.1,False
a7cb9d,United States,212.56,False
a0ade2,United States,246.99,False
a2a70f,United States,234.21,False
486073,Kingdom of the Netherlands,273.0,False
71c366,Republic of Korea,235.95,False
a1242d,United States,230.92,False
71c360,Republic of Korea,227.2,False
a7cb53,United States,234.92,False
ac583f,United States,226.2,False
155c65,Russian Federation,141.92,False
a77b6f,United States,10.29,True
a2dac7,United States,201.72,False
a7cb3d,United States,123.42,False
7c810d,Australia,100.08,False
7c810c,Australia,159.23,False
a7de6b,United States,65.5,False
780666,China,169.94,False
ab1210,United States,131.73,False
71c309,Republic of Korea,49.14,False
71c306,Republic of Korea,100.39,False
a9d5e7,United States,219.76,False
a9c2b3,United States,194.04,False
a9d5e4,United States,232.27,False
71c300,Republic of Korea,142.76,False
78065d,China,0.0,True
ab120a,United States,221.01,False
71c301,Republic of Korea,83.8,False
71c304,Republic of Korea,104.71,False
71c305,Republic of Korea,195.71,False
ab120b,United States,276.75,False
71c303,Republic of Korea,236.15,False
503d41,Lithuania,231.73,False
a1babb,United States,71.06,False
71c333,Republic of Korea,174.83,False
ab121b,United States,148.17,False
71c334,Republic of Korea,243.65,False
a24451,United States,160.98,False
78066c,China,231.19,False
71c332,Republic of Korea,212.91,False
a9e8ce,United States,233.98,False
ac5868,United States,238.98,False
a28acd,United States,30.59,False
a8b5cb,United States,56.92,False
780688,China,233.24,False
e49c02,Brazil,215.37,False
ab6bcd,United States,217.85,False
a7cb67,United States,72.21,False
e49c06,Brazil,182.35,False
71c322,Republic of Korea,140.92,False
71c324,Republic of Korea,244.57,False
aa4c87,United States,277.87,False
a35109,United States,203.73,False
48e97b,Poland,240.88,False
a12484,United States,0.0,True
a3a155,United States,233.27,False
a6aab5,United States,117.97,False
a8b744,United States,45.83,False
a9873d,United States,130.88,False
ab23e1,United States,50.54,False
a8fdb4,United States,229.18,False
7cf5f4,Australia,8.23,True
a65ad0,United States,43.3,False
406b05,United Kingdom,245.98,False
a05f31,United States,193.7,False
7448a5,Jordan,133.44,False
a90aa2,United States,41.16,False
7448a1,Jordan,5.66,True
a05f37,United States,214.99,False
abbc52,United States,242.17,False
a3514f,United States,0.0,True
a149c1,United States,253.57,False
407e21,United Kingdom,191.68,False
ac9f88,United States,82.95,False
acb9ed,United States,239.45,False
a9d706,United States,47.89,False
a77ae0,United States,277.58,False
aaf0c6,United States,111.64,False
a97401,United States,209.39,False
aaf0c3,United States,6.69,True
a42dfb,United States,42.95,False
a7dde1,United States,242.93,False
ad63cb,United States,76.14,False
a3a187,United States,192.6,False
c04453,Canada,3.34,True
a4c170,United States,0.0,True
a48452,United States,36.53,False
a77ad8,United States,4.63,True
acdc40,United States,250.78,False
a6aaba,United States,241.2,False
ac30c0,United States,61.22,False
c05732,Canada,85.41,False
acdc5a,United States,148.04,False
a3c775,United States,242.93,False
a5f415,United States,91.25,False
a73410,United States,0.0,True
ad50c9,United States,256.89,False
406b49,United Kingdom,237.74,False
71c391,Republic of Korea,244.04,False
af4f5c,United States,96.8,False
abbc75,United States,234.71,False
880c4c,Thailand,9.77,False
407e71,United Kingdom,141.45,False
c05736,Canada,60.41,False
ac30e9,United States,231.4,False
a4d42d,United States,239.13,False
a4d42e,United States,57.31,False
aa0531,United States,5.14,True
71c386,Republic of Korea,243.44,False
407e68,United Kingdom,225.65,False
71c381,Republic of Korea,4.89,True
71c382,Republic of Korea,244.37,False
a6141a,United States,54.82,False
71c383,Republic of Korea,65.28,False
c0573e,Canada,53.42,False
a62778,United States,275.82,False
c0440e,Canada,4.12,True
406b22,United Kingdom,220.61,False
407e54,United Kingdom,224.48,False
406b0a,United Kingdom,244.58,False
adb3cb,United States,240.0,False
407e45,United Kingdom,258.54,False
406b12,United Kingdom,300.25,False
ab49aa,United States,79.23,False
a8a490,United States,204.78,False
a123e2,United States,212.49,False
a123e3,United States,78.19,False
7805a0,China,231.73,False
4b9da2,Turkey,224.93,False
8a0024,Indonesia,120.7,False
a4f9bf,United States,61.84,False
7805a4,China,223.84,False
adb476,United States,231.08,False
a2a6c3,United States,32.02,False
a389f8,United States,183.19,False
a4e6b8,United States,0.0,True
a256ea,United States,141.87,False
ab49d4,United States,40.85,False
a0af7c,United States,155.61,False
a29f71,United States,50.39,False
a7df06,United States,50.99,False
a506d5,United States,116.31,False
a8418f,United States,117.1,False
7805c4,China,216.98,False
a65c08,United States,171.86,False
a3fc34,United States,2.83,True
a05f95,United States,248.27,False
7c3e12,Australia,1.54,False
ada167,United States,243.24,False
a123bf,United States,246.81,False
851492,Japan,0.32,True
a1cf48,United States,226.36,False
a9d795,United States,34.39,False
a3fc47,United States,35.11,False
86ddd4,Japan,0.0,True
a4e6bf,United States,1.03,True
a28c23,United States,147.15,False
a639f5,United States,244.76,False
a9d797,United States,49.48,False
acef18,United States,208.44,False
ab7f50,United States,187.59,False
a01805,United States,199.15,False
abcf2f,United States,84.26,False
a2dc57,United States,49.09,False
a3a19f,United States,256.69,False
a6aaf0,United States,183.63,False
a8544e,United States,39.3,False
ab23b5,United States,8.23,True
a41c45,United States,0.0,True
a230d6,United States,140.4,False
7805f9,China,180.76,False
a0f0aa,United States,1.03,True
a90ab9,United States,45.89,False
a376ec,United States,237.96,False
a8a434,United States,43.78,False
a85493,United States,156.7,False
503cba,Lithuania,174.41,False
a30f85,United States,197.22,False
ac56d9,United States,39.1,True
a8b75f,United States,1.8,True
a98776,United States,5.14,True
a90ac0,United States,80.62,False
ac9f52,United States,215.4,False
ac69fc,United States,232.67,False
a72179,United States,208.03,False
503cc6,Lithuania,240.58,False
a6aafc,United States,193.54,False
c055cd,Canada,166.9,False
a5f3cf,United States,101.35,False
a3a0cf,United States,220.78,False
3949ea,France,268.76,False
7c8031,Australia,0.06,False
780692,China,241.39,False
7cf676,Australia,13.38,True
aaaddc,United States,137.99,False
3949ec,France,194.93,False
acedad,United States,41.26,False
a7df61,United States,206.73,False
7c802e,Australia,149.99,False
06a078,Qatar,208.0,False
06a079,Qatar,256.7,False
06a077,Qatar,271.4,False
a7cc1b,United States,0.0,False
ad7760,United States,186.77,False
06a072,Qatar,264.36,False
06a081,Qatar,262.26,False
c068eb,Canada,147.63,False
7c8023,Australia,159.14,False
06a080,Qatar,261.13,False
a973b5,United States,109.6,False
a17ea8,United States,85.19,False
34224e,Spain,252.21,False
a05ec9,United States,77.51,False
06a07a,Qatar,237.66,False
ab378d,United States,35.7,False
c055d6,Canada,113.35,False
a89c23,United States,233.11,False
c055d2,Canada,0.0,True
a9d6b8,United States,234.68,False
aa4c64,United States,33.83,False
a89c29,United States,147.85,False
7c801e,Australia,119.91,False
a3a0ed,United States,212.15,False
c055ec,Canada,102.91,False
06a07f,Qatar,245.58,False
8406d0,Japan,242.82,False
06a07b,Qatar,249.91,False
a4c0db,United States,236.54,False
7cf63d,Australia,0.39,False
39cf01,France,3.86,True
39cf03,France,2.57,True
aa4c3e,United States,225.54,False
acdab6,United States,66.38,False
06a096,Qatar,246.18,False
a3a0fd,United States,47.93,False
06a094,Qatar,250.27,False
3949e6,France,0.0,True
06a095,Qatar,132.34,False
39cf0d,France,287.83,False
ac8ae8,United States,47.08,False
a1bc92,United States,275.46,False
adb415,United States,51.31,False
06a09b,Qatar,240.97,False
155c32,Russian Federation,219.35,False
a600e4,United States,186.66,False
a5e0d3,United States,240.68,False
c055f5,Canada,115.66,False
7cf62d,Australia,8.23,True
06a09a,Qatar,222.99,False
7cf62e,Australia,3.34,True
8406e8,Japan,263.29,False
aa4c42,United States,255.19,False
7cf637,Australia,0.0,True
ac578c,United States,1.29,True
a4c0f3,United States,46.53,False
3949f8,France,219.05,False
a759f1,United States,255.36,False
a9e9a4,United States,221.64,False
7c806a,Australia,1.8,True
a3fc54,United States,41.49,False
a01880,United States,21.09,True
a759eb,United States,220.74,False
a65c29,United States,233.32,False
e4a2d5,Brazil,232.76,False
7c806f,Australia,271.21,False
7c806c,Australia,205.42,False
a3fc58,United States,197.06,False
a2a823,United States,209.05,False
a7a9c5,United States,92.09,False
7c8065,Australia,198.45,False
aa03a2,United States,145.3,False
a54f84,United States,102.16,False
a24526,United States,218.15,False
aa4c1a,United States,233.41,False
a66f5f,United States,32.48,False
a29eb6,United States,225.62,False
4ca15e,Ireland,170.94,False
7c8070,Australia,77.3,False
a9e9a7,United States,57.53,False
a2450b,United States,164.1,False
86ddf0,Japan,214.0,False
e49b52,Brazil,178.39,False
aca79d,United States,120.56,False
aa4c12,United States,51.91,False
a3b3df,United States,246.62,False
a6bf4e,United States,206.43,False
ac3173,United States,260.98,False
71d707,Republic of Korea,,True
c055c1,Canada,85.26,False
0d0377,Mexico,154.34,False
7bb053,China,147.0,False
407cb2,United Kingdom,241.81,False
a24508,United States,237.57,False
aaf183,United States,252.67,False
a7cc00,United States,226.49,False
7c8049,Australia,92.92,False
ad646e,United States,259.08,False
7818c7,China,194.28,False
7cf66a,Australia,1.29,True
a3a0ca,United States,244.48,False
7cf833,Australia,106.42,False
a0aefd,United States,248.33,False
a1388c,United States,178.84,False
7c2ba8,Australia,197.25,False
aa5fc2,United States,92.3,False
7c3ecc,Australia,57.64,False
e4a393,Brazil,5.66,True
4406de,Austria,223.07,False
a28bc9,United States,153.73,False
a35206,United States,145.06,False
4b9e47,Turkey,1228.59,False
a4e84a,United States,227.27,False
4b9e44,Turkey,72.43,False
a23200,United States,221.47,False
a2eeb2,United States,41.56,False
a28baa,United States,57.68,False
a3a224,United States,37.83,False
78075d,China,219.89,False
a90c9a,United States,141.09,False
a36516,United States,261.13,False
406c71,United Kingdom,215.51,False
a2452f,United States,251.83,False
a2452c,United States,123.15,False
406c72,United Kingdom,3.09,True
a2452a,United States,255.66,False
ab6cc0,United States,238.16,False
a37842,United States,69.49,False
a53bc6,United States,46.25,False
ab3982,United States,255.98,False
a9d6f9,United States,36.07,False
abbca1,United States,237.57,False
76b450,Singapore,236.16,False
aca950,United States,74.35,False
7c2be9,Australia,142.59,False
a42efc,United States,89.73,False
e082d7,Argentina,7.72,True
8514d6,Japan,235.62,False
c03261,Canada,223.28,False
e082d6,Argentina,122.31,False
a47227,United States,217.51,False
a47221,United States,148.8,False
ab398a,United States,267.38,False
ac9fe9,United States,241.58,False
ac3315,United States,217.06,False
aca948,United States,107.01,False
a973c2,United States,134.37,False
aae004,United States,45.32,False
abbcc1,United States,187.17,False
a90c54,United States,55.49,False
7c2bc6,Australia,0.0,True
c88018,Fiji,143.2,False
a4e80d,United States,5.4,True
a9d6d5,United States,51.98,False
a24573,United States,245.99,False
aca974,United States,97.18,False
a1bbde,United States,47.85,False
aaf336,United States,85.15,False
a42ee9,United States,8.75,True
8514f8,Japan,234.18,False
a62825,United States,0.0,True
a41bb5,United States,3.34,True
a720eb,United States,240.08,False
ac3338,United States,206.25,False
a50847,United States,56.82,False
4b9e5a,Turkey,0.77,False
a36556,United States,222.1,False
aca7f5,United States,65.39,False
a017c9,United States,218.24,False
a16d01,United States,0.0,True
acca19,United States,219.49,False
a3528c,United States,73.57,False
ac7a33,United States,217.31,False
ac31b0,United States,50.94,False
a61592,United States,255.78,False
abbd73,United States,240.67,False
c04552,Canada,30.19,False
adc7bd,United States,41.27,False
a3a27a,United States,217.33,False
a4d598,United States,93.14,False
ac44f2,United States,134.11,False
ac31d7,United States,191.73,False
407f2d,United Kingdom,226.12,False
a017a5,United States,240.03,False
407f38,United Kingdom,185.04,False
ac44fa,United States,44.74,False
a017a8,United States,4.63,True
7c80ae,Australia,138.49,False
ac8d80,United States,72.35,False
abaa43,United States,244.43,False
ac7a52,United States,247.67,False
c03244,Canada,126.47,False
a9c506,United States,218.0,False
a3524e,United States,198.33,False
acca1c,United States,230.89,False
407f0e,United Kingdom,226.65,False
aaf1f2,United States,86.55,False
ab11fb,United States,220.83,False
aa198d,United States,241.62,False
a3c893,United States,5.4,True
a1bd0a,United States,44.7,False
510135,Belarus,263.68,False
c8806a,Fiji,84.38,False
407f8c,United Kingdom,81.88,False
a2dd09,United States,48.55,False
a65bb7,United States,237.43,False
407f96,United Kingdom,225.1,False
a74862,United States,148.74,False
a7dea2,United States,86.55,False
84091b,Japan,223.25,False
a5f52d,United States,234.11,False
abbd8d,United States,4.12,True
a6152a,United States,258.89,False
a257c0,United States,11.32,False
a004e2,United States,52.52,False
407f7d,United Kingdom,214.27,False
c04511,Canada,84.61,False
aaf1fa,United States,255.15,False
ad9a53,United States,84.74,False
c0582b,Canada,272.84,False
a377a2,United States,236.71,False
407f7a,United Kingdom,131.71,False
adea26,United States,203.07,False
a6153e,United States,176.6,False
adfd7f,United States,120.92,False
a3b588,United States,45.26,False
a85536,United States,40.76,False
c88098,Fiji,192.15,False
a8b805,United States,229.92,False
a65bbc,United States,207.88,False
c04549,Canada,96.86,False
a53beb,United States,18.59,False
407f64,United Kingdom,5.4,True
a9b0ed,United States,4.63,True
7c80f5,Australia,0.0,False
51012d,Belarus,265.82,False
aa5fd3,United States,108.23,False
a004be,United States,248.1,False
a72213,United States,240.27,False
407f62,United Kingdom,233.29,False
78071d,China,224.21,False
a8683d,United States,35.21,False
e49a97,Brazil,183.8,False
851580,Japan,72.54,False
a4e7c9,United States,244.22,False
a65d06,United States,179.98,False
7819f0,China,232.08,False
a231a6,United States,94.96,False
aa17b2,United States,0.0,True
a0f1bb,United States,5.92,True
a39a13,United States,6.69,True
e49a8b,Brazil,191.24,False
a9b275,United States,99.81,False
a9b273,United States,178.65,False
a3ea15,United States,111.54,False
a2a7cd,United States,58.58,False
a53d2c,United States,215.85,False
406ade,United Kingdom,220.67,False
ad77a0,United States,89.3,False
a1bd47,United States,56.39,False
406add,United Kingdom,202.46,False
862248,Japan,225.59,False
7c3f17,Australia,192.88,False
e49a87,Brazil,93.86,False
ab5a01,United States,224.81,False
e4a1c7,Brazil,73.77,False
a591a4,United States,195.62,False
a3b4e9,United States,132.88,False
ac57af,United States,179.22,False
abbd0a,United States,226.22,False
7cf6d7,Australia,4.63,True
a8557a,United States,0.45,True
7cf6bc,Australia,5.66,True
a84256,United States,50.41,False
a8a582,United States,105.35,False
a72272,United States,7.2,False
c82b46,New Zealand,43.41,False
ab24cc,United States,232.81,False
abbd2d,United States,229.57,False
abaa09,United States,33.69,False
a5e29d,United States,69.97,False
a1bd6a,United States,148.22,False
886289,Thailand,226.76,False
a9d7d0,United States,129.26,False
407dc5,United Kingdom,258.4,False
71c517,Republic of Korea,280.07,False
71c515,Republic of Korea,213.91,False
886283,Thailand,130.31,False
71c516,Republic of Korea,234.97,False
a89d59,United States,236.75,False
a8a4c7,United States,264.14,False
abbbae,United States,188.81,False
aca879,United States,69.09,False
a734e0,United States,2.83,True
a12625,United States,235.8,False
c043b7,Canada,135.14,False
ab124f,United States,238.61,False
71c500,Republic of Korea,4.89,True
45ab4d,Denmark,210.34,False
aaf253,United States,182.95,False
407da5,United Kingdom,237.28,False
a52a99,United States,169.08,False
71c531,Republic of Korea,197.39,False
71c532,Republic of Korea,248.79,False
a987cb,United States,218.75,False
71c536,Republic of Korea,76.67,False
71c534,Republic of Korea,4.89,True
ae2eee,United States,85.5,False
a6ad91,United States,55.03,False
a5e1ea,United States,67.02,False
a77d89,United States,73.51,False
8514b4,Japan,221.94,False
a77d7a,United States,50.82,False
7c2ad8,Australia,0.0,True
7c8126,Australia,38.15,False
a841b7,United States,63.92,False
a0065e,United States,47.9,False
e49a55,Brazil,206.36,False
406ad9,United Kingdom,212.33,False
49d00d,Czech Republic,230.99,False
a747e6,United States,55.31,False
c069f0,Canada,233.07,False
c069d8,Canada,179.89,False
a747d4,United States,30.98,False
a614d0,United States,64.14,False
aaf27c,United States,150.17,False
a987bf,United States,198.18,False
acdbe7,United States,215.59,False
a747cb,United States,269.81,False
49d034,Czech Republic,72.74,True
ad526c,United States,235.39,False
407dcf,United Kingdom,224.18,False
a30fb0,United States,37.45,False
a3ea70,United States,55.67,False
acdbee,United States,230.3,False
a37928,United States,62.47,False
407dbf,United Kingdom,4.12,True
a11317,United States,58.71,False
e49a2e,Brazil,243.74,False
ad5273,United States,4.89,True
a43ea6,United States,183.22,False
a8fc72,United States,172.5,False
a12216,United States,45.17,False
aced8f,United States,227.47,False
a6bc8c,United States,62.41,False
a43ea2,United States,0.0,True
71c596,Republic of Korea,188.6,False
a01567,United States,217.2,False
abba6b,United States,184.28,False
71c599,Republic of Korea,158.1,False
a37517,United States,219.66,False
71c594,Republic of Korea,234.0,False
71c591,Republic of Korea,232.75,False
a13541,United States,234.2,False
a78c8f,United States,189.89,False
ab4925,United States,54.13,False
71c584,Republic of Korea,243.81,False
a8a0d9,United States,193.69,False
a38836,United States,224.82,False
ad61de,United States,0.19,True
789214,China,224.6,False
a850dc,United States,242.99,False
789218,China,305.25,False
86ce81,Japan,236.44,False
a7dc92,United States,55.26,False
a9e6df,United States,0.0,True
78921a,China,272.45,False
a5f0ae,United States,145.7,False
a2a53d,United States,89.83,False
780893,China,190.19,False
ac692a,United States,245.52,False
78921d,China,242.63,False
add907,United States,28.37,False
71c559,Republic of Korea,219.38,False
add903,United States,37.78,False
a3b0f3,United States,219.16,False
71c554,Republic of Korea,7.72,True
71c557,Republic of Korea,178.2,False
a8c6e8,United States,139.38,False
71c558,Republic of Korea,248.43,False
a80f87,United States,28.85,False
78922c,China,2.83,True
a31edd,United States,45.84,False
71c542,Republic of Korea,86.94,False
71c543,Republic of Korea,142.29,False
71c540,Republic of Korea,232.87,False
ab362c,United States,220.85,False
71c544,Republic of Korea,229.34,False
78089a,China,225.39,False
a36200,United States,241.48,False
a0156c,United States,38.5,False
ac694f,United States,160.82,False
407c8a,United Kingdom,263.15,False
a43ec3,United States,235.08,False
801422,India,238.63,False
a8fc16,United States,49.6,False
789254,China,214.48,False
a49510,United States,228.96,False
801424,India,218.63,False
a0abc5,United States,220.57,False
71c571,Republic of Korea,125.51,False
acffb4,United States,228.78,False
a2b83b,United States,193.13,False
80141e,India,158.14,False
a2feaa,United States,49.85,False
ab3655,United States,239.09,False
ad8935,United States,236.85,False
80141c,India,154.77,False
abcca0,United States,34.56,False
c0424e,Canada,235.3,False
789264,China,0.0,True
71c562,Republic of Korea,194.36,False
71c563,Republic of Korea,184.35,False
ac9ca8,United States,17.84,False
0d0665,Mexico,89.27,False
80141f,India,235.03,False
ac54b1,United States,93.35,False
aaad49,United States,109.71,False
a62550,United States,60.46,False
a98515,United States,208.88,False
a8c840,United States,230.89,False
a6cec4,United States,141.96,False
ad0d35,United States,198.6,False
a5f208,United States,247.59,False
a1229c,United States,37.04,False
e0958f,Argentina,229.41,False
adb29f,United States,230.59,False
3444cb,Spain,187.12,False
a74535,United States,231.87,False
3444cc,Spain,162.22,False
801492,India,246.86,False
a3b268,United States,239.92,False
acda02,United States,234.14,False
a66be6,United States,39.87,False
ab34f3,United States,244.62,False
a1226e,United States,245.61,False
aced42,United States,143.46,False
a43eec,United States,217.71,False
aced2b,United States,239.11,False
a92ea0,United States,0.0,True
a4f89b,United States,74.73,False
80145b,India,230.54,False
a2ebbd,United States,231.96,False
aced23,United States,238.54,False
3444c4,Spain,118.85,False
7c81d6,Australia,128.16,False
aaad6d,United States,153.95,False
aa295d,United States,6.69,True
a05d24,United States,56.92,False
abba43,United States,211.16,False
aa0300,United States,228.74,False
a79ea8,United States,239.93,False
ac41ab,United States,280.47,False
e4a21c,Brazil,243.71,False
aa1635,United States,143.62,False
e4a218,Brazil,209.63,False
a3d86c,United States,57.77,False
407c26,United Kingdom,244.33,False
aaad8f,United States,0.0,True
80148f,India,1.03,True
a05d05,United States,57.98,False
a54bab,United States,193.86,False
ad0d86,United States,248.86,False
ad0d83,United States,157.26,False
80148d,India,243.14,False
ac41ce,United States,224.08,False
a3627d,United States,238.58,False
a4e538,United States,225.38,False
a2a59b,United States,237.69,False
80149a,India,73.13,False
a63879,United States,64.28,False
a4d220,United States,153.9,False
80149b,India,165.27,False
ac41f3,United States,163.66,False
06a1b9,Qatar,8.23,True
ae2bf3,United States,37.57,False
a17d3a,United States,38.22,False
a30d18,United States,195.24,False
a04a49,United States,193.82,False
a29d27,United States,35.89,False
a54d03,United States,35.51,False
a134d5,United States,0.0,True
06a1bb,Qatar,152.65,False
06a1bc,Qatar,242.31,False
a0ad3e,United States,245.26,False
407ac6,United Kingdom,227.84,False
a014c9,United States,249.42,False
407ac3,United Kingdom,228.0,False
873028,Japan,9.77,True
06a1e6,Qatar,239.59,False
a54d25,United States,53.51,False
a027fa,United States,239.11,False
a8fbf1,United States,73.85,False
ae2bfc,United States,47.43,False
8a021d,Indonesia,214.99,False
c82a0f,New Zealand,105.26,False
4bb844,Turkey,241.11,False
7c1a3e,Australia,68.91,False
a254da,United States,247.93,False
06a1ec,Qatar,261.29,False
06a1ea,Qatar,257.98,False
a7dbaa,United States,194.18,False
4bb855,Turkey,228.5,False
a28a2c,United States,256.71,False
c1e9ff,Canada,5.66,True
ab34a6,United States,5.14,True
4bb84f,Turkey,219.1,False
ab34a7,United States,229.85,False
4bb84b,Turkey,246.36,False
a241c7,United States,59.85,False
c1e9e5,Canada,1.03,True
adb29c,United States,82.83,False
a2b7cd,United States,129.65,False
a05d92,United States,206.79,False
a387f0,United States,200.64,False
c1e9ce,Canada,4.63,True
34469a,Spain,232.63,False
a98539,United States,246.5,False
a28a34,United States,73.57,False
0d04ae,Mexico,231.77,False
a121be,United States,40.41,False
c1e9f7,Canada,6.17,True
a0ad6c,United States,237.81,False
407af2,United Kingdom,263.45,False
e4a0e0,Brazil,211.75,False
407af4,United Kingdom,281.61,False
407af5,United Kingdom,250.08,False
a3d7a7,United States,229.22,False
a6bbef,United States,205.04,False
862338,Japan,105.09,False
a254d8,United States,92.09,False
aa6efa,United States,140.53,False
344692,Spain,205.59,False
aa01b3,United States,146.62,False
8515a2,Japan,224.89,False
c1e9c5,Canada,1.03,True
46a5e7,Greece,240.75,False
a6bd2b,United States,49.39,False
4cc52c,Iceland,261.56,False
a91d26,United States,40.34,False
acb82c,United States,74.08,False
a4f7fb,United States,51.54,False
a877d3,United States,133.08,False
789276,China,1.54,True
a361f3,United States,199.06,False
a494eb,United States,0.51,True
4cc538,Iceland,73.27,False
a611a9,United States,82.04,False
a997bd,United States,203.51,False
a8fd11,United States,85.44,False
789271,China,0.9,True
aa5d60,United States,212.26,False
aa14d2,United States,184.2,False
a2da59,United States,215.2,False
78926c,China,8.23,True
ac4210,United States,237.93,False
4402db,Austria,240.1,False
789286,China,233.18,False
4cc53a,Iceland,244.14,False
789287,China,235.07,False
4cc547,Iceland,233.56,False
789285,China,1.8,True
c066dd,Canada,10.8,True
504e77,Republic of Moldova,246.13,False
78927e,China,243.06,False
c1e9a7,Canada,7.72,False
4cc50f,Iceland,255.75,False
a3fa72,United States,36.83,False
78927c,China,136.12,False
4bb865,Turkey,244.47,False
78927a,China,245.25,False
ab355c,United States,1.29,True
c066f2,Canada,45.89,False
c066f4,Canada,253.47,False
a78d73,United States,281.02,False
c066f0,Canada,0.0,True
ad8871,United States,64.84,False
789295,China,222.22,False
789293,China,243.6,False
ad8872,United States,229.47,False
4cc530,Iceland,238.34,False
a65a4d,United States,43.22,False
7c2bf9,Australia,149.7,False
a2ed5a,United States,231.15,False
a361b6,United States,85.06,False
a29d93,United States,196.83,False
a1ba59,United States,8.75,True
4bb86d,Turkey,27.85,False
a30d6b,United States,148.93,False
4bb86c,Turkey,184.3,False
a9d59f,United States,164.27,False
a2b919,United States,229.65,False
adc531,United States,225.3,False
a9d59a,United States,218.31,False
4cc581,Iceland,25.72,True
4cc582,Iceland,231.31,False
a0bfab,United States,48.43,False
ac4237,United States,135.9,False
ac5569,United States,221.19,False
a31fa5,United States,266.48,False
a757ae,United States,68.94,False
504e8a,Republic of Moldova,189.56,False
4cc576,Iceland,226.85,False
4cc577,Iceland,77.17,False
504e86,Republic of Moldova,252.91,False
504e87,Republic of Moldova,12.86,True
504e85,Republic of Moldova,234.08,False
a25615,United States,165.4,False
a3b1a0,United States,204.8,False
a02982,United States,49.99,False
4cc57a,Iceland,227.61,False
4cc587,Iceland,221.44,False
acb878,United States,199.86,False
a18fd2,United States,49.95,False
a18fa4,United States,85.77,False
a13608,United States,229.72,False
a624ac,United States,230.21,False
c066b2,Canada,155.73,False
8a0289,Indonesia,123.04,False
4cc574,Iceland,229.86,False
adc541,United States,65.36,False
7807d8,China,225.83,False
ac425a,United States,101.19,False
a9d599,United States,54.53,False
a504dd,United States,70.51,False
a13668,United States,8.23,True
a18fff,United States,51.94,False
a9c1c5,United States,0.0,False
06a113,Qatar,249.83,False
a1dfdb,United States,129.07,False
7c1ab8,Australia,75.36,False
a3c60d,United States,0.0,True
a29cbf,United States,190.17,False
406a63,United Kingdom,209.09,False
adc5ff,United States,252.16,False
c03064,Canada,213.7,False
06a10e,Qatar,244.48,False
06a10c,Qatar,263.91,False
a6aa6e,United States,225.85,False
801527,India,213.39,False
e4a12b,Brazil,242.65,False
a30ca8,United States,41.42,False
406a59,United Kingdom,226.73,False
06a126,Qatar,271.35,False
801536,India,74.55,False
a851e5,United States,196.68,False
06a122,Qatar,219.89,False
06a11f,Qatar,256.99,False
e4a128,Brazil,254.14,False
06a137,Qatar,241.7,False
ac5700,United States,3.09,True
e4a131,Brazil,196.76,False
a5195d,United States,41.41,False
06a12e,Qatar,270.68,False
06a12b,Qatar,248.48,False
06a12c,Qatar,258.64,False
06a12a,Qatar,4.12,True
407d5b,United Kingdom,222.49,False
406a34,United Kingdom,224.38,False
a55fe9,United States,87.46,False
a01675,United States,57.42,False
c0307a,Canada,1.8,True
a91d8e,United States,226.66,False
06a145,Qatar,251.55,False
a0bfe4,United States,69.86,False
a9d4cf,United States,44.16,False
06a141,Qatar,268.74,False
a7dd9e,United States,248.16,False
a13650,United States,222.32,False
a36344,United States,124.94,False
80154a,India,244.18,False
a1ccec,United States,5.4,True
a0acff,United States,171.24,False
06a13d,Qatar,246.99,False
06a13b,Qatar,169.31,False
a9d4b5,United States,205.87,False
ac5723,United States,229.61,False
aaadb2,United States,243.29,False
a36348,United States,130.31,False
a36345,United States,101.55,False
a0038e,United States,64.26,False
ad7701,United States,234.38,False
ab7dc7,United States,238.14,False
48e899,Poland,229.92,False
c83aa2,New Zealand,44.29,False
48c234,Poland,240.14,False
7c1ae7,Australia,73.12,False
a3897f,United States,280.37,False
48c230,Poland,239.68,False
48e893,Poland,250.76,False
a48315,United States,217.35,False
a6bd78,United States,229.55,False
a3d90a,United States,229.95,False
a5f1ca,United States,244.05,False
801570,India,240.02,False
c83ab7,New Zealand,54.37,False
48c227,Poland,123.71,False
a48307,United States,220.2,False
a48300,United States,126.64,False
ac5746,United States,198.87,False
7c2dfe,Australia,60.65,False
aa02f1,United States,134.51,False
a2ffcb,United States,53.19,False
7c1ac5,Australia,53.68,False
a25678,United States,202.98,False
7c1ac2,Australia,189.53,False
a25674,United States,81.16,False
a8b4c6,United States,0.0,True
ab243f,United States,232.41,False
a851c3,United States,196.23,False
a984bb,United States,67.18,False
aca728,United States,235.75,False
a8fd41,United States,16.35,False
a50600,United States,47.42,False
a4960c,United States,229.17,False
7c1aba,Australia,141.42,False
80158c,India,257.12,False
a3c68c,United States,113.35,False
a028c4,United States,42.85,False
a2439c,United States,3.09,True
abbb31,United States,62.33,False
ac8b2e,United States,75.12,False
80159c,India,150.93,False
a80fe5,United States,48.4,False
aa4ac9,United States,191.61,False
a73329,United States,86.79,False
abbb2c,United States,243.51,False
80156a,India,236.72,False
a7eff7,United States,253.23,False
a80ffc,United States,66.72,False
ac9e77,United States,250.27,False
a12392,United States,53.82,False
ac55f3,United States,85.37,False
85186a,Japan,3.09,True
ac8b43,United States,202.71,False
a3b398,United States,175.67,False
a7598c,United States,123.22,False
ad88ef,United States,123.55,False
c03001,Canada,1.8,True
a1239d,United States,212.3,False
801596,India,232.65,False
ac42bf,United States,234.98,False
a6cffc,United States,218.46,False
78091e,China,198.45,False
0d03f3,Mexico,216.25,False
aca5f2,United States,185.8,False
acdb44,United States,47.22,False
a86605,United States,0.51,True
780933,China,214.64,False
a66ca5,United States,289.82,False
a5afc8,United States,30.88,False
aca5e5,United States,241.11,False
a0ae33,United States,191.18,False
407d44,United Kingdom,212.58,False
a04b31,United States,117.4,False
a89a9f,United States,64.92,False
a79fcf,United States,58.21,False
adb2c7,United States,218.98,False
abbb77,United States,190.1,False
a66cd7,United States,239.02,False
a7efa2,United States,82.34,False
06a104,Qatar,269.24,False
a5aff2,United States,236.85,False
a75966,United States,155.68,False
885110,Thailand,219.49,False
a638a4,United States,57.85,False
a04b68,United States,85.91,False
7892a3,China,231.5,False
a42e13,United States,193.95,False
407bdc,United Kingdom,223.15,False
a9605b,United States,253.51,False
06a0b9,Qatar,250.29,False
a78e09,United States,236.24,False
a3c5ad,United States,239.42,False
06a0b8,Qatar,259.64,False
06a0b5,Qatar,257.28,False
88511a,Thailand,191.78,False
a3fb13,United States,57.03,False
06a0af,Qatar,96.88,False
a9b007,United States,195.47,False
ab48bf,United States,215.66,False
06a0c1,Qatar,219.03,False
88510a,Thailand,257.89,False
a96046,United States,91.06,False
06a0be,Qatar,252.4,False
adb35c,United States,269.23,False
a28b00,United States,189.35,False
8013c2,India,150.04,False
c041bc,Canada,134.56,False
a59067,United States,240.62,False
a16b81,United States,45.92,False
a28b5b,United States,218.94,False
4bb721,Turkey,241.94,False
4bb722,Turkey,0.45,True
a9d63b,United States,248.9,False
7c1b5b,Australia,74.21,False
a6269c,United States,49.05,False
68000c,Bhutan,234.22,False
06a0e9,Qatar,261.96,False
7c2e7e,Australia,75.48,False
06a0e4,Qatar,253.19,False
c041b9,Canada,43.3,False
a495bf,United States,208.08,False
a9d651,United States,111.81,False
06a0dc,Qatar,255.36,False
a41b22,United States,54.12,False
a242c3,United States,234.01,False
7cf8ef,Australia,148.66,False
a362a9,United States,5.14,False
06a0f8,Qatar,248.1,False
06a0f5,Qatar,234.82,False
a362b2,United States,244.47,False
a42e48,United States,99.38,False
a495aa,United States,179.55,False
7cf8f1,Australia,182.16,False
a9e956,United States,92.13,False
a8a318,United States,50.63,False
a8a319,United States,229.91,False
a495b4,United States,235.22,False
ab35cb,United States,161.08,False
a362a2,United States,228.46,False
a2ee2e,United States,59.92,False
a04b92,United States,231.14,False
06a0fc,Qatar,190.09,False
a242c5,United States,53.28,False
ad7631,United States,184.77,False
a5f2ac,United States,39.88,False
ad7634,United States,2.31,True
ad7633,United States,204.55,False
ad1fcf,United States,222.93,False
71c759,Republic of Korea,245.09,False
a53b69,United States,0.0,True
71c752,Republic of Korea,182.65,False
a732ae,United States,215.57,False
a6ab0f,United States,86.18,False
a732a2,United States,107.44,False
a8b5ad,United States,169.28,False
a7de30,United States,48.79,False
a9d5a2,United States,223.21,False
a4d2da,United States,72.51,False
71c740,Republic of Korea,181.45,False
c054b3,Canada,96.73,False
71c741,Republic of Korea,171.49,False
a7de1c,United States,232.2,False
ad7657,United States,233.76,False
600b20,Azerbaijan,7.72,True
06a19d,Qatar,259.06,False
a9b088,United States,242.56,False
ab101c,United States,31.9,False
5004cc,San Marino,0.0,True
a65b65,United States,42.75,False
aa4b32,United States,207.34,False
7808a2,China,202.12,False
a41b3b,United States,88.84,False
ad763b,United States,230.03,False
7cf98d,Australia,114.6,False
e4a085,Brazil,162.08,False
a65b76,United States,125.05,False
a495e9,United States,232.77,False
ab2372,United States,117.11,False
0ac9dc,Colombia,170.49,False
adb329,United States,134.57,False
a4e5aa,United States,44.74,False
a05dd8,United States,192.62,False
710dc3,Saudi Arabia,231.07,False
a37713,United States,217.14,False
0ac9f0,Colombia,237.9,False
0ac9f2,Colombia,229.53,False
a9b06f,United States,242.54,False
ab2387,United States,203.47,False
a12429,United States,236.14,False
a66e3b,United States,220.3,False
a91e11,United States,202.25,False
a05de2,United States,99.54,False
ac5697,United States,201.78,False
ad765e,United States,218.05,False
a1373d,United States,254.98,False
71c701,Republic of Korea,250.17,False
a54e71,United States,168.63,False
a05ddc,United States,243.87,False
0ac9e1,Colombia,190.18,False
a638f5,United States,31.96,False
885178,Thailand,271.3,False
ad7697,United States,59.15,False
a3c5ea,United States,180.79,False
885176,Thailand,226.46,False
71c738,Republic of Korea,214.11,False
adc65e,United States,235.48,False
71c733,Republic of Korea,291.16,False
a482fc,United States,144.83,False
0ac9d4,Colombia,139.76,False
a9739c,United States,132.16,False
a12403,United States,236.17,False
a9b04f,United States,32.59,False
a54e88,United States,44.35,False
adc64a,United States,29.44,False
0ac9c6,Colombia,146.35,False
a05dba,United States,233.04,False
a05dbc,United States,213.11,False
a41b89,United States,240.42,False
7808f6,China,274.97,False
a21b74,United States,3.6,True
7c35e7,Australia,163.84,False
ac1c12,United States,90.04,False
408120,United Kingdom,213.53,False
aa56da,United States,232.38,False
7c6b2d,Australia,215.04,False
a808ba,United States,50.87,False
abd9d9,United States,238.35,False
7c6b41,Australia,140.44,False
a665b9,United States,98.61,False
7c6b40,Australia,226.91,False
47be9c,Norway,63.97,False
a34e6a,United States,241.11,False
4b1809,Switzerland,0.0,True
0d0c02,Mexico,236.61,False
a1fb4b,United States,233.8,False
a4ab1a,United States,77.18,False
a6fe18,United States,36.56,False
a71e29,United States,227.8,False
aa8c0e,United States,33.95,False
4952cb,Portugal,249.96,False
7c6b39,Australia,71.08,False
a282e5,United States,245.08,False
7c6b36,Australia,59.16,True
aa69f9,United States,237.56,False
a10e8b,United States,212.17,False
7c6b0b,Australia,206.49,False
a10e96,United States,35.4,False
0d0c19,Mexico,133.71,False
a7e8bf,United States,165.89,False
7c6b28,Australia,290.15,False
a21b44,United States,137.84,False
aa8c10,United States,193.31,False
ac83b7,United States,30.84,False
a22e91,United States,42.79,False
a1fb33,United States,240.6,False
a57b4d,United States,0.0,True
aa8c07,United States,32.58,False
a665f1,United States,191.24,False
88045a,Thailand,238.72,False
c0840e,Canada,65.36,False
ab63d7,United States,120.41,False
ae26a4,United States,67.52,False
4952aa,Portugal,285.82,False
4952ab,Portugal,0.0,True
4952ac,Portugal,209.9,False
7c6b13,Australia,207.85,False
ac2f83,United States,235.21,False
ae26be,United States,49.39,False
ab0f8f,United States,198.37,False
c822ed,New Zealand,144.26,False
ad3c1f,United States,134.29,False
abb3b6,United States,232.46,False
a2d2eb,United States,180.44,False
e4944f,Brazil,0.0,True
4952a3,Portugal,155.58,False
abb3be,United States,0.0,True
4952a4,Portugal,247.94,False
4952a6,Portugal,243.03,False
0a00c3,Algeria,237.88,False
48cb15,Poland,76.86,False
ac83d5,United States,166.72,False
a34e9d,United States,0.0,True
ac1c76,United States,155.97,False
ad90a3,United States,145.11,False
aadc82,United States,33.26,False
a7c39a,United States,53.94,False
7c6b3b,Australia,258.26,False
a8d037,United States,66.94,False
7c6b3d,Australia,189.91,False
ad4f81,United States,260.01,False
7c6b3c,Australia,151.03,False
a46e6a,United States,158.6,False
ad4f86,United States,31.38,True
a7608e,United States,264.85,False
a7c399,United States,54.22,False
a94b51,United States,211.09,False
c01b6c,Canada,253.66,False
a94b50,United States,263.72,False
a69b92,United States,231.37,False
3c65a2,Germany,277.35,False
a94b4b,United States,233.98,False
a892d7,United States,112.57,False
4b187d,Switzerland,198.99,False
4b187f,Switzerland,0.0,True
ae5abe,United States,55.79,False
3c65ac,Germany,261.99,False
ab649a,United States,252.82,False
ae0114,United States,0.0,True
ae2776,United States,45.72,False
4b187a,Switzerland,146.58,False
a05776,United States,247.55,False
a83e86,United States,115.4,False
4b1882,Switzerland,204.51,False
8686aa,Japan,264.78,False
a8f5be,United States,193.35,False
86d6ac,Japan,246.23,False
ae1478,United States,175.25,False
0d0aef,Mexico,228.57,False
7c1065,Australia,58.18,False
a7c2f6,United States,217.04,False
a1c705,United States,50.12,False
acd486,United States,142.06,False
a0573a,United States,48.63,False
a915de,United States,3.34,True
a45b96,United States,224.06,False
a6eb85,United States,109.8,False
adf44a,United States,55.58,False
a7c2e2,United States,198.1,False
c01b98,Canada,62.42,False
a70b8c,United States,76.16,False
a6eb1e,United States,9.26,True
7c48ca,Australia,41.12,False
aaef02,United States,72.06,False
adf46f,United States,113.72,False
0c4184,Dominican Republic,236.81,False
7c6b07,Australia,0.06,True
7c6b06,Australia,33.1,False
0c4186,Dominican Republic,244.52,False
a33aa7,United States,178.05,False
847c18,Japan,199.85,False
ac2f18,United States,222.84,False
a70b2f,United States,201.13,False
a71e5c,United States,233.19,False
a83e49,United States,3.86,True
abd9b6,United States,243.83,False
c02e91,Canada,11.32,True
a6a2d0,United States,64.31,False
c01b4f,Canada,192.83,False
0d0ac8,Mexico,227.27,False
a57b8b,United States,269.25,False
aa9f6c,United States,53.38,False
c01b3c,Canada,35.93,False
a0dab2,United States,116.71,False
aa56f8,United States,142.34,False
0d0abd,Mexico,237.04,False
aa56f7,United States,210.9,False
0d0abf,Mexico,219.96,False
ac2f37,United States,240.76,False
a94b08,United States,5.92,True
3c65a1,Germany,253.4,False
a16441,United States,42.38,False
758369,Philippines,163.4,False
a1515b,United States,1.8,True
a6fda3,United States,245.04,False
a2c129,United States,149.54,False
a57aab,United States,200.69,False
a4276a,United States,0.06,True
c8243a,New Zealand,249.14,False
7c7cc3,Australia,0.0,False
ac972c,United States,239.06,False
a03196,United States,87.74,False
ac2db7,United States,100.06,False
861e9a,Japan,233.48,False
a39113,United States,0.0,True
ad072a,United States,0.06,True
ab0de7,United States,53.82,False
c01b13,Canada,135.44,False
a1779e,United States,68.84,False
a1512f,United States,219.73,False
a7d732,United States,68.73,False
a0a798,United States,68.38,False
a1a116,United States,36.12,False
a1b449,United States,160.18,False
a39100,United States,2.06,True
ac2dcc,United States,33.75,False
7c7ca8,Australia,50.43,False
7c3631,Australia,54.19,False
ac7103,United States,241.8,False
ab0dec,United States,89.34,False
a0dadb,United States,9.77,True
7c3635,Australia,71.14,False
a6b73d,United States,40.96,False
86d5fa,Japan,172.96,False
ae2748,United States,62.55,False
e492b0,Brazil,162.97,False
86d5c3,Japan,187.68,False
861e70,Japan,143.95,False
86d5b6,Japan,258.5,False
aaa783,United States,237.77,False
3b7b65,France,0.0,True
49530a,Portugal,210.5,False
49530c,Portugal,177.39,False
a6670c,United States,151.25,False
ac7115,United States,234.86,False
78203d,China,252.87,False
e492aa,Brazil,251.37,False
a3915a,United States,211.03,False
758306,Philippines,202.92,False
84cb66,Japan,5.14,True
a94b72,United States,145.12,False
a58dc2,United States,16.46,True
ae2761,United States,54.88,False
861e92,Japan,235.49,False
a65405,United States,45.8,False
495305,Portugal,210.78,False
a94b6b,United States,217.3,False
495307,Portugal,88.81,False
495308,Portugal,209.63,False
a33afd,United States,0.9,True
abfac6,United States,253.85,False
ac1ad7,United States,239.04,False
abc780,United States,255.23,False
a33afa,United States,64.31,False
495301,Portugal,259.68,False
495302,Portugal,259.73,False
495304,Portugal,205.87,False
a3f436,United States,224.55,False
adf413,United States,230.1,False
a53436,United States,265.73,False
84cb5b,Japan,96.65,False
a3913b,United States,144.24,False
782076,China,209.92,False
ac712d,United States,128.16,False
758308,Philippines,74.61,True
a54766,United States,46.33,False
a33af8,United States,35.77,False
758307,Philippines,10.29,True
a0b9f7,United States,139.93,False
a0a6c5,United States,9.26,True
440cfe,Austria,7.46,True
a90467,United States,3.86,True
7c6a8d,Australia,199.5,False
a2f9c0,United States,130.69,False
aaee9c,United States,9.26,True
408086,United Kingdom,225.93,False
a0dc17,United States,58.97,False
a94ae5,United States,242.46,False
a64172,United States,57.88,False
a10f4a,United States,6.69,True
a043c4,United States,103.45,False
a8f77c,United States,1.29,True
0d0b66,Mexico,224.94,False
c02cfc,Canada,270.7,False
abb2e7,United States,56.27,False
a1c6a8,United States,233.29,False
a6eadd,United States,56.45,False
408062,United Kingdom,250.79,False
a08c0d,United States,239.56,False
ac1b8a,United States,74.5,False
a8f762,United States,294.19,False
408067,United Kingdom,213.14,False
7c6a85,Australia,55.51,False
c87f27,New Zealand,0.0,True
e48011,Brazil,71.45,False
a3918f,United States,102.46,False
40804d,United Kingdom,237.57,False
40804e,United Kingdom,222.02,False
a0a6b3,United States,68.94,False
408053,United Kingdom,74.12,False
abb2fe,United States,4.63,True
a10f41,United States,31.4,False
aa8af8,United States,51.96,False
a189f2,United States,241.13,False
a069fd,United States,34.99,False
0d0b92,Mexico,221.04,False
3c6705,Germany,237.79,False
3c6704,Germany,3.86,True
3c6703,Germany,255.62,False
3c6708,Germany,223.09,False
a4aae4,United States,133.46,False
a95dd3,United States,226.91,False
a6fddb,United States,68.12,False
3c6710,Germany,289.38,False
a8e428,United States,40.18,False
a82aa0,United States,278.24,False
3c6714,Germany,289.38,False
a163f2,United States,232.05,False
a9175a,United States,64.64,False
adf2e3,United States,66.56,False
a21c4c,United States,241.85,False
a82aa8,United States,225.65,False
a2f9dd,United States,182.22,False
ae5b6b,United States,64.92,False
a21c53,United States,218.93,False
a65484,United States,229.66,False
758384,Philippines,240.14,False
a163c2,United States,231.04,False
0d0b39,Mexico,127.69,False
a043cb,United States,196.85,False
3c670b,Germany,0.26,True
c823b8,New Zealand,26.28,False
3c670a,Germany,262.41,False
e48053,Brazil,222.33,False
a030b1,United States,251.92,False
c08335,Canada,196.72,False
ac970f,United States,233.89,False
aa9de7,United States,175.17,False
40808c,United Kingdom,209.59,False
a10f86,United States,202.51,False
aa8ab2,United States,6.94,True
e49390,Brazil,81.49,False
7c4927,Australia,226.0,False
7c4928,Australia,290.99,False
a7b106,United States,103.94,False
ab772d,United States,252.51,False
a64163,United States,227.36,False
a163bd,United States,50.16,False
868710,Japan,163.18,False
a4bf72,United States,36.54,False
aa7a1f,United States,111.61,False
c02ebd,Canada,198.39,False
a666cd,United States,234.26,False
abc7c6,United States,238.71,False
ace7aa,United States,195.47,False
a83f30,United States,196.69,False
c02ed9,Canada,283.98,False
c02ec1,Canada,246.87,False
a5cc35,United States,146.25,False
7c6c53,Australia,210.76,False
7c6c52,Australia,0.0,True
aa57df,United States,3.86,True
02a1a6,Tunisia,70.51,False
aaa7ef,United States,4.89,True
ac0a22,United States,233.96,False
7c6c2b,Australia,59.92,False
ab9a32,United States,4.12,True
40820e,United Kingdom,228.56,False
abc7e9,United States,156.91,False
40820f,United Kingdom,223.11,False
710411,Saudi Arabia,266.53,False
abfd39,United States,209.41,False
c08537,Canada,269.66,False
408213,United Kingdom,228.18,False
a809f8,United States,237.92,False
a2d3b3,United States,115.87,False
a7e9e7,United States,233.02,False
c821ba,New Zealand,138.41,False
c02ee9,Canada,10.29,True
c821c1,New Zealand,234.48,False
e49329,Brazil,174.4,False
abfd66,United States,157.84,False
acd4c3,United States,61.79,False
4690e2,Greece,235.04,False
ac71ad,United States,248.5,False
a559de,United States,222.04,False
a0a811,United States,49.18,False
ae4a19,United States,120.54,False
ad07eb,United States,131.47,False
a9f145,United States,124.94,False
c821d2,New Zealand,65.89,False
aa57b4,United States,47.4,False
a4bf48,United States,0.06,True
7c6c95,Australia,230.81,False
7c6c92,Australia,237.87,False
ad3d4e,United States,199.17,False
40825f,United Kingdom,231.1,False
a5a9e6,United States,132.66,False
aba1c9,United States,258.3,False
4a2aac,Romania,247.55,False
abb4ea,United States,235.24,False
a8e46d,United States,127.14,False
ac0a75,United States,0.0,True
a5cc19,United States,250.92,False
a4ac33,United States,65.95,False
a5cc15,United States,216.66,False
a5cc11,United States,0.0,True
ac71df,United States,203.95,False
3c656f,Germany,1.03,True
3c656e,Germany,274.14,False
ac71dd,United States,216.07,False
7cbc42,Australia,50.85,False
a4bf4d,United States,8.75,True
a400b2,United States,221.83,False
3c6570,Germany,269.85,False
ae01a1,United States,193.61,False
a16534,United States,264.51,False
758404,Philippines,256.5,False
758403,Philippines,3.34,True
a2983e,United States,55.08,False
abb595,United States,233.35,False
846a34,Japan,218.43,False
a1b519,United States,4.89,False
a0587d,United States,54.04,False
782081,China,209.23,False
a17876,United States,229.09,False
ac7283,United States,195.97,False
3c64a1,Germany,243.69,False
a21ba0,United States,8.75,True
a94c7b,United States,250.23,False
a1c82c,United States,31.65,False
a03235,United States,7.46,True
aa7a83,United States,230.86,False
3c64a8,Germany,56.75,False
a916fa,United States,53.03,False
abb59f,United States,237.66,False
aba281,United States,211.64,False
a2e806,United States,239.72,False
3c64ae,Germany,229.32,False
a10eba,United States,43.41,False
a7b0d7,United States,72.17,False
846a5b,Japan,232.94,False
4080f9,United Kingdom,257.03,False
a16579,United States,13.89,True
ad928d,United States,75.67,False
a45ba2,United States,202.29,False
7c7f53,Australia,41.36,False
aa7a61,United States,138.73,False
a94c2a,United States,182.94,False
ac729c,United States,127.93,False
a5cc4c,United States,235.0,False
7c6c24,Australia,9.77,True
a8f6cd,United States,47.33,False
c083aa,Canada,1.29,True
c01c48,Canada,147.24,False
a1a218,United States,213.73,False
a7c3a2,United States,48.75,False
0a009a,Algeria,230.06,False
a773ba,United States,60.71,False
a6a3c2,United States,278.38,False
a8e3b3,United States,84.9,False
a1c868,United States,231.66,False
e491f0,Brazil,193.84,False
ad07a6,United States,95.79,False
abfd00,United States,253.69,False
c82315,New Zealand,138.09,False
a880b0,United States,149.77,False
aa7a3c,United States,223.31,False
a903c4,United States,233.9,False
02a1b3,Tunisia,146.26,False
ab77d5,United States,222.24,False
a0456a,United States,62.37,False
a0589c,United States,58.12,False
0a007e,Algeria,213.74,False
a903b9,United States,218.43,False
a22ef3,United States,212.98,False
a69c8c,United States,198.62,False
a0eeea,United States,213.82,False
7c7f0e,Australia,116.46,False
0a0086,Algeria,252.23,False
4a08a5,Romania,215.09,False
c82335,New Zealand,124.12,False
a1fbff,United States,112.05,False
ad4eb5,United States,259.19,False
ace81d,United States,233.72,False
ac9850,United States,259.8,False
3c64fa,Germany,275.26,False
4080a4,United Kingdom,6.94,True
a83eaf,United States,58.9,False
4080a2,United Kingdom,210.94,False
a3f579,United States,222.04,False
a2d573,United States,246.66,False
a69bc3,United States,56.36,False
aa4535,United States,50.46,False
7c110a,Australia,97.64,False
ace829,United States,54.61,False
a2725d,United States,194.64,False
a5dee3,United States,239.69,False
a6686c,United States,44.12,False
a21bea,United States,0.45,True
7c6aa0,Australia,54.08,False
e4929c,Brazil,251.47,False
a6b871,United States,94.37,False
a65560,United States,248.21,False
ad0851,United States,0.51,False
a39226,United States,63.62,False
782144,China,252.94,False
ac1bbf,United States,209.68,False
ac7216,United States,201.79,False
a1c88f,United States,0.0,True
ad4ebc,United States,134.98,False
ac7218,United States,268.87,False
a5cbd9,United States,44.59,False
a70bc9,United States,0.0,True
abb52c,United States,235.68,False
c8234a,New Zealand,184.7,False
aadbe1,United States,39.3,False
a0a7a0,United States,233.45,False
aa9eb3,United States,224.61,False
a057c7,United States,238.36,False
4080df,United Kingdom,221.04,False
4080de,United Kingdom,145.1,False
0a0019,Algeria,223.36,False
3c64c6,Germany,91.23,False
769105,Singapore,263.69,False
a2c27e,United States,216.09,False
ab5250,United States,49.68,False
4080e2,United Kingdom,230.97,False
a39289,United States,0.0,True
e491a2,Brazil,79.92,False
ac8577,United States,217.25,False
aadbea,United States,43.18,False
a057cc,United States,246.68,False
7c6aec,Australia,92.63,False
abfbd0,United States,208.12,False
a6682f,United States,52.78,False
86d6c8,Japan,160.43,False
861f88,Japan,235.49,False
ac8588,United States,176.25,False
c02f21,Canada,212.31,False
aa580f,United States,11.83,True
4080bb,United Kingdom,257.25,False
4080c0,United Kingdom,3.09,True
a8d0d5,United States,35.68,False
0d0a9a,Mexico,258.92,False
a64208,United States,81.64,False
a53557,United States,54.15,False
4080b6,United Kingdom,127.37,False
4a08ec,Romania,189.95,False
a1a286,United States,151.1,False
ae5bae,United States,56.77,False
3c64ee,Germany,245.33,False
a08d11,United States,44.38,False
ae5baa,United States,65.88,False
a1c7ac,United States,51.25,False
861ebc,Japan,173.36,False
a7626b,United States,63.77,False
a4ad02,United States,236.05,False
408184,United Kingdom,224.48,False
408181,United Kingdom,223.76,False
a1c7b0,United States,31.21,False
e49220,Brazil,205.96,False
e49221,Brazil,140.58,False
a1fd03,United States,231.95,False
a7629a,United States,41.03,False
4b15db,Switzerland,122.49,False
c08497,Canada,234.1,False
a40296,United States,81.59,False
861ede,Japan,127.73,False
40815b,United Kingdom,223.74,False
a7c53c,United States,162.84,False
a7888c,United States,229.71,False
a9aebc,United States,208.04,False
7c2411,Australia,78.64,False
a6b890,United States,40.36,False
a1a1b6,United States,3.09,True
a33d62,United States,210.37,False
a78891,United States,63.82,False
a78890,United States,48.51,False
a6ebc6,United States,199.06,False
a83ef5,United States,201.6,False
0d0a08,Mexico,7.2,True
a76235,United States,210.75,False
e49294,Brazil,241.98,False
a20a42,United States,55.13,False
a5cbf3,United States,265.07,False
a1b4ab,United States,219.86,False
842208,Japan,223.21,False
e4925f,Brazil,166.99,False
ab6519,United States,214.57,False
7103d6,Saudi Arabia,261.39,False
abc80c,United States,258.86,False
7103d7,Saudi Arabia,258.3,False
0d0a0f,Mexico,244.98,False
a6ebee,United States,89.11,False
a7c564,United States,88.89,False
0d0a21,Mexico,11.83,True
0d0a26,Mexico,234.94,False
a19a48,United States,10.29,True
e49270,Brazil,191.09,False
aa9eef,United States,98.77,False
aa4557,United States,63.28,False
aa3226,United States,9.77,True
0d84d0,Venezuela,107.52,False
a1c3bd,United States,63.39,False
0d0e30,Mexico,210.31,False
a59f53,United States,244.46,False
ab0d21,United States,67.01,False
a6d9c3,United States,146.66,False
a35f5a,United States,40.28,False
acd296,United States,227.12,False
0d0e46,Mexico,154.21,False
a58c29,United States,0.0,True
a58c32,United States,157.75,False
a34c2f,United States,201.79,False
7c6d78,Australia,110.06,False
aaed0c,United States,211.36,False
a0ff6e,United States,42.3,False
a2f6c4,United States,50.88,False
a5a6c1,United States,235.03,False
a449e5,United States,250.78,False
7cbd31,Australia,44.2,False
a58c2e,United States,216.77,False
3c6483,Germany,219.74,False
a676c4,United States,219.03,False
ac2d33,United States,65.44,False
46f0a6,Greece,5.66,True
a2f6b3,United States,223.12,False
a84f0e,United States,41.06,False
0d0e68,Mexico,2.06,True
aaed42,United States,53.61,False
ab0d57,United States,55.09,False
a72f2b,United States,198.28,False
c820ab,New Zealand,57.7,False
a1b0e3,United States,95.75,False
a8e132,United States,1.29,True
c820ae,New Zealand,56.45,False
c080dd,Canada,239.38,False
ab0d62,United States,110.95,False
a8913d,United States,236.74,False
151ddb,Russian Federation,257.88,False
151ddf,Russian Federation,222.37,False
46f0a0,Greece,7.72,True
7c6d9c,Australia,211.17,False
c080cf,Canada,0.0,True
a59f15,United States,231.72,False
a1b0d4,United States,203.81,False
0d0e03,Mexico,79.76,False
440c8c,Austria,244.48,False
440c8d,Austria,230.54,False
a689a5,United States,77.74,False
ab0d76,United States,229.96,False
86d96c,Japan,239.28,False
a423d7,United States,132.16,False
a7c133,United States,31.96,False
a6b47c,United States,242.82,False
7c6d8d,Australia,271.17,False
0d0e14,Mexico,237.51,False
a34c68,United States,246.2,False
0d0e16,Mexico,237.07,False
7583a7,Philippines,105.74,False
ac94d5,United States,33.97,False
a423c4,United States,221.48,False
c820d4,New Zealand,230.23,False
7c6d7c,Australia,253.65,False
7583ae,Philippines,97.84,False
a34c57,United States,236.44,False
a22c7c,United States,58.28,False
0d0e29,Mexico,243.05,False
7c6d95,Australia,87.49,True
ac1a2c,United States,133.68,False
7c6d91,Australia,252.63,False
0d0e1e,Mexico,241.67,False
7c11e1,Australia,90.94,False
7c6d99,Australia,1.03,True
abc4d8,United States,210.23,False
758526,Philippines,237.19,False
a96f71,United States,31.45,False
adf205,United States,23.31,False
a6fc4d,United States,40.43,False
a05521,United States,67.63,False
a0b81e,United States,0.0,True
a0b81d,United States,230.07,False
ab7590,United States,45.1,False
a4bc7f,United States,67.4,False
a0b820,United States,122.44,False
ac2be9,United States,259.59,False
a0b826,United States,250.75,False
aaa590,United States,205.73,False
e490c2,Brazil,228.22,False
a770a2,United States,182.19,False
a650cd,United States,264.09,False
a7d3b0,United States,40.09,False
a0b82f,United States,191.71,False
a6fc4a,United States,47.95,False
a7e6ce,United States,68.37,False
aaa58b,United States,231.48,False
c080a2,Canada,184.5,False
a0fea6,United States,252.6,False
a9bf4b,United States,238.82,False
a0681c,United States,253.08,False
ac2bfd,United States,215.6,False
a5dc98,United States,212.16,False
a650f0,United States,210.13,False
a0b801,United States,237.49,False
a9bf27,United States,140.09,False
aa9d6e,United States,8.23,True
0c4353,Dominican Republic,243.1,False
c080ad,Canada,5.4,True
0c4355,Dominican Republic,241.74,False
ab627c,United States,4.63,True
a7d3d3,United States,156.46,False
a9ac07,United States,48.94,False
aa54f4,United States,140.95,False
a770d4,United States,55.56,False
758507,Philippines,73.46,False
e490f0,Brazil,185.06,False
a3183d,United States,239.84,False
495171,Portugal,233.22,False
ae1254,United States,93.23,False
ab628c,United States,208.87,False
7c6d2b,Australia,237.23,False
a939e8,United States,180.83,False
a0b867,United States,240.83,False
a0b866,United States,4.12,True
abb271,United States,225.66,False
aa9d69,United States,224.11,False
48449a,Kingdom of the Netherlands,241.64,False
440c13,Austria,53.79,False
0d0cdd,Mexico,190.35,False
abb27e,United States,7.72,True
a6c6c8,United States,207.53,False
a0a545,United States,282.02,False
a4380f,United States,0.0,True
7c6d38,Australia,133.72,False
a23ecf,United States,59.03,False
a96f3e,United States,74.55,False
7c6d37,Australia,200.88,False
aa8a26,United States,0.32,True
7c6d33,Australia,205.4,False
a2f829,United States,53.62,False
a17527,United States,223.88,False
c02c3d,Canada,27.27,False
84bb13,Japan,220.84,False
495153,Portugal,195.47,False
a1883f,United States,244.16,False
7c37bc,Australia,75.0,False
aa67de,United States,176.38,False
aa9d45,United States,154.1,False
a0b841,United States,227.13,False
aa9d48,United States,160.09,False
a806e0,United States,158.3,False
ac828f,United States,195.95,False
a0b848,United States,260.02,False
a7e6c7,United States,261.62,False
a7f9f4,United States,226.15,False
a7f9df,United States,37.56,False
151e8d,Russian Federation,265.04,False
4246b3,United Kingdom,272.81,False
a1d898,United States,110.15,False
a900fb,United States,38.24,False
a1624e,United States,5.14,True
4259ce,United Kingdom,2.31,True
a53207,United States,238.19,False
a35efa,United States,236.06,False
adf0dd,United States,56.75,False
ad180d,United States,42.7,False
a67858,United States,7.72,True
a35ef1,United States,236.69,False
782245,China,262.72,False
c03f02,Canada,263.53,False
ac3ea3,United States,6.43,True
a890fe,United States,204.89,False
a1d890,United States,10.29,True
7c6bc2,Australia,236.97,False
a0a54d,United States,192.63,False
a1d873,United States,144.35,False
e4917f,Brazil,185.72,False
4006c1,United Kingdom,279.12,False
a29551,United States,225.31,False
c03f37,Canada,2.57,True
7c3884,Australia,65.26,False
758582,Philippines,143.91,False
7c7ef0,Australia,110.28,False
abc504,United States,256.99,False
a0b889,United States,205.82,False
a23ef1,United States,125.16,False
a0b886,United States,258.82,False
4006c0,United Kingdom,257.43,False
c8221a,New Zealand,98.37,False
a8e0e3,United States,236.77,False
c8221c,New Zealand,77.21,False
7c6bbb,Australia,168.74,False
aa680e,United States,81.85,False
ac3eba,United States,121.51,False
a0b88f,United States,257.27,False
a0b88d,United States,212.54,False
a04263,United States,50.58,False
a66545,United States,0.0,True
a4cef4,United States,47.91,False
a0b88b,United States,0.0,True
a0b88a,United States,232.68,False
a53232,United States,229.79,False
a6652b,United States,5.14,True
782271,China,252.19,False
a67805,United States,239.74,False
a95c89,United States,222.22,False
a46bf6,United States,217.86,False
a95c7e,United States,123.04,False
75854a,Philippines,121.94,False
a2e57e,United States,2.31,True
782284,China,98.95,False
ab8880,United States,235.38,False
acf846,United States,240.05,False
a4389f,United States,48.62,False
ab6229,United States,179.12,False
abb205,United States,216.45,False
3991e2,France,112.54,False
a890c7,United States,244.62,False
ac2bb6,United States,220.73,False
ac2bb9,United States,158.52,False
ac3ee9,United States,230.86,False
ac8217,United States,240.52,False
a0428a,United States,284.51,False
ac2bc6,United States,9.77,True
a4cea5,United States,130.95,False
a16273,United States,234.37,False
ad1861,United States,1.03,True
ab6247,United States,167.72,False
c08177,Canada,0.0,True
abb222,United States,235.24,False
a34bdc,United States,200.68,False
0d0d92,Mexico,227.02,False
0d0d91,Mexico,56.29,False
aaff8a,United States,43.85,False
ab73f5,United States,65.36,False
ad03c4,United States,133.35,False
ae6c1d,United States,68.75,False
a5dbef,United States,56.3,False
a0b7b8,United States,181.52,False
a0b7b7,United States,225.25,False
a8e20f,United States,235.07,False
ab73f9,United States,0.0,False
0d0d8d,Mexico,68.19,False
a6657e,United States,2.31,True
aa558a,United States,210.06,False
a9aba2,United States,235.87,False
aa9bfd,United States,55.91,False
ab0c7e,United States,68.77,False
3c6519,Germany,279.09,False
ac2c79,United States,230.04,False
ac3f9c,United States,224.76,False
7c3810,Australia,48.15,False
aaa3ef,United States,101.22,False
a90208,United States,194.18,False
ae6c21,United States,149.53,False
a96ecb,United States,135.91,False
a7858e,United States,234.78,False
151dc7,Russian Federation,240.19,False
841043,Japan,215.59,False
a6a25c,United States,1.29,True
7c3809,Australia,95.21,False
c02ae3,Canada,187.44,False
151db6,Russian Federation,245.55,False
e4910e,Brazil,255.29,False
aa9bcb,United States,36.19,False
04c03b,Kenya,9.77,True
a7c237,United States,38.67,False
a6a24a,United States,39.13,False
a1b295,United States,51.14,False
abb0c6,United States,61.79,False
4a91b3,Sweden,253.42,False
a2d25e,United States,227.91,False
a91556,United States,35.94,False
a4bbcb,United States,35.38,False
a161a2,United States,41.2,False
060035,Mauritius,242.41,False
a5a878,United States,233.63,False
a0b7df,United States,0.13,True
a0b7de,United States,265.65,False
a0b7dc,United States,221.52,False
a72ef7,United States,185.68,False
a4bbde,United States,271.94,False
861fa4,Japan,97.51,False
86d906,Japan,271.33,False
a5eedd,United States,67.82,False
a5a888,United States,152.89,False
c03db9,Canada,103.18,False
a317ba,United States,206.07,False
a91535,United States,217.27,False
a6a226,United States,39.39,False
782216,China,157.71,False
a067f6,United States,223.9,False
aa552e,United States,176.98,False
0d0d75,Mexico,230.33,False
a66576,United States,144.3,False
ae6c7f,United States,0.0,False
a0b7bd,United States,156.25,False
a79898,United States,235.14,False
ae10e9,United States,136.89,False
a7e854,United States,28.68,False
a0ed34,United States,112.41,False
a08a6b,United States,0.0,True
a797b4,United States,219.22,False
ad18b0,United States,0.06,True
a08a85,United States,184.61,False
a34d73,United States,88.79,False
ac709b,United States,249.68,False
a2e4c7,United States,241.79,False
aa55b5,United States,247.36,False
ac95a7,United States,100.53,False
0d0d24,Mexico,205.15,False
0d0d27,Mexico,144.27,False
acc084,United States,47.43,False
a437da,United States,0.0,True
7821d5,China,146.93,False
aa9e1f,United States,56.27,False
abd8c5,United States,52.18,False
a437ce,United States,1.29,True
aaee3b,United States,97.26,False
0d0d36,Mexico,240.78,False
a174f7,United States,240.79,False
a531a4,United States,37.28,False
a8e279,United States,236.96,False
a34d52,United States,225.93,False
a1c4d8,United States,248.79,False
a0b7fe,United States,192.87,False
a6b4a4,United States,200.16,False
a0b7fb,United States,185.5,False
a304bb,United States,172.22,False
acf8be,United States,80.22,False
ac1b21,United States,233.27,False
0d0d41,Mexico,138.27,False
aaa5d0,United States,45.1,False
aadb25,United States,55.03,False
abc5b8,United States,256.22,False
a544de,United States,65.5,False
ace5b6,United States,117.09,False
a46d95,United States,236.51,False
ab62ad,United States,239.23,False
aadb37,United States,277.45,False
a8926a,United States,9.77,True
a77298,United States,31.96,False
ac1b44,United States,164.35,False
ac2e74,United States,188.35,False
ad05d5,United States,40.38,False
a1fa79,United States,44.09,False
ad3b27,United States,3.6,True
408032,United Kingdom,228.7,False
a34d98,United States,214.81,False
a2d1d5,United States,96.69,False
a8f58f,United States,39.95,False
a2d1bc,United States,243.07,False
a33a55,United States,155.79,False
a95bf6,United States,46.97,False
a9026b,United States,50.68,False
aaa5ff,United States,239.61,False
392af5,France,101.87,False
ab62f8,United States,215.85,False
a46d4e,United States,239.7,False
a46d4f,United States,86.52,False
7584d8,Philippines,10.29,True
a46d4a,United States,281.5,False
7584d7,Philippines,175.64,False
ace5bc,United States,243.3,False
aa305f,United States,262.8,False
a6fd81,United States,69.5,False
ab503a,United States,216.5,False
a7d4e5,United States,49.14,False
ac7029,United States,159.4,False
c01a61,Canada,280.15,False
a82a44,United States,157.41,False
ab5056,United States,201.39,False
a5ca4b,United States,6.69,True
a6a1af,United States,35.83,False
a784f9,United States,16.98,False
86d9da,Japan,1.8,True
758651,Philippines,134.14,False
a11fe7,United States,173.94,False
c2bd41,Canada,86.33,False
a69a6c,United States,49.32,False
ab6394,United States,153.09,False
ad4cf2,United States,240.39,False
a11fb4,United States,40.8,False
a05627,United States,294.92,False
a05626,United States,265.21,False
ac703b,United States,149.85,False
a7d4ea,United States,55.41,False
a95d3d,United States,235.24,False
ae6cef,United States,48.46,False
c01a5a,Canada,6.69,True
a0a601,United States,37.75,False
a17610,United States,50.58,False
151e38,Russian Federation,275.45,False
a6b4ac,United States,230.3,False
a5ca26,United States,57.99,False
abb398,United States,67.71,False
a22cc8,United States,45.81,False
a23ff5,United States,57.77,False
884f01,Thailand,237.34,False
abb392,United States,76.86,False
86d9b0,Japan,260.67,False
aba065,United States,50.53,False
a0434a,United States,47.34,False
760916,Pakistan,247.14,False
a28313,United States,44.86,False
ab88b6,United States,245.77,False
aa8b40,United States,237.88,False
49526b,Portugal,232.32,False
495278,Portugal,233.4,False
a09cfe,United States,205.72,False
a0ecb1,United States,129.27,False
0d0bce,Mexico,242.8,False
a35fab,United States,81.84,False
ad906f,United States,0.0,True
a95d09,United States,47.55,False
a11fda,United States,54.53,False
a35fc2,United States,0.0,True
a0a644,United States,206.54,False
c081a6,Canada,141.17,False
a0433b,United States,207.97,False
a39017,United States,234.27,False
a67960,United States,224.98,False
ad1927,United States,280.39,False
a3900e,United States,204.98,False
a5a958,United States,65.5,False
4007ec,United Kingdom,215.83,False
a6b60a,United States,235.02,False
151d88,Russian Federation,234.99,False
a54650,United States,216.17,False
a96fa3,United States,73.71,False
a47fec,United States,41.92,False
ac960d,United States,148.43,False
a1b348,United States,6.69,False
ab7639,United States,25.69,False
a6c933,United States,120.29,False
aa4300,United States,235.09,False
a46cc1,United States,243.05,False
151d76,Russian Federation,233.54,False
a47fde,United States,253.28,False
a15027,United States,196.01,False
a7e93b,United States,186.27,False
a58ce5,United States,172.96,False
ae2602,United States,64.28,False
78236c,China,223.88,False
a2e646,United States,232.35,False
7c6cda,Australia,45.81,False
78103c,China,231.14,False
0d0ba1,Mexico,231.85,False
a5a971,United States,71.52,False
4baacc,Turkey,240.77,False
4baacb,Turkey,72.55,False
a65333,United States,77.19,False
a2f95c,United States,233.32,False
a47fd9,United States,263.4,False
495218,Portugal,238.67,False
a30657,United States,223.48,False
ac2cb2,United States,287.01,False
a1c64e,United States,232.55,False
aaffed,United States,2.83,True
a2f965,United States,45.18,False
495211,Portugal,195.44,False
a5eff0,United States,65.88,False
ab6339,United States,235.58,False
abc649,United States,139.6,False
ad5fe7,United States,283.03,False
758685,Philippines,236.93,False
abd971,United States,233.16,False
a27079,United States,29.91,False
484560,Kingdom of the Netherlands,261.48,False
a3904c,United States,236.51,False
76099a,Pakistan,243.25,False
aaa668,United States,229.53,False
ace60c,United States,238.17,False
760993,Pakistan,189.21,False
78239a,China,223.67,False
adafb5,United States,234.07,False
ace621,United States,141.69,False
a4cfb7,United States,226.24,False
a8e1f6,United States,139.94,False
a1a060,United States,61.99,False
a3afe1,United States,222.09,False
a40027,United States,231.09,False
a95d88,United States,6.43,True
a901fe,United States,0.0,True
a7e906,United States,239.89,False
a4000f,United States,174.78,False
a2d359,United States,230.53,False
ac7008,United States,163.08,False
ad5ffe,United States,13.46,False
ad1986,United States,82.83,False
acf987,United States,233.02,False
a78605,United States,237.49,False
ac700e,United States,44.81,False
a3aff0,United States,47.98,False
ab635d,United States,276.25,False
a3901d,United States,219.18,False
aa8a83,United States,260.32,False
aa8a82,United States,116.8,False
aaa68a,United States,240.43,False
0d0c71,Mexico,99.31,False
a8e337,United States,199.09,False
a95cde,United States,35.73,False
aada4d,United States,135.37,False
abb1c2,United States,229.25,False
a34e01,United States,152.8,False
ae6d3c,United States,49.17,False
aaed95,United States,102.62,False
7c7fb7,Australia,86.95,False
a7d673,United States,237.21,False
846adc,Japan,186.49,False
7c391d,Australia,86.06,False
440bcb,Austria,12.86,True
440bcd,Austria,115.59,False
4ca9d1,Ireland,75.72,False
a2c087,United States,210.84,False
0d0c7c,Mexico,235.95,False
ac81d2,United States,0.0,True
abfa65,United States,234.76,False
a8f646,United States,235.42,False
84bacf,Japan,159.02,False
0a00ce,Algeria,249.51,False
c08268,Canada,124.3,False
a6a382,United States,151.77,False
7585a2,Philippines,234.61,False
a76066,United States,229.14,False
aa568f,United States,218.66,False
aa568e,United States,149.54,False
ac1a72,United States,244.2,False
ace4e6,United States,122.38,False
a9acb8,United States,234.59,False
a10e23,United States,239.25,False
ad4d80,United States,47.33,False
aa5690,United States,249.46,False
ac1a7b,United States,65.51,False
a09e47,United States,78.2,False
a0b8af,United States,214.71,False
a6a36e,United States,34.92,False
a438cb,United States,43.73,False
7c7feb,Australia,63.11,False
acd1f6,United States,138.33,False
4ca9ed,Ireland,221.83,False
ad3a5f,United States,224.44,False
a318ea,United States,0.0,True
a425a0,United States,77.52,False
7c7fe6,Australia,121.29,False
a9bfc9,United States,177.42,False
a5dcde,United States,262.48,False
7c7fdb,Australia,56.15,False
a438c3,United States,116.87,False
a305aa,United States,2.31,True
aab922,United States,176.46,False
ab7606,United States,27.44,False
a91616,United States,244.48,False
7c7fd4,Australia,29.82,False
841115,Japan,225.84,False
781003,China,242.21,False
440bbe,Austria,174.28,False
a4009e,United States,227.99,False
782332,China,247.09,False
7c6ca2,Australia,0.0,True
a6a343,United States,137.44,False
a318d0,United States,133.38,False
440bc2,Austria,202.27,False
440bc5,Austria,214.7,False
4ca9cc,Ireland,201.07,False
a438b0,United States,202.5,False
aaffa2,United States,289.91,False
aa4322,United States,231.73,False
440bc0,Austria,228.45,False
abd90c,United States,256.64,False
a34e0f,United States,71.65,False
ab1fbb,United States,0.0,True
a5338b,United States,86.47,False
ac3fa4,United States,238.96,False
a042d5,United States,247.82,False
a70f80,United States,127.07,False
a5cf82,United States,235.37,False
a2b0cd,United States,0.0,True
4bab5a,Turkey,132.94,False
a380f1,United States,11.32,True
846d0c,Japan,224.6,False
a883a7,United States,108.14,False
a6dc42,United States,63.33,False
a7fc19,United States,172.81,False
4841b4,Kingdom of the Netherlands,13.89,True
ac74e4,United States,235.59,False
a883bd,United States,183.02,False
a919cd,United States,146.76,False
c00bf1,Canada,154.74,False
48da45,Poland,47.55,False
a896ed,United States,40.04,False
a5bc79,United States,120.46,False
a7b3c2,United States,259.76,False
c00bec,Canada,180.34,False
400610,United Kingdom,159.5,False
c00bf7,Canada,163.32,False
a5cf8b,United States,128.46,False
ae4d51,United States,17.97,False
ad81a1,United States,231.19,False
ac74fc,United States,77.38,False
aa34d0,United States,39.11,False
4ca8fa,Ireland,257.55,False
4ca8fb,Ireland,246.82,False
ab9d9e,United States,251.22,False
400685,United Kingdom,275.32,False
ac61db,United States,200.77,False
a5cf41,United States,228.13,False
a656bf,United States,41.87,False
a6dc08,United States,189.92,False
aaba81,United States,229.72,False
acfa52,United States,4.37,True
a6a6b7,United States,248.34,False
40066c,United Kingdom,58.32,False
a08edd,United States,54.12,False
c82805,New Zealand,41.19,False
a523ab,United States,265.02,False
a523c6,United States,237.75,False
3b9bb7,France,112.42,False
ae4d4d,United States,58.37,False
a5cf3f,United States,210.41,False
a3e3ca,United States,238.36,False
7cac7c,Australia,210.54,False
c08866,Canada,222.05,False
c08864,Canada,189.36,False
c08861,Canada,79.35,False
c08862,Canada,254.11,False
7585e8,Philippines,220.96,False
c0885e,Canada,272.75,False
c06207,Canada,137.21,False
c08857,Canada,189.03,False
c08852,Canada,245.44,False
7585ed,Philippines,228.59,False
c08851,Canada,170.36,False
7585ea,Philippines,144.48,False
c01ebb,Canada,94.66,False
aaba9a,United States,290.93,False
c0751c,Canada,194.57,False
c0884f,Canada,223.97,False
a9e167,United States,235.79,False
a28812,United States,182.73,False
abda7d,United States,283.42,False
4867b0,Kingdom of the Netherlands,163.61,False
c08859,Canada,202.8,False
758766,Philippines,6.94,True
a38201,United States,104.41,False
a1feda,United States,94.39,False
acb285,United States,233.74,False
0accd6,Colombia,0.0,True
70c150,Oman,246.64,False
a1fede,United States,58.96,False
acb27c,United States,256.92,False
7c39f1,Australia,0.0,True
a07bef,United States,256.93,False
a0224c,United States,97.86,False
70c149,Oman,237.56,False
a3e525,United States,234.9,False
758771,Philippines,0.0,True
ad826b,United States,27.27,False
758770,Philippines,240.43,False
a4aeaf,United States,159.72,False
75875f,Philippines,242.4,False
a27547,United States,111.05,False
70c13d,Oman,237.69,False
70c13c,Oman,192.61,False
a2886c,United States,230.95,False
a1b856,United States,80.53,False
702f08,Bangladesh,11.83,False
702f06,Bangladesh,6.17,False
c82870,New Zealand,102.54,False
a21ed4,United States,219.14,False
a65847,United States,7.46,True
75872d,Philippines,260.82,False
75872c,Philippines,148.27,False
75872b,Philippines,6.94,True
acb29f,United States,246.08,False
a03574,United States,226.01,False
a33eb5,United States,216.58,False
a6450b,United States,44.17,False
758723,Philippines,149.88,False
a32bf3,United States,232.92,False
e48519,Brazil,75.91,False
c060bc,Canada,2.31,True
c060bf,Canada,288.25,False
c060ba,Canada,101.07,False
a27595,United States,0.77,True
8411a4,Japan,4.37,True
a20bee,United States,47.89,False
7c6f84,Australia,130.23,False
a6dc72,United States,120.38,False
70c102,Oman,221.8,False
70c104,Oman,237.7,False
e4851a,Brazil,225.7,False
a1427f,United States,86.43,False
a32bcb,United States,268.13,False
a9f3ad,United States,75.53,False
c060c8,Canada,108.07,False
7822b7,China,227.43,False
a906f3,United States,129.35,False
c060c6,Canada,168.32,False
a1a56d,United States,151.88,False
c060c0,Canada,264.82,False
c073f1,Canada,6.17,True
c073f4,Canada,127.55,False
c060c2,Canada,144.09,False
7c39fc,Australia,157.24,False
7c39fb,Australia,0.0,True
a20be3,United States,48.8,False
a32bba,United States,253.09,False
a8d3b4,United States,259.32,False
aacd50,United States,202.41,False
a8e6e2,United States,247.92,False
a21efb,United States,235.24,False
a8d3af,United States,95.55,False
a1feea,United States,223.31,False
a7a0c8,United States,65.22,False
846d80,Japan,228.96,False
70c124,Oman,240.21,False
7c39f7,Australia,125.4,False
70c126,Oman,233.87,False
c060ca,Canada,129.39,False
a27567,United States,124.05,False
a27569,United States,45.81,False
abed37,United States,39.1,True
a64578,United States,262.32,False
aa7bf1,United States,65.85,False
3a21e5,France,130.17,False
a9084d,United States,232.17,False
abfee0,United States,224.99,False
c00c54,Canada,7.46,True
ac0bc4,United States,199.47,False
a4f260,United States,44.1,False
7c1474,Australia,6.17,True
78247b,China,201.38,False
ad2baa,United States,249.6,False
7c1470,Australia,0.0,True
a76552,United States,12.35,True
a3d289,United States,51.08,False
a32bfe,United States,180.06,False
a8e830,United States,242.96,False
ac6243,United States,237.6,False
ac7566,United States,244.19,False
c060b4,Canada,101.14,False
c060b3,Canada,199.37,False
c060b2,Canada,83.53,False
a81bcc,United States,249.48,False
abebbe,United States,222.04,False
c060b1,Canada,187.78,False
781170,China,212.03,False
a2c56d,United States,8.23,True
c086ee,Canada,206.14,False
78116c,China,176.46,False
a44be5,United States,4.37,True
77044e,Sri Lanka,154.49,False
7c6deb,Australia,105.58,False
7c6dea,Australia,244.67,False
a7c878,United States,174.71,False
896f9c,United Arab Emirates,0.51,False
a4f26b,United States,170.93,False
770453,Sri Lanka,0.0,True
ac756c,United States,7.2,True
a7fbb3,United States,248.43,False
7c6dec,Australia,208.26,False
a7650b,United States,235.43,False
3a4913,France,49.84,False
aa352b,United States,27.27,False
a20d0e,United States,157.59,False
ac6266,United States,0.0,True
7c0196,Australia,50.68,False
acb244,United States,164.57,False
ac757e,United States,44.86,False
c8029f,New Zealand,36.01,False
ade548,United States,0.51,True
ade541,United States,54.37,False
a3e55a,United States,152.83,False
aa3527,United States,38.45,False
c827a6,New Zealand,224.15,False
ac758a,United States,7.2,True
ae4bbb,United States,63.96,False
a287a4,United States,230.49,False
add249,United States,42.26,False
a6eed5,United States,210.99,False
a7c849,United States,228.35,False
a5255a,United States,189.68,False
ac6283,United States,38.03,False
ac6289,United States,232.43,False
c827b1,New Zealand,244.36,False
a4f229,United States,98.3,False
a4f22e,United States,11.83,True
a5123a,United States,121.66,False
a6eec9,United States,216.12,False
758794,Philippines,0.51,True
a6a84a,United States,56.03,False
a3828a,United States,213.07,False
a2c4b6,United States,76.14,False
a394aa,United States,60.21,False
86787c,Japan,230.29,False
a32d40,United States,78.48,False
7c6da0,Australia,249.62,False
a44d1c,United States,238.4,False
abec9b,United States,130.25,False
c0617d,Canada,214.43,False
c0617a,Canada,176.23,False
a06a5a,United States,130.5,False
a56d29,United States,5.4,True
c06178,Canada,199.3,False
c06179,Canada,283.61,False
c06173,Canada,172.45,False
c06175,Canada,252.01,False
880845,Thailand,230.05,False
a68d02,United States,260.23,False
c0616e,Canada,227.21,False
a1b7cd,United States,144.8,False
86789e,Japan,253.92,False
a777b8,United States,8.23,True
70c0ee,Oman,244.21,False
a19d59,United States,152.37,False
a657bf,United States,223.7,False
a524b2,United States,1.03,True
a3f7f6,United States,35.21,False
a68d19,United States,50.85,False
a99269,United States,84.78,False
c827f0,New Zealand,75.24,False
c827f1,New Zealand,75.65,False
c0619b,Canada,195.29,False
c0619d,Canada,3.86,True
7586ca,Philippines,239.56,False
c06197,Canada,188.62,False
a3e4d2,United States,56.38,False
a19d68,United States,50.94,False
7609e5,Pakistan,183.79,False
3a490b,France,73.13,False
a5bd0b,United States,221.58,False
c0618e,Canada,9.26,True
a55a0c,United States,221.35,False
70c0f6,Oman,77.48,False
70c0f7,Oman,247.49,False
ab6851,United States,234.17,False
c0618c,Canada,264.7,False
a537ed,United States,195.71,False
7c6de2,Australia,260.48,False
781103,China,4.89,True
a31a57,United States,0.39,True
7c6de8,Australia,76.48,False
7c6de3,Australia,133.77,False
a2b1ab,United States,190.38,False
7c6dde,Australia,204.99,False
76d10a,Singapore,247.05,False
7c6ddb,Australia,178.18,False
7c6dd9,Australia,251.81,False
7c6dd7,Australia,212.68,False
7c6dd4,Australia,0.0,True
78110f,China,235.17,False
78110b,China,240.52,False
a2c4e0,United States,234.15,False
846bd8,Japan,70.94,False
a1ed77,United States,30.58,False
a31a34,United States,244.57,False
a1a4f8,United States,9.44,False
7609b9,Pakistan,242.03,False
781130,China,121.03,False
a3f7b8,United States,223.15,False
7609b0,Pakistan,134.17,False
7c6dbb,Australia,201.78,False
7c6dba,Australia,103.12,False
c06156,Canada,154.17,False
781134,China,242.93,False
84ceef,Japan,0.0,True
782464,China,247.57,False
7c6db7,Australia,179.22,False
7c6db6,Australia,257.42,False
7c6db5,Australia,0.9,True
7c6db4,Australia,226.78,False
7c6db3,Australia,259.9,False
a141f6,United States,246.71,False
ac6204,United States,174.91,False
aa7bea,United States,244.42,False
7c6db9,Australia,155.2,False
7c6db8,Australia,72.94,False
acd838,United States,7.72,True
a261c9,United States,18.56,False
a4f1d8,United States,118.24,False
4baa43,Turkey,218.02,False
c812df,New Zealand,20.74,False
a0360e,United States,80.49,False
c0766e,Canada,150.43,False
ae4e54,United States,27.01,False
e49764,Brazil,242.31,False
a907ce,United States,171.42,False
c812e3,New Zealand,40.13,False
c05004,Canada,249.03,False
a31a7b,United States,291.5,False
a2fa6a,United States,232.78,False
c05007,Canada,1.54,True
aa22e6,United States,241.91,False
c05001,Canada,128.56,False
4baa50,Turkey,1517.12,False
a21fa1,United States,1.03,True
ac75fa,United States,245.7,False
4baa4b,Turkey,246.44,False
ac75ee,United States,244.74,False
758806,Philippines,0.0,True
a93d4e,United States,168.23,False
a4f1e5,United States,0.0,True
aabb6d,United States,37.59,False
acb2c2,United States,71.93,False
c06366,Canada,170.19,False
c05030,Canada,160.2,False
add2b0,United States,234.48,False
c06362,Canada,11.32,True
7c4a4f,Australia,226.63,False
a31a76,United States,291.38,False
c0635f,Canada,125.33,False
3df743,Germany,72.62,False
a28904,United States,235.89,False
c0635e,Canada,152.44,False
c0502e,Canada,242.08,False
7810ea,China,188.64,False
aa7e85,United States,45.76,False
c06358,Canada,149.16,False
7cad4c,Australia,118.75,False
aa7e79,United States,81.28,False
c0501e,Canada,221.64,False
7c4a50,Australia,249.92,False
acb2ad,United States,3.09,True
c00cfe,Canada,86.77,False
7c5d89,Australia,44.25,False
a03618,United States,186.28,False
aa7e74,United States,236.6,False
aa6b43,United States,10.8,True
7c4a57,Australia,219.03,False
7c4a54,Australia,225.13,False
a2d92a,United States,133.06,False
acfb5c,United States,34.2,False
a7fd03,United States,32.72,False
a02330,United States,57.03,False
abdb6b,United States,232.81,False
a9e298,United States,51.17,False
a2d930,United States,27.78,False
a21fbb,United States,251.94,False
a68d38,United States,226.66,False
a7c7a2,United States,272.54,False
add2ad,United States,237.6,False
70c0fd,Oman,253.08,False
ad82e1,United States,43.19,False
a524e1,United States,244.04,False
a1697c,United States,79.87,False
a657f4,United States,240.0,False
a4190b,United States,42.79,False
acc5fb,United States,1.03,True
aa7e56,United States,6.69,True
a39608,United States,111.2,False
4868f7,Kingdom of the Netherlands,11.32,True
a19cc7,United States,10.29,True
a7c7d2,United States,0.0,True
4baa65,Turkey,228.42,False
aa7e3a,United States,228.12,False
3a3480,France,206.5,False
400776,United Kingdom,285.51,False
a28947,United States,240.6,False
aa7e2e,United States,180.98,False
c01ff2,Canada,127.67,False
a56d7b,United States,120.42,False
ab5719,United States,50.2,False
400771,United Kingdom,255.98,False
a07cc7,United States,147.54,False
4baa6f,Turkey,373.03,False
4baa6a,Turkey,252.74,False
a5aa1c,United States,220.66,False
a3d302,United States,206.07,False
ab9e12,United States,249.71,False
a4afbe,United States,5.4,True
ac5099,United States,6.22,False
a2b310,United States,54.99,False
a5cfa5,United States,260.67,False
7c4a05,Australia,145.31,False
a19cf6,United States,98.08,False
4ca911,Ireland,150.1,False
aa371b,United States,39.95,False
add376,United States,262.61,False
ab68d0,United States,131.06,False
a7ea86,United States,7.2,True
a3962d,United States,230.97,False
a1435d,United States,152.1,False
a53975,United States,149.61,False
0acbb0,Colombia,0.0,True
a2c635,United States,240.69,False
a80a97,United States,207.89,False
ab9e27,United States,153.05,False
ac508b,United States,237.07,False
a69faa,United States,58.13,False
46f09e,Greece,13.89,True
abb8a0,United States,245.32,False
c82757,New Zealand,248.6,False
a3d326,United States,0.51,True
a68ca6,United States,192.41,False
a1a63d,United States,222.39,False
a1fff2,United States,178.82,False
845b9c,Japan,243.24,False
a6594f,United States,141.37,False
c08934,Canada,0.0,True
ac75a5,United States,222.25,False
495065,Portugal,244.16,False
a1699a,United States,271.44,False
a1433a,United States,242.27,False
abb8c4,United States,225.39,False
a01037,United States,192.34,False
a52661,United States,54.14,False
a38367,United States,224.96,False
7cad48,Australia,0.0,True
46f078,Greece,7.72,True
7cad47,Australia,198.49,False
46f075,Greece,7.2,True
7cad49,Australia,202.46,False
46f076,Greece,8.75,True
7cad40,Australia,8.75,True
7823c5,China,224.47,False
46f06a,Greece,13.38,True
a93d7c,United States,97.24,False
a871d4,United States,153.51,False
7cad42,Australia,64.21,False
a13060,United States,255.54,False
7cad41,Australia,178.07,False
c061f8,Canada,61.05,False
7c01c2,Australia,123.49,False
ac75b0,United States,131.39,False
46f06b,Greece,6.43,True
a8d4f6,United States,248.22,False
a7b4ea,United States,232.01,False
a44cda,United States,161.99,False
a1a697,United States,215.77,False
a1ecff,United States,172.21,False
aa6b9f,United States,280.38,False
a7ea41,United States,60.29,False
ae4e04,United States,27.11,False
a44cca,United States,0.0,True
4ca960,Ireland,251.47,False
a4065c,United States,67.98,False
7c4a32,Australia,71.98,False
7810b1,China,174.01,False
7c4a0c,Australia,55.92,False
a6ca7f,United States,225.9,False
ab55f1,United States,67.95,False
3a46b4,France,53.82,False
7cad22,Australia,0.0,True
a4afa0,United States,57.84,False
45d066,Denmark,215.9,False
48436c,Kingdom of the Netherlands,267.29,False
48436e,Kingdom of the Netherlands,213.74,False
a8d4d2,United States,281.41,False
7c14d0,Australia,42.91,False
a7a1e8,United States,199.08,False
a40654,United States,218.43,False
a8d4cc,United States,198.59,False
acc5a5,United States,254.67,False
a4196d,United States,90.02,False
a3965c,United States,149.54,False
a2b320,United States,145.7,False
484371,Kingdom of the Netherlands,274.24,False
484370,Kingdom of the Netherlands,284.22,False
a14380,United States,251.72,False
a0239f,United States,85.04,False
758827,Philippines,236.55,False
a68cfd,United States,5.4,True
4ca86e,Ireland,2.83,True
e495d8,Brazil,146.26,False
a76683,United States,260.62,False
4005c1,United Kingdom,236.47,False
4005c0,United Kingdom,272.38,False
a75359,United States,0.9,True
ad9646,United States,220.76,False
a7798c,United States,77.74,False
77058d,Sri Lanka,242.23,False
abece7,United States,245.84,False
4005b9,United Kingdom,138.6,False
a168c4,United States,53.98,False
c061a2,Canada,89.11,False
a8996b,United States,177.1,False
ac0cf8,United States,91.69,False
aa234a,United States,216.08,False
ac899c,United States,57.31,False
e495cf,Brazil,220.69,False
770590,Sri Lanka,268.14,False
a048b6,United States,85.11,False
a07e04,United States,19.56,False
aa3681,United States,35.66,False
e495b2,Brazil,225.21,False
ac6364,United States,241.93,False
ab4383,United States,234.47,False
770588,Sri Lanka,242.44,False
a8d635,United States,241.96,False
aa365b,United States,40.06,False
781298,China,226.75,False
ab437a,United States,184.63,False
ac5041,United States,94.59,False
a3969c,United States,25.21,False
a7668a,United States,245.48,False
ae5fea,United States,2.31,False
a1ee31,United States,175.23,False
78129d,China,201.63,False
a7c943,United States,122.86,False
a418b2,United States,155.33,False
ac769b,United States,236.94,False
a5399b,United States,50.12,False
ac5066,United States,213.43,False
7c029b,Australia,52.36,False
e482c5,Brazil,228.41,False
aa8fe2,United States,30.26,False
a64679,United States,188.82,False
a4f347,United States,203.35,False
a51362,United States,34.98,False
e495db,Brazil,110.3,False
a1b8c5,United States,48.39,False
4ca894,Ireland,127.9,False
aca02f,United States,195.55,False
a5bcda,United States,169.59,False
4005be,United Kingdom,128.45,False
aa4953,United States,274.87,False
a07e67,United States,58.03,False
a5be12,United States,3.34,True
a022ee,United States,93.2,False
a262ad,United States,39.1,True
add1e5,United States,83.06,False
e48396,Brazil,221.19,False
0d09ec,Mexico,249.88,False
a20e71,United States,66.88,False
a262d4,United States,188.24,False
a1a5cf,United States,135.94,False
a1ee64,United States,44.05,False
a1db33,United States,51.68,False
a395d5,United States,141.42,False
a645a8,United States,232.37,False
a418e0,United States,230.73,False
4bbd03,Turkey,245.92,False
a8609f,United States,0.0,True
a8609a,United States,125.88,False
a9f67d,United States,211.7,False
abb930,United States,125.03,False
a3e5e0,United States,123.94,False
a98051,United States,242.39,False
a68e39,United States,63.31,False
a44e24,United States,0.0,True
a9e357,United States,50.72,False
a418bf,United States,231.82,False
a06b79,United States,68.25,False
a3e5ea,United States,42.2,False
3a2219,France,56.11,False
781223,China,193.96,False
ac761e,United States,241.31,False
a538a7,United States,71.49,False
a2b2da,United States,226.36,False
a99364,United States,50.07,False
a3f8b5,United States,65.75,False
4baa08,Turkey,231.85,False
a2b2e1,United States,230.29,False
ac0cab,United States,273.01,False
a98046,United States,67.63,False
4baa0a,Turkey,218.02,False
7587d5,Philippines,2.31,True
abb94f,United States,258.56,False
a1ee9b,United States,51.68,False
ac763e,United States,223.72,False
76d253,Singapore,218.68,False
aa1066,United States,199.05,False
76d255,Singapore,161.88,False
872fe4,Japan,234.06,False
a1db63,United States,44.73,False
76d254,Singapore,96.95,False
ad3fd6,United States,195.14,False
a8c32a,United States,0.0,True
ad9642,United States,253.78,False
a538d7,United States,33.59,False
4ca7b6,Ireland,6.94,True
a2c5e3,United States,2.57,True
ad3fde,United States,238.85,False
0d09e5,Mexico,245.04,False
ab566a,United States,59.87,False
a9f64b,United States,178.79,False
86796c,Japan,178.7,False
a9f655,United States,118.91,False
ac8985,United States,213.9,False
a2fb32,United States,226.67,False
a1ea70,United States,242.07,False
c01cae,Canada,209.43,False
ac1e57,United States,79.86,False
a414ea,United States,48.19,False
a774b7,United States,248.31,False
a0ca85,United States,52.52,False
88816e,Viet Nam,8.23,True
a19a7c,United States,3.86,True
abb5bf,United States,2.31,True
5084a6,Ukraine,1211.24,False
a654cb,United States,225.46,False
888176,Viet Nam,243.68,False
ab9b49,United States,187.79,False
888175,Viet Nam,135.04,False
c824fe,New Zealand,55.54,False
a33d88,United States,53.65,False
a0a900,United States,65.28,False
a414e8,United States,4.12,True
abb5c9,United States,198.97,False
a04608,United States,50.58,False
abb5c3,United States,166.15,False
a82d14,United States,219.68,False
a6b7ec,United States,161.97,False
abeb31,United States,206.87,False
4ca6c4,Ireland,5.4,True
5084d2,Ukraine,242.02,False
5084d1,Ukraine,246.04,False
ab9b54,United States,192.08,False
ac85ce,United States,227.61,False
a414d2,United States,67.78,False
a7d7d6,United States,48.04,False
a2d4d6,United States,56.11,False
a33d68,United States,245.63,False
c02fed,Canada,238.86,False
e4962d,Brazil,202.39,False
e4962e,Brazil,186.06,False
a654f9,United States,32.02,False
a05910,United States,197.37,False
aacb60,United States,80.02,False
a4ad7f,United States,141.09,False
a6ed49,United States,14.92,True
abb5e2,United States,116.6,False
a05918,United States,82.61,False
a5cd5e,United States,162.64,False
aa7b10,United States,0.0,True
abb5e6,United States,207.91,False
abb5e7,United States,147.5,False
ac0b50,United States,240.02,False
888141,Viet Nam,221.99,False
a4ad27,United States,230.47,False
a03304,United States,38.56,False
a04635,United States,215.12,False
88812a,Viet Nam,218.86,False
a8d27e,United States,230.29,False
ac0b61,United States,1.54,True
a0595d,United States,47.47,False
aa8e1b,United States,262.84,False
a57d42,United States,232.94,False
88811c,Viet Nam,167.69,False
a44a6d,United States,191.52,False
49d5ef,Czech Republic,230.58,False
abeb57,United States,237.6,False
ac72e4,United States,229.88,False
02a197,Tunisia,188.18,False
c08620,Canada,83.87,False
a2c1ec,United States,7.72,True
a56a18,United States,232.73,False
ae4b4a,United States,75.81,False
ad2b61,United States,176.72,False
ade2b8,United States,227.81,False
a57d52,United States,184.23,False
ac72f0,United States,229.53,False
ac0b80,United States,279.31,False
c02fd5,Canada,152.27,False
a4ad54,United States,38.6,False
a414fb,United States,0.0,True
a0a91f,United States,197.17,False
a667e8,United States,255.15,False
ac0b7f,United States,97.76,False
a0a96c,United States,187.91,False
a81a76,United States,82.83,False
acb045,United States,24.83,False
7cae0b,Australia,72.15,False
a30961,United States,201.27,False
a7c4fd,United States,91.18,False
a2861c,United States,61.32,False
86ec40,Japan,6.94,True
4ca806,Ireland,5.4,True
a1b61c,United States,46.94,False
4ca802,Ireland,233.16,False
a3f621,United States,232.68,False
7cae08,Australia,0.0,True
a15309,United States,130.77,False
7cae03,Australia,224.26,False
ac6089,United States,222.11,False
8880a3,Viet Nam,245.55,False
a03329,United States,84.2,False
e494ff,Brazil,200.78,False
a2992f,United States,220.02,False
a03332,United States,117.67,False
a81a81,United States,0.0,True
7811a2,China,237.29,False
a7fa70,United States,228.32,False
a04669,United States,145.38,False
7c28bb,Australia,54.96,False
a0efca,United States,55.8,False
ae036c,United States,162.15,False
a68a66,United States,85.1,False
7cae62,Australia,149.75,False
a6ed61,United States,0.0,True
aaa8d0,United States,0.06,True
a7d7f3,United States,206.65,False
a03399,United States,233.61,False
a40312,United States,221.01,False
a56a94,United States,61.01,False
ac98ac,United States,184.47,False
a26025,United States,200.07,False
733682,Islamic Republic of Iran,246.44,False
aa7b78,United States,0.0,True
a82d7a,United States,43.61,False
4ca80c,Ireland,200.64,False
485344,Kingdom of the Netherlands,480.76,False
706065,Kuwait,202.11,False
485342,Kingdom of the Netherlands,245.17,False
a6ed7f,United States,286.21,False
845c86,Japan,137.65,False
a82d82,United States,167.33,False
abfe12,United States,227.67,False
a68a95,United States,202.03,False
c01d7e,Canada,272.72,False
a5490e,United States,136.49,False
abfe1c,United States,231.75,False
a29982,United States,34.2,False
706076,Kuwait,244.04,False
a894f2,United States,233.59,False
a2d61f,United States,33.83,False
0ca200,Antigua and Barbuda,165.89,False
a21ce0,United States,236.81,False
ad08bd,United States,117.33,False
a27326,United States,146.06,False
845c8d,Japan,7.72,True
a8e4b9,United States,191.49,False
a68a7e,United States,79.76,False
706072,Kuwait,250.42,False
706073,Kuwait,252.13,False
a1fcc5,United States,280.61,False
ac1e2d,United States,237.38,False
70605b,Kuwait,260.31,False
7c15e1,Australia,63.01,False
8520c0,Japan,102.39,False
70605e,Kuwait,261.82,False
abb5a3,United States,187.52,False
aaa96f,United States,278.26,False
4bcde9,Turkey,317.72,False
a95fbe,United States,199.97,False
4bcde6,Turkey,252.46,False
7335b5,Islamic Republic of Iran,257.17,False
a8e60e,United States,70.66,False
4bcdf0,Turkey,255.97,False
c01d2d,Canada,182.29,False
a2c35b,United States,225.54,False
c8001a,New Zealand,29.48,False
a95fd7,United States,45.84,False
486648,Kingdom of the Netherlands,81.63,False
ac2fea,United States,228.52,False
a27380,United States,231.72,False
a2605b,United States,258.08,False
abfcb6,United States,238.64,False
a7c618,United States,72.8,False
a77645,United States,204.86,False
ac1cc2,United States,139.87,False
4bcdba,Turkey,234.9,False
aa463b,United States,81.14,False
aba30b,United States,235.44,False
4ca738,Ireland,229.86,False
a75013,United States,116.32,False
a2869c,United States,209.86,False
abb63a,United States,46.11,False
a2869f,United States,0.0,True
a88314,United States,7.99,False
aa8cb2,United States,188.68,False
a02088,United States,200.51,False
4bcdd6,Turkey,507.57,False
4bcde5,Turkey,246.46,False
4bcde4,Turkey,187.57,False
ac6004,United States,35.21,False
ace965,United States,222.65,False
c084c2,Canada,9.26,True
c00a0d,Canada,268.98,False
c01d3c,Canada,167.67,False
ab5365,United States,239.28,False
4bcdce,Turkey,238.95,False
7c168a,Australia,1.29,False
aa594a,United States,223.73,False
a2608a,United States,51.37,False
7cf072,Australia,3.09,True
aa9fbb,United States,237.72,False
a26096,United States,60.89,False
a78945,United States,150.02,False
ac733b,United States,0.0,True
a5363e,United States,218.9,False
ace96a,United States,199.19,False
ad3cdf,United States,273.21,False
a64305,United States,233.31,False
a045bc,United States,55.91,False
a95fa4,United States,43.04,False
a6ffc3,United States,65.85,False
a3e32a,United States,122.44,False
abb699,United States,43.22,False
a69cb2,United States,124.88,False
a14096,United States,185.08,False
e494bc,Brazil,213.25,False
a3f671,United States,51.97,False
a178ae,United States,209.46,False
ab538b,United States,0.0,True
449683,Belgium,227.73,False
acd675,United States,87.67,False
a08e1e,United States,223.7,False
abb68c,United States,261.22,False
a8d360,United States,182.73,False
ac71ef,United States,174.49,False
ac0a6c,United States,243.69,False
abfd8c,United States,249.43,False
7c1648,Australia,60.31,False
a08e82,United States,0.0,True
ae01d2,United States,216.73,False
a7506a,United States,180.58,False
a9903a,United States,244.43,False
acd4f6,United States,36.03,False
a4ae10,United States,0.0,True
a6308b,United States,26.44,False
a19b49,United States,158.79,False
7705c5,Sri Lanka,243.43,False
a19b2f,United States,122.39,False
a178de,United States,135.82,False
781325,China,190.85,False
aaa90c,United States,254.0,False
acc1eb,United States,236.67,False
ade1e4,United States,220.1,False
ab0fa7,United States,5.4,True
acc1ee,United States,167.64,False
4851f7,Kingdom of the Netherlands,285.34,False
780005,China,255.95,False
a33e08,United States,130.68,False
a8c028,United States,87.72,False
ad91f2,United States,56.09,False
4a29f9,Romania,241.21,False
a7a04c,United States,81.76,False
78132d,China,244.95,False
7c1617,Australia,4.89,True
a9069e,United States,52.17,False
ab792a,United States,3.86,True
c0727d,Canada,68.12,False
a8e67b,United States,49.62,False
a0a8df,United States,276.44,False
781348,China,255.23,False
a0cb68,United States,88.15,False
ad0919,United States,219.09,False
78133d,China,211.72,False
ac2fa4,United States,211.46,False
a3d074,United States,258.87,False
ab6620,United States,61.16,False
a8c006,United States,228.43,False
14fa2b,Russian Federation,248.99,False
abb601,United States,137.15,False
abc91f,United States,281.41,False
ade1e9,United States,70.18,False
a33e5e,United States,119.88,False
840142,Japan,109.64,False
abc948,United States,257.45,False
abc949,United States,83.61,False
780034,China,205.38,False
a5106e,United States,196.26,False
7c164f,Australia,0.06,True
ab0fdc,United States,58.03,False
78135e,China,186.23,False
a91986,United States,69.86,False
c01bf7,Canada,166.12,False
aa466f,United States,2.31,True
a298ff,United States,50.42,False
a9afbe,United States,53.98,False
a1a2a2,United States,261.79,False
781383,China,102.59,False
a7a010,United States,56.27,False
ac0c41,United States,1.03,True
4853d0,Kingdom of the Netherlands,197.42,False
7cf0ce,Australia,0.64,False
a6b8ea,United States,177.09,False
4866ee,Kingdom of the Netherlands,6.69,True
a895b0,United States,189.86,False
adf6a1,United States,51.35,False
7cf0d5,Australia,4.63,True
a69e69,United States,43.48,False
a535ff,United States,64.01,False
e49525,Brazil,214.59,False
a33e9c,United States,6.77,False
706130,Kuwait,226.85,False
706131,Kuwait,250.88,False
e4952b,Brazil,232.97,False
706134,Kuwait,248.75,False
ab53e4,United States,206.95,False
e4952d,Brazil,140.75,False
c01dcb,Canada,235.25,False
a7d8bf,United States,65.34,False
7cf0c6,Australia,4.63,True
a6ee47,United States,239.34,False
a392f2,United States,247.15,False
a44b56,United States,250.37,False
4bce42,Turkey,237.16,False
acc3b4,United States,213.83,False
a642cd,United States,201.37,False
ac0c64,United States,241.56,False
a7fb29,United States,68.84,False
ab53f1,United States,193.85,False
a70e86,United States,190.41,False
c0611f,Canada,163.31,False
a70e7a,United States,4.37,True
3c1baf,Germany,189.35,False
3c1bad,Germany,68.44,False
a8c08e,United States,62.66,False
4bce47,Turkey,214.21,False
70612e,Kuwait,240.56,False
ac73e9,United States,143.12,False
4bbb21,Turkey,234.12,False
42450d,United Kingdom,186.29,False
a1a2e0,United States,112.09,False
aa7c2d,United States,104.74,False
aba3d8,United States,52.24,False
501c2d,Croatia,204.69,False
aa46cb,United States,234.62,False
aa46ca,United States,87.46,False
abec4d,United States,251.24,False
abff87,United States,218.27,False
ab40ce,United States,67.42,False
aa8f62,United States,46.21,False
a0340e,United States,123.78,False
aa7c1b,United States,0.0,True
a535be,United States,242.72,False
a9907b,United States,125.79,False
aa8f51,United States,80.87,False
501c55,Croatia,0.0,True
ad3f9a,United States,42.2,False
ab40f0,United States,1.8,True
a9e071,United States,36.12,False
a08dd7,United States,49.43,False
ab40f8,United States,149.9,False
ac0c8b,United States,74.38,False
48ea3b,Poland,0.0,True
aba3f7,United States,46.01,False
abec6c,United States,80.77,False
a03438,United States,157.57,False
acb0c9,United States,243.92,False
a5bb16,United States,233.87,False
c01dac,Canada,107.0,False
ac60e8,United States,44.39,False
acb0b9,United States,227.81,False
a788d3,United States,209.43,False
acb0b6,United States,226.97,False
ac60ef,United States,188.08,False
a655d5,United States,146.57,False
acb0c2,United States,43.02,False
c00b9e,Canada,188.55,False
c00b9d,Canada,196.75,False
a1fdc9,United States,50.94,False
ad815e,United States,51.14,False
ade472,United States,45.46,False
a0ddd7,United States,38.56,False
c00b8a,Canada,238.27,False
e480f9,Brazil,74.9,False
388381,France,2.06,False
a882f8,United States,232.08,False
86da1e,Japan,254.54,False
7caf1a,Australia,104.47,False
adf792,United States,80.56,False
a3e416,United States,66.09,False
a15427,United States,0.0,True
c82513,New Zealand,76.35,False
a2d710,United States,153.31,False
8881ab,Viet Nam,227.96,False
ab79cc,United States,102.83,False
4243fa,United Kingdom,286.54,False
c87ec2,New Zealand,2.57,True
a9f2c6,United States,2.57,True
ab79e3,United States,262.1,False
7c29da,Australia,212.52,False
399043,France,232.65,False
ab79de,United States,129.58,False
a2b10c,United States,229.2,False
4bcda9,Turkey,214.71,False
4bcda6,Turkey,0.06,True
4bcda5,Turkey,243.44,False
074045,Seychelles,173.84,False
4bcda4,Turkey,250.8,False
845d88,Japan,231.77,False
4bcda2,Turkey,214.03,False
a2b112,United States,262.53,False
7caf6e,Australia,0.0,True
a15486,United States,116.23,False
732464,Islamic Republic of Iran,210.59,False
4bcdaa,Turkey,239.47,False
a40434,United States,49.74,False
a762d3,United States,153.34,False
ac1f44,United States,193.81,False
4bcdb6,Turkey,141.5,False
a2b110,United States,277.93,False
a762cc,United States,237.79,False
a32ac6,United States,243.88,False
7caf5f,Australia,178.02,False
7caf5e,Australia,167.35,False
c00b7d,Canada,7.2,True
abb6b5,United States,252.54,False
a1a435,United States,212.23,False
ad2c19,United States,224.02,False
abff3c,United States,211.02,False
a6ee8e,United States,242.31,False
4bcda1,Turkey,69.63,False
c00b86,Canada,44.09,False
ae5f15,United States,110.85,False
4ca700,Ireland,218.88,False
4bccba,Turkey,235.71,False
ac741c,United States,268.6,False
a7c73b,United States,24.4,False
a7b40e,United States,0.0,True
a2b156,United States,226.78,False
aa477b,United States,188.16,False
aa7abd,United States,212.34,False
c87efe,New Zealand,0.0,True
c87efd,New Zealand,0.0,True
abfdaf,United States,232.59,False
c085aa,Canada,51.95,False
a64462,United States,44.76,False
a6a757,United States,77.07,False
a2b150,United States,216.31,False
8880ed,Viet Nam,236.81,False
a6a751,United States,75.11,False
ad3dba,United States,159.62,False
a2b151,United States,245.83,False
abfdd1,United States,83.34,False
a68ad4,United States,124.7,False
780190,China,251.44,False
a2b12d,United States,225.69,False
aacad4,United States,234.71,False
78018d,China,229.87,False
4bcca9,Turkey,1.03,False
a82df6,United States,257.36,False
a2b136,United States,253.56,False
a2b135,United States,227.77,False
ac8777,United States,195.02,False
405f12,United Kingdom,230.12,False
ac6118,United States,130.68,False
a2c467,United States,45.93,False
a2615e,United States,241.67,False
aa7aa6,United States,231.97,False
a5248d,United States,187.42,False
a6ede5,United States,181.6,False
4ca61d,Ireland,225.46,False
a81ab4,United States,46.41,False
a2b130,United States,247.45,False
7c0488,Australia,241.13,False
a26165,United States,47.87,False
c085e6,Canada,0.0,True
a5bae5,United States,41.98,False
4ca621,Ireland,99.08,False
7c29d5,Australia,78.92,False
47340e,Hungary,237.91,False
c01e11,Canada,0.06,True
c01e10,Canada,193.61,False
a0cc06,United States,243.18,False
aa3417,United States,160.75,False
a0df1e,United States,51.14,False
ac878c,United States,245.33,False
a0a9f6,United States,217.62,False
7c29c7,Australia,49.66,False
8880ab,Viet Nam,214.06,False
a2b198,United States,121.72,False
a2b196,United States,217.66,False
a033ae,United States,231.89,False
a77721,United States,209.84,False
a3d10f,United States,62.66,False
7c29d0,Australia,79.43,False
a3d122,United States,95.65,False
a046f2,United States,243.97,False
a5376f,United States,92.18,False
a059e3,United States,238.39,False
a046b6,United States,184.16,False
a4f110,United States,28.37,False
ac747c,United States,49.26,False
a53785,United States,59.09,False
a0a9ac,United States,139.26,False
a6eda1,United States,257.15,False
ab417a,United States,236.57,False
a2b176,United States,0.0,True
7813a3,China,195.6,False
a44aee,United States,55.54,False
c01e1f,Canada,236.64,False
e4814a,Brazil,226.04,False
a87179,United States,56.0,False
a9f461,United States,34.47,True
a32c1e,United States,0.0,True
a4f19e,United States,0.51,False
888217,Viet Nam,232.81,False
a5cf19,United States,224.55,False
a033f9,United States,113.65,False
888211,Viet Nam,187.73,False
a140a7,United States,77.59,False
a8847f,United States,254.23,False
a4af1d,United States,68.19,False
78142f,China,215.23,False
a2d6a2,United States,66.37,False
c837be,New Zealand,38.1,False
a56c19,United States,223.66,False
a87199,United States,218.33,False
a57f42,United States,226.7,False
a45f0b,United States,46.53,False
aa59a5,United States,6.69,True
abeb9f,United States,222.62,False
a6b9c1,United States,237.6,False
7c1745,Australia,68.01,False
e48135,Brazil,236.03,False
aa2184,United States,264.0,False
a309cc,United States,213.77,False
a3f6e5,United States,28.83,False
c06080,Canada,158.2,False
a21f57,United States,0.0,True
e49476,Brazil,230.34,False
a8d46a,United States,231.77,False
e4818a,Brazil,237.44,False
ac870e,United States,65.99,False
4bce0e,Turkey,238.67,False
a403c6,United States,201.39,False
a9f424,United States,262.85,False
e48198,Brazil,71.02,False
e48199,Brazil,205.5,False
aa348b,United States,50.2,False
781478,China,121.88,False
a7778b,United States,46.78,False
a1a3cc,United States,236.66,False
a8c121,United States,209.36,False
aa7aeb,United States,223.22,False
a8d44e,United States,45.81,False
7c045d,Australia,0.0,True
7cadd5,Australia,26.75,True
a45f64,United States,181.51,False
a45f59,United States,229.88,False
ab674b,United States,222.73,False
e48175,Brazil,130.17,False
a32c3e,United States,237.36,False
4bce04,Turkey,242.45,False
4bce03,Turkey,237.97,False
4bce01,Turkey,226.24,False
a153de,United States,216.84,False
a2d6d8,United States,274.02,False
ac1dbc,United States,68.51,False
a140d7,United States,59.48,False
a8712a,United States,176.02,False
a2d6ba,United States,78.82,False
4bce19,Turkey,224.55,False
a669a8,United States,221.02,False
a7a133,United States,112.88,False
aab273,United States,42.3,False
a099fc,United States,52.14,False
a086ce,United States,4.37,True
a67160,United States,196.34,False
abd254,United States,239.98,False
ad2573,United States,265.19,False
4d0102,Luxembourg,99.89,False
4d0101,Luxembourg,95.22,False
4d0103,Luxembourg,265.95,False
a6e792,United States,80.25,False
a2af04,United States,49.01,False
ad6bdc,United States,236.89,False
a97ae6,United States,253.15,False
a92145,United States,247.83,False
a6717a,United States,80.31,False
abd26b,United States,198.87,False
a13f1c,United States,52.6,False
a50f24,United States,139.57,False
a25f02,United States,41.92,False
a01f56,United States,91.33,False
872841,Japan,88.04,False
a3117c,United States,275.48,False
a12c04,United States,252.01,False
a6977a,United States,35.6,False
a6e767,United States,165.05,False
8940bf,Bahrain,235.46,False
a060ae,United States,181.19,False
ad127d,United States,0.0,True
4075b3,United Kingdom,264.97,False
780e22,China,182.23,False
8940ce,Bahrain,9.77,True
4075b4,United Kingdom,279.39,False
8940cb,Bahrain,146.4,False
a00c80,United States,234.99,False
4d0131,Luxembourg,270.52,False
ad1284,United States,248.02,False
a0d6fb,United States,237.16,False
a56485,United States,48.46,False
a00c7a,United States,132.43,False
a00c7e,United States,186.08,False
388c21,France,1.03,False
a70778,United States,150.84,False
a73ab6,United States,103.2,False
4d0112,Luxembourg,243.75,False
c05f8f,Canada,171.32,False
ac17b0,United States,135.6,False
a86df4,United States,30.94,False
7c79ba,Australia,42.48,False
4d0118,Luxembourg,255.73,False
a6c120,United States,234.59,False
ad129d,United States,52.02,False
a12c39,United States,187.06,False
a7912a,United States,245.09,False
780e3c,China,244.42,False
780e3b,China,249.75,False
400e14,United Kingdom,0.0,True
846538,Japan,230.87,False
a0c3b6,United States,248.47,False
4d010b,Luxembourg,0.77,False
a203a9,United States,256.4,False
a00c5c,United States,214.96,False
aa7548,United States,237.32,False
c05f94,Canada,238.66,False
c05f93,Canada,215.52,False
a193aa,United States,191.88,False
a25f50,United States,92.92,False
aad7bd,United States,62.89,False
a3cf6d,United States,12.86,True
a49f87,United States,230.6,False
781ff2,China,245.06,False
abe501,United States,198.23,False
781fee,China,260.32,False
ac5eb4,United States,225.35,False
ac1846,United States,10.8,True
76cccb,Singapore,265.96,False
a323dc,United States,97.32,False
a24c77,United States,229.72,False
ab3ee5,United States,46.64,False
ab3ee2,United States,218.57,False
346183,Spain,242.51,False
40631a,United Kingdom,31.38,True
ac5ec1,United States,51.62,False
aab202,United States,267.74,False
a7e198,United States,252.41,False
a683a8,United States,154.01,False
a1d0a3,United States,216.93,False
a060cd,United States,82.19,False
7502c4,Malaysia,224.6,False
a060e2,United States,25.34,False
ac5ed9,United States,261.29,False
a336ef,United States,48.23,False
acaec8,United States,130.84,False
ab9558,United States,43.92,False
ac0543,United States,63.79,False
abd204,United States,169.9,False
a85c01,United States,206.91,False
a336f0,United States,230.51,False
ac4bb8,United States,205.67,False
40762c,United Kingdom,211.88,False
507c8e,Uzbekistan,4.15,False
84657c,Japan,152.59,False
40769a,United Kingdom,227.86,False
a430d7,United States,96.2,False
acf207,United States,236.28,False
851bdc,Japan,134.32,False
5140de,Georgia,241.14,False
a2f0d9,United States,0.06,True
7502b3,Malaysia,203.95,False
ad1218,United States,236.28,False
40768c,United Kingdom,229.44,False
40768a,United Kingdom,224.19,False
a7e158,United States,228.6,False
ac5efa,United States,220.97,False
407699,United Kingdom,284.01,False
ac4bdd,United States,218.14,False
a3cf4f,United States,5.4,True
34744c,Spain,7.72,True
a97af6,United States,126.7,False
c05f0f,Canada,199.67,False
40767a,United Kingdom,227.84,False
851bfe,Japan,230.95,False
a86f03,United States,44.19,False
407686,United Kingdom,90.42,False
abe56d,United States,249.06,False
a576d3,United States,66.03,False
a310c4,United States,34.84,False
c05f09,Canada,202.32,False
a2f0aa,United States,228.77,False
c05f04,Canada,155.9,False
40766d,United Kingdom,235.29,False
a6f9b3,United States,236.16,False
a49f89,United States,195.95,False
a19526,United States,35.29,False
8463b5,Japan,239.55,False
a33832,United States,42.5,False
a37ea4,United States,242.59,False
851c20,Japan,238.26,False
a3380f,United States,63.87,False
ab80f4,United States,292.98,False
ac4c8a,United States,242.97,False
ae56df,United States,63.3,False
a790ba,United States,138.43,False
ad7f96,United States,260.36,False
a9cc3b,United States,52.99,False
750405,Malaysia,130.13,False
ab80ef,United States,47.31,False
7c52fb,Australia,98.99,False
a933c2,United States,42.95,False
0102a9,Egypt,0.0,True
7c52ff,Australia,0.0,True
a25ea2,United States,58.25,False
a98f6a,United States,140.42,False
3a3cb2,France,131.27,False
a8ac42,United States,157.75,False
851c42,Japan,214.22,False
a21839,United States,223.87,False
a21833,United States,181.07,False
ad10e9,United States,233.99,False
aa60bb,United States,201.7,False
a0752b,United States,238.34,False
a56503,United States,45.38,False
407630,United Kingdom,215.14,False
acf0db,United States,237.39,False
407637,United Kingdom,55.31,False
a4dc79,United States,48.36,False
a670a3,United States,233.05,False
a0757f,United States,0.06,True
347518,Spain,243.25,False
a37ed3,United States,190.66,False
76cdac,Singapore,186.84,False
76cdaa,Singapore,295.72,False
76cdab,Singapore,222.58,False
aa1f97,United States,0.0,True
acf0d8,United States,1.8,True
7c6721,Australia,65.4,False
76cdc2,Singapore,191.4,False
c0174f,Canada,315.05,False
c05dd8,Canada,222.23,False
acf0e0,United States,95.34,False
a24ba7,United States,235.31,False
780dbc,China,182.61,False
a98f2d,United States,243.57,False
a37ec4,United States,230.54,False
a00bdd,United States,60.65,False
a37eb0,United States,3.6,True
a85c3e,United States,240.76,False
aa73b9,United States,197.66,False
780dd1,China,202.4,False
a97c18,United States,149.96,False
ac182b,United States,85.66,False
a826f1,United States,103.63,False
a33843,United States,238.52,False
8966f2,United Arab Emirates,245.78,False
c05da4,Canada,222.63,False
ab2c0c,United States,283.01,False
750480,Malaysia,215.45,False
c0171a,Canada,200.23,False
a44565,United States,238.41,False
a6e837,United States,0.0,True
ac5f42,United States,228.44,False
a4a888,United States,41.87,False
a5521c,United States,191.42,False
ab93a5,United States,242.31,False
8966ed,United Arab Emirates,245.91,False
8966ef,United Arab Emirates,248.22,False
8966fb,United Arab Emirates,250.56,False
780e76,China,192.95,False
8966fd,United Arab Emirates,258.87,False
aa8859,United States,209.55,False
75047d,Malaysia,163.66,False
afa15e,United States,111.89,False
ad7f18,United States,68.73,False
8940a4,Bahrain,224.13,False
c01725,Canada,269.3,False
a0c581,United States,112.97,False
a44548,United States,258.83,False
a44540,United States,262.65,False
75044b,Malaysia,225.38,False
c0173f,Canada,6.69,True
8966bd,United Arab Emirates,221.36,False
4074b2,United Kingdom,81.95,False
75044a,Malaysia,226.3,False
ac16bb,United States,76.43,False
ae56a5,United States,54.34,False
c01755,Canada,257.63,False
750457,Malaysia,188.32,False
750453,Malaysia,233.75,False
8966d5,United Arab Emirates,103.82,False
750474,Malaysia,239.96,False
ad36c8,United States,207.16,False
a45867,United States,60.19,False
c0172e,Canada,242.0,False
a69894,United States,248.27,False
a5a224,United States,62.35,False
750440,Malaysia,222.53,False
ac4c44,United States,235.89,False
a31295,United States,42.34,False
780e8e,China,188.87,False
a97c9a,United States,0.0,True
ac5f5b,United States,48.1,False
a50ec5,United States,230.46,False
0102ac,Egypt,232.46,False
750436,Malaysia,207.46,False
7c52f8,Australia,162.26,False
ad6c0e,United States,63.45,False
c04b8e,Canada,120.98,False
8966ad,United Arab Emirates,255.37,False
8966af,United Arab Emirates,228.74,False
a3126c,United States,47.18,False
75043c,Malaysia,14.4,True
a920fc,United States,90.05,False
ad6c26,United States,36.13,False
a4a83b,United States,81.36,False
a44591,United States,246.99,False
a6981a,United States,206.25,False
300816,Italy,55.2,False
a44585,United States,222.55,False
a44588,United States,244.26,False
ad23ab,United States,134.43,False
abe3c8,United States,220.76,False
851c86,Japan,232.8,False
a5b50b,United States,0.0,True
a7081f,United States,50.93,False
a55218,United States,216.51,False
4074e4,United Kingdom,270.43,False
a6e80f,United States,75.82,False
8966a8,United Arab Emirates,6.69,True
8966a9,United Arab Emirates,250.02,False
a44570,United States,0.0,True
ad23be,United States,35.44,False
479227,Norway,236.93,False
4074e2,United Kingdom,195.83,False
750420,Malaysia,219.0,False
ab2c8e,United States,224.64,False
4074e3,United Kingdom,14.92,True
afa191,United States,64.67,False
ae56d2,United States,41.98,False
a4455e,United States,225.61,False
a8abe6,United States,200.71,False
a074bc,United States,50.31,False
ae2022,United States,41.07,False
4cafc4,Ireland,220.7,False
ae201e,United States,47.29,False
a5a278,United States,168.02,False
ab7077,United States,222.39,False
4cafc2,Ireland,220.55,False
3474cb,Spain,227.6,False
abc058,United States,246.44,False
aa5078,United States,228.24,False
a9defa,United States,60.74,False
4cafcb,Ireland,95.24,False
aa638a,United States,99.85,False
a12d48,United States,229.63,False
aaa06f,United States,87.1,False
717c85,Saudi Arabia,236.98,False
a12d0c,United States,74.02,False
780f0d,China,187.93,False
780f0c,China,3.09,True
0c21a4,Panama,244.46,False
780f24,China,7.46,True
c01910,Canada,48.0,False
a2f292,United States,40.16,False
872968,Japan,73.48,False
780f1f,China,229.48,False
c03a90,Canada,93.96,False
851cec,Japan,232.47,False
0c21fd,Panama,238.14,False
a4dbef,United States,1.03,False
a5b55f,United States,0.77,True
780f2c,China,217.42,False
c004f3,Canada,156.48,False
a5c899,United States,222.45,False
a98edc,United States,182.66,False
780f3a,China,237.71,False
a0c4f8,United States,153.87,False
780f54,China,239.86,False
7c67d3,Australia,4.63,True
a24d41,United States,62.93,False
abc09e,United States,227.15,False
a6c248,United States,85.4,False
ab2e43,United States,38.1,False
4076b0,United Kingdom,87.11,False
a6e89f,United States,223.4,False
7000a5,Afghanistan,249.33,False
a23a04,United States,42.18,False
780f68,China,143.77,False
a24d53,United States,62.87,False
ac4e31,United States,65.34,False
a1f7bd,United States,41.48,False
c004ea,Canada,185.16,False
ad38c2,United States,230.36,False
a204c9,United States,49.09,False
aa7668,United States,8.75,True
780f79,China,72.93,False
407797,United Kingdom,220.47,False
01024b,Egypt,247.18,False
407795,United Kingdom,226.48,False
7503fd,Malaysia,228.27,False
01024f,Egypt,215.35,False
86804f,Japan,6.69,True
40777c,United Kingdom,224.6,False
ae592f,United States,117.88,False
010255,Egypt,8.75,True
ac4ca8,United States,241.5,False
a4ca20,United States,33.63,False
01023a,Egypt,6.94,True
01023c,Egypt,247.67,False
a59a2e,United States,238.09,False
01023e,Egypt,74.44,False
86803d,Japan,197.86,False
780df2,China,256.46,False
86803b,Japan,193.43,False
a60a1c,United States,6.43,True
a1d1d0,United States,190.48,False
a3bd81,United States,66.95,False
010244,Egypt,246.29,False
010247,Egypt,214.77,False
4b8392,Turkey,41.16,False
7c421c,Australia,4.63,True
ac5feb,United States,8.23,True
a564eb,United States,13.89,True
010280,Egypt,243.85,False
a11a76,United States,39.38,False
010275,Egypt,242.7,False
010274,Egypt,236.44,False
a3bd95,United States,93.92,False
010276,Egypt,233.26,False
868088,Japan,181.88,False
868089,Japan,5.4,True
ac4cc7,United States,237.36,False
c017ed,Canada,2.83,True
ac1988,United States,164.35,False
a204f3,United States,37.59,False
01025c,Egypt,238.97,True
01025e,Egypt,264.92,False
a85d1b,United States,194.64,False
a324d9,United States,192.5,False
ad263e,United States,54.77,False
010264,Egypt,228.82,False
a35a31,United States,116.92,False
010265,Egypt,63.71,False
ac4cd4,United States,239.22,False
7c4209,Australia,224.41,False
ad6cb1,United States,63.83,False
a4dd19,United States,37.61,False
a707a3,United States,151.87,False
7503c4,Malaysia,224.55,False
a8028a,United States,178.79,False
a00ca4,United States,252.75,False
a61d00,United States,231.52,False
7503ac,Malaysia,227.37,False
a1f90e,United States,221.66,False
717c98,Saudi Arabia,241.0,False
aab364,United States,225.38,False
a577d4,United States,233.15,False
a35a98,United States,215.74,False
abc012,United States,173.49,False
010205,Egypt,249.65,False
010208,Egypt,242.46,False
a7e279,United States,215.6,False
a23a96,United States,47.43,False
a4dd35,United States,146.19,False
01022c,Egypt,220.06,False
ab703e,United States,169.46,False
ad000d,United States,242.31,False
868043,Japan,129.53,False
a48d84,United States,42.33,False
abc035,United States,238.93,False
a0d90c,United States,228.42,False
a697cf,United States,147.25,False
abe690,United States,219.73,False
a7e28c,United States,64.97,False
868038,Japan,229.95,False
a21908,United States,68.03,False
adaa2c,United States,61.27,False
abd1e3,United States,243.72,False
a801de,United States,14.4,True
a06332,United States,122.66,False
a00ce0,United States,212.04,False
a97d7c,United States,64.31,False
a50fa1,United States,273.31,False
48ae26,Poland,285.43,False
48ae25,Poland,228.42,False
a96a66,United States,22.6,False
485e2f,Kingdom of the Netherlands,223.73,False
a33946,United States,48.9,False
a96a5f,United States,53.2,False
a0500a,United States,163.55,False
a60a9b,United States,233.74,False
ac3a83,United States,242.48,False
a2195b,United States,0.51,True
4d24a9,Malta,196.43,False
a45915,United States,12.05,False
a97d63,United States,177.49,False
a8ad4e,United States,211.25,False
a19629,United States,53.98,False
48ae04,Poland,264.64,False
48ae05,Poland,274.1,False
a37fa0,United States,52.27,False
a69939,United States,251.25,False
780eb1,China,194.9,False
a01fee,United States,232.37,False
a7e1cd,United States,243.35,False
a5ea9a,United States,186.41,False
346319,Spain,208.02,False
a84a1a,United States,245.4,False
a4ca67,United States,53.47,False
4d24ca,Malta,208.29,False
4d24cc,Malta,10.8,True
7c683e,Australia,209.24,False
a20676,United States,0.0,True
010297,Egypt,4.37,True
a4462e,United States,232.71,False
a24ce0,United States,218.53,False
4d24d2,Malta,268.59,False
c05efa,Canada,148.88,False
a671ba,United States,130.59,False
c05efd,Canada,166.39,False
a9cd18,United States,49.24,False
c05efc,Canada,134.58,False
a791c0,United States,81.99,False
01028a,Egypt,259.76,False
780ed3,China,223.78,False
a814c9,United States,73.41,False
a97d56,United States,44.45,False
a3396b,United States,134.04,False
010290,Egypt,246.37,False
a4ca6a,United States,225.07,False
a4ca6d,United States,70.94,False
a2f306,United States,62.99,False
010289,Egypt,265.06,False
c0187a,Canada,9.26,True
a19691,United States,5.4,True
7c6847,Australia,216.95,False
a2afe1,United States,26.77,False
76cee8,Singapore,138.5,False
407739,United Kingdom,221.13,False
ab3fbf,United States,47.7,False
407731,United Kingdom,252.1,False
a671f2,United States,0.0,True
a59a7c,United States,58.66,False
a7f4e9,United States,243.18,False
ac5fad,United States,1.29,True
76cef0,Singapore,265.7,False
a24cc8,United States,52.47,False
4d24b5,Malta,239.89,False
a4460e,United States,239.99,False
a24cc0,United States,266.25,False
76cef9,Singapore,77.38,False
ab3fcc,United States,192.47,False
a0634c,United States,151.34,False
507c5a,Uzbekistan,197.05,False
a33971,United States,35.3,False
ab9630,United States,268.77,False
abf949,United States,165.71,False
780ef2,China,150.94,False
a49fb9,United States,55.41,False
c0055d,Canada,26.92,False
a44611,United States,245.23,False
ab962d,United States,230.97,False
507c4d,Uzbekistan,232.46,False
a8bfb6,United States,251.07,False
a98fad,United States,52.97,False
a61cd5,United States,49.01,False
4075f4,United Kingdom,238.48,False
a42020,United States,222.03,False
c05ec7,Canada,200.87,False
750596,Malaysia,227.04,False
4075f3,United Kingdom,232.15,False
a4200d,United States,202.26,False
aa763f,United States,237.44,False
a1d368,United States,205.92,False
ac4d1a,United States,70.41,False
75059c,Malaysia,215.49,False
780f97,China,226.8,False
ad6d03,United States,186.86,False
0101bd,Egypt,250.66,False
a5c983,United States,29.1,False
c00513,Canada,72.72,False
4075e0,United Kingdom,6.94,True
a74ffc,United States,51.66,False
c05ee1,Canada,139.66,False
a54032,United States,40.97,False
ab1a1e,United States,221.49,False
a7098d,United States,55.49,False
a2e014,United States,212.8,False
a3133c,United States,237.0,False
aa6303,United States,114.4,False
ac04c6,United States,66.04,False
c05edb,Canada,0.0,True
ac04c5,United States,1.03,True
ac04c3,United States,65.41,False
ac04c2,United States,176.02,False
4d24eb,Malta,233.62,False
a93604,United States,170.41,False
a36ce4,United States,213.58,False
a4dcfd,United States,161.1,False
ab2d5c,United States,36.7,False
780f9e,China,225.59,False
c01860,Canada,213.98,False
a5c99e,United States,6.43,True
a6c311,United States,220.98,False
4075c3,United Kingdom,280.46,False
0c20f6,Panama,238.01,False
0101dd,Egypt,257.5,False
a30017,United States,0.0,True
0c20f5,Panama,240.84,False
0101df,Egypt,265.17,False
ac04d3,United States,80.38,False
c05ed8,Canada,185.53,False
c05ed7,Canada,34.56,False
c05ed9,Canada,149.32,False
ac3a38,United States,252.89,False
75054e,Malaysia,54.53,False
a218a2,United States,46.11,False
8691aa,Japan,218.44,False
aab1af,United States,189.21,False
750573,Malaysia,229.09,False
e47ffe,Brazil,113.32,False
aab1d2,United States,270.09,False
ac04f5,United States,238.52,False
0101c8,Egypt,176.35,False
a1c05d,United States,225.23,False
a00e0d,United States,123.31,False
c00505,Canada,56.47,False
0101b4,Egypt,242.26,False
0101b7,Egypt,84.38,False
a4a985,United States,240.11,False
0101b8,Egypt,152.53,False
acf1a3,United States,73.23,False
ac3a60,United States,213.28,False
a9a859,United States,234.77,False
abd018,United States,272.66,False
7504a1,Malaysia,219.85,False
a6e570,United States,0.0,True
7c68ae,Australia,92.41,False
aac366,United States,273.81,False
40749a,United Kingdom,251.3,False
4caea0,Ireland,230.03,False
a93229,United States,70.67,False
7c68a9,Australia,243.12,False
7c68a5,Australia,61.96,False
4d2521,Malta,232.01,False
a56285,United States,57.65,False
a097cc,United States,272.13,False
a82555,United States,40.9,False
a097ce,United States,232.52,False
ae5643,United States,69.49,False
4d2527,Malta,144.86,False
4d250a,Malta,171.47,False
a8bbbc,United States,5.92,True
ab9383,United States,276.47,False
ac1698,United States,287.09,False
84b75d,Japan,205.83,False
71ba18,Republic of Korea,238.72,False
4caeb0,Ireland,234.77,False
aa735a,United States,214.3,False
4caeb1,Ireland,236.29,False
a8cec7,United States,240.14,False
86e40e,Japan,231.65,False
a44262,United States,237.45,False
a99ed2,United States,171.11,False
a45592,United States,241.32,False
7c68a1,Australia,169.72,False
a5b267,United States,46.78,False
ab805a,United States,264.64,False
adccd3,United States,62.32,False
a44257,United States,244.31,False
a45586,United States,201.56,False
ad7cec,United States,36.22,False
a9585f,United States,98.45,False
a44258,United States,242.26,False
a9eeb6,United States,80.36,False
84b794,Japan,21.09,True
a95870,United States,74.0,False
84b77f,Japan,192.3,False
a4556d,United States,137.63,False
a4423b,United States,238.32,False
a5b278,United States,56.62,False
846748,Japan,123.89,False
c027e5,Canada,146.75,False
a68214,United States,35.68,False
4caee6,Ireland,224.71,False
76bd45,Singapore,251.22,False
acacfb,United States,130.28,False
a9450d,United States,242.33,False
a191a8,United States,172.55,False
ad237f,United States,268.61,False
ad237c,United States,193.47,False
c027d7,Canada,39.0,False
aa9991,United States,43.22,False
a83839,United States,78.1,False
abd063,United States,193.51,False
a9a80f,United States,55.45,False
a0e7f4,United States,252.87,False
a214b9,United States,41.27,False
a107fe,United States,137.26,False
a227e4,United States,60.56,False
ad2386,United States,196.54,False
ad2384,United States,220.94,False
71ba13,Republic of Korea,132.31,False
71ba12,Republic of Korea,73.19,False
71ba11,Republic of Korea,0.0,True
71ba10,Republic of Korea,229.07,False
a74bba,United States,55.41,False
71ba16,Republic of Korea,253.56,False
71ba15,Republic of Korea,236.11,False
a4a575,United States,61.17,False
c014e0,Canada,200.78,False
4d251c,Malta,82.16,False
a9580e,United States,43.57,False
a8252d,United States,78.91,False
71ba01,Republic of Korea,9.77,True
c05d3c,Canada,120.43,False
ad1083,United States,55.06,False
7c68c7,Australia,150.31,False
71ba03,Republic of Korea,261.91,False
a81205,United States,153.47,False
84b750,Japan,192.24,False
7c68d4,Australia,205.25,False
84b73b,Japan,9.26,True
aab09a,United States,252.45,False
ae6905,United States,54.2,False
aa0b10,United States,93.11,False
a214de,United States,207.89,False
a5d7b2,United States,43.92,False
a74d06,United States,131.64,False
a4b7d7,United States,218.14,False
a7f28d,United States,221.56,False
a717b6,United States,0.0,True
aa98cd,United States,195.03,False
8479bc,Japan,1.03,True
8466a0,Japan,233.77,False
a214ed,United States,90.57,False
a24a3a,United States,152.87,False
a1f4cd,United States,10.8,True
86e474,Japan,234.94,False
aae94c,United States,99.32,False
a24a0a,United States,231.55,False
ad4935,United States,83.47,False
a9327a,United States,160.26,False
347255,Spain,10.29,True
a837a7,United States,234.14,False
a24a31,United States,234.31,False
a837a6,United States,1.54,True
ad493b,United States,223.42,False
c05d08,Canada,194.68,False
a01d8f,United States,45.7,False
ae690f,United States,62.98,False
7c4329,Australia,209.37,False
8466c7,Japan,249.26,False
485b45,Kingdom of the Netherlands,145.3,False
a694b2,United States,155.82,False
a837a3,United States,2.83,True
aa98a4,United States,197.72,False
a24a82,United States,243.32,False
a09922,United States,187.28,False
aad63f,United States,85.44,False
7504e0,Malaysia,90.47,False
40745e,United Kingdom,249.5,False
ac030e,United States,52.76,False
a6d26f,United States,242.41,False
ac297c,United States,55.57,False
aab001,United States,254.99,False
a7f23f,United States,64.09,False
a441ac,United States,0.0,True
ad495b,United States,240.68,False
a441ab,United States,203.84,False
ac031d,United States,53.62,False
a12a9d,United States,219.66,False
86e430,Japan,237.83,False
7504c8,Malaysia,56.5,False
a9dbb5,United States,32.49,False
ad7cbe,United States,54.94,False
a1e1d8,United States,88.87,False
a9eeef,United States,53.86,False
7c3031,Australia,142.42,False
ab8031,United States,268.39,False
ac1675,United States,1.29,True
a93257,United States,103.91,False
a12a7c,United States,243.36,False
a12a7d,United States,199.99,False
347206,Spain,263.13,False
abf4e0,United States,183.87,False
717cfb,Saudi Arabia,243.55,False
a3ba94,United States,51.95,False
a09961,United States,86.29,False
c05bdb,Canada,53.03,False
8a0a29,Indonesia,6.94,True
ac4a44,United States,256.83,False
a73a47,United States,155.02,False
c05bd5,Canada,181.7,False
a1094c,United States,229.35,False
a561fd,United States,213.68,False
4caf35,Ireland,243.49,False
a48a83,United States,10.8,True
a73a3e,United States,71.57,False
c05bcb,Canada,0.9,True
ae67e8,United States,174.45,False
347308,Spain,232.26,False
a6e4e8,United States,242.31,False
ac01d3,United States,132.73,False
347303,Spain,228.99,False
8a0a13,Indonesia,236.57,False
347302,Spain,225.27,False
abe1d1,United States,215.48,False
a8bd1b,United States,0.0,True
aac1e8,United States,43.09,False
a944b9,United States,129.52,False
a0e917,United States,45.32,False
a24a8d,United States,117.0,False
acad6b,United States,48.36,False
ad21af,United States,142.84,False
aa71c8,United States,159.27,False
ae54e3,United States,103.57,False
7c41fc,Australia,66.38,False
adba0a,United States,236.14,False
4072dc,United Kingdom,228.52,False
a74d8d,United States,79.74,False
a01ca4,United States,108.87,False
a01ca5,United States,172.43,False
c00256,Canada,274.86,False
ad21bc,United States,222.26,False
a62d4a,United States,37.17,False
a1e302,United States,98.93,False
adcd6d,United States,233.7,False
a07341,United States,199.06,False
88105a,Thailand,235.25,False
a32309,United States,5.37,False
780fdb,China,257.81,False
a4a4e8,United States,133.26,False
c05ba9,Canada,256.06,False
4d23bb,Malta,0.0,True
7b1006,China,8.23,True
a1098a,United States,155.2,False
c0150d,Canada,233.74,False
780ff8,China,221.51,False
a4ed5f,United States,80.18,False
abe1ec,United States,89.84,False
868094,Japan,231.78,False
4d23c3,Malta,244.98,False
4d23c4,Malta,13.38,True
881058,Thailand,152.32,False
7b1002,China,8.75,True
881057,Thailand,149.39,False
7b1000,China,4.63,True
ae54f6,United States,72.51,False
aae911,United States,54.13,False
a01cbc,United States,146.11,False
c05bc8,Canada,235.03,False
c01551,Canada,162.45,False
a5c4e5,United States,13.38,True
a5c4e2,United States,207.52,False
a48a9c,United States,51.02,False
a08663,United States,85.92,False
a73a1c,United States,149.68,False
a48a8f,United States,232.43,False
a5c4de,United States,240.7,False
a38fa4,United States,204.67,False
ac27a0,United States,48.88,False
ac27a6,United States,240.89,False
4d23f9,Malta,220.61,False
a3dfeb,United States,249.0,False
ab3d14,United States,75.55,False
ab3d17,United States,0.64,True
a70625,United States,38.19,False
514005,Georgia,0.0,True
514004,Georgia,74.59,True
a9a901,United States,206.9,False
a83920,United States,93.04,False
a06067,United States,207.29,False
a3dffe,United States,78.31,False
4d23fc,Malta,24.69,True
a25cea,United States,79.33,False
a2167a,United States,85.99,False
a44308,United States,238.2,False
a5d95d,United States,28.59,False
a0c334,United States,61.85,False
ab3d39,United States,239.14,False
a3ccf3,United States,217.9,False
8a0a89,Indonesia,190.36,False
a1801c,United States,182.02,False
a20347,United States,256.42,False
ab3d40,United States,241.69,False
a4b996,United States,245.36,False
a50cf0,United States,0.0,True
c01505,Canada,223.27,False
a19357,United States,0.0,True
ac5d38,United States,232.22,False
a01e07,United States,81.7,False
a5d905,United States,94.42,False
a9ca2a,United States,102.67,False
ac27cf,United States,273.94,False
a5fa9f,United States,30.97,False
a32370,United States,55.93,False
acad02,United States,195.56,False
ac27f0,United States,110.72,False
8a0a67,Indonesia,145.69,False
4072c7,United Kingdom,5.66,True
a57616,United States,259.21,False
4072c8,United Kingdom,102.63,False
a8aa77,United States,217.78,False
ad34b4,United States,0.0,True
ad6a14,United States,55.8,False
a57624,United States,62.99,False
c000eb,Canada,221.17,False
ab2a50,United States,39.8,False
a20385,United States,31.28,False
4072a4,United Kingdom,226.4,False
a98d7e,United States,237.01,False
aac1af,United States,187.77,False
ac5d61,United States,225.44,False
a58966,United States,60.17,False
c05e8f,Canada,125.58,False
abd135,United States,217.18,False
a5a02e,United States,47.66,False
ae5772,United States,79.09,False
adcdcc,United States,1.03,True
84b86d,Japan,88.27,False
a0e8af,United States,91.58,False
a6d34b,United States,189.36,False
86e518,Japan,140.12,False
a67050,United States,0.0,True
abe475,United States,244.0,False
aab169,United States,216.3,False
a12b09,United States,79.61,False
c002cd,Canada,72.08,False
ac047d,United States,239.35,False
a1d06a,United States,28.7,False
acf146,United States,140.11,False
e47f70,Brazil,150.93,False
a6d374,United States,35.47,False
a2f065,United States,46.37,False
a3239c,United States,208.03,False
a8268d,United States,216.78,False
ae578f,United States,2.57,False
a085a4,United States,139.19,False
a6d36d,United States,84.59,False
a98cbc,United States,0.77,True
c05e9d,Canada,92.73,False
a79046,United States,34.98,True
aa7472,United States,96.83,False
ae5783,United States,56.07,False
a0b08b,United States,52.93,False
869560,Japan,294.92,False
ab09b4,United States,249.53,False
ac049e,United States,248.18,False
a12b2b,United States,0.51,True
a12b2e,United States,97.97,False
a0d5d6,United States,11.32,True
4cadbc,Ireland,135.97,False
a24b0a,United States,119.91,False
c05e62,Canada,238.83,False
4cadc9,Ireland,290.72,False
4cadc6,Ireland,257.76,False
4cadc8,Ireland,250.02,False
4cadc1,Ireland,96.04,False
a75fdc,United States,71.11,False
ab819c,United States,235.98,False
4d2449,Malta,97.07,False
a75fdf,United States,246.08,False
adbaca,United States,239.82,False
a192ae,United States,150.32,False
4cadd4,Ireland,203.33,False
a12b0a,United States,238.17,False
a12b0e,United States,204.54,False
a348c4,United States,230.13,False
346090,Spain,206.38,False
c04b57,Canada,232.18,False
a8397c,United States,0.0,True
a8cfa9,United States,116.07,False
7c56b7,Australia,209.87,False
a55055,United States,230.71,False
a69698,United States,42.2,False
346082,Spain,226.09,False
a12b31,United States,242.26,False
a12b32,United States,222.26,False
aa7427,United States,0.0,True
4cadb8,Ireland,95.35,False
aa7426,United States,236.05,False
a7f302,United States,245.56,False
ab3f49,United States,162.25,False
a01e84,United States,75.22,False
a86cae,United States,212.3,False
a94626,United States,7.46,True
4d2479,Malta,205.22,False
3c7a41,Germany,248.48,False
4d2475,Malta,109.94,False
4cadfd,Ireland,0.51,True
4cadff,Ireland,247.73,False
a455cd,United States,206.06,False
4cadfa,Ireland,253.2,False
a442a9,United States,228.64,False
4bd156,Turkey,8.23,True
a4ee2e,United States,223.87,False
40753f,United Kingdom,228.87,False
a36b50,United States,225.29,False
a335eb,United States,237.43,False
ab3dc3,United States,1.54,True
3c7a51,Germany,212.06,False
a562a9,United States,59.05,False
3c7a54,Germany,0.0,True
a4ee3b,United States,8.23,True
a7f39c,United States,57.03,False
34604d,Spain,228.82,False
a36b2d,United States,0.0,True
7c312b,Australia,22.55,False
a61b14,United States,33.32,False
ad7da2,United States,169.75,False
aad73b,United States,0.06,True
a575e7,United States,233.67,False
a13e86,United States,285.75,False
acada0,United States,51.56,False
711102,Saudi Arabia,89.53,False
a24b39,United States,236.24,False
ac1747,United States,235.4,False
4cade3,Ireland,204.19,False
a12b4c,United States,74.89,False
346047,Spain,239.24,False
a4db48,United States,45.98,False
7c4440,Australia,58.03,False
a92082,United States,32.41,False
4cadf4,Ireland,229.75,False
4cadf6,Ireland,218.35,False
ab8112,United States,173.31,False
ac175e,United States,51.54,False
e47f51,Brazil,257.85,False
34734f,Spain,228.23,False
a80053,United States,46.31,False
ac0448,United States,204.98,False
40756d,United Kingdom,235.58,False
86d222,Japan,22.64,True
40756b,United Kingdom,221.32,False
40756a,United Kingdom,230.34,False
347349,Spain,246.99,False
a575a2,United States,46.33,False
a6709b,United States,265.56,False
4d2493,Malta,262.14,False
a3bb19,United States,36.03,False
4d2492,Malta,11.32,True
407567,United Kingdom,226.69,False
407568,United Kingdom,225.24,False
407569,United Kingdom,176.31,False
40621b,United Kingdom,282.6,False
40621d,United Kingdom,5.66,True
abe450,United States,221.11,False
ad7e6f,United States,204.52,False
c01691,Canada,135.82,False
c01696,Canada,61.41,False
a9a8ee,United States,82.16,False
a19404,United States,229.96,False
acae64,United States,200.13,False
4cae17,Ireland,149.34,False
4cae18,Ireland,248.89,False
a86e6c,United States,289.36,False
c0033f,Canada,30.57,False
a0d72b,United States,205.85,False
4060ef,United Kingdom,160.13,False
a01de5,United States,84.99,False
a85b42,United States,44.82,False
ac4b72,United States,205.43,False
aa72f5,United States,208.05,False
c00359,Canada,72.58,False
abe2f6,United States,221.23,False
34740f,Spain,250.83,False
ad22e1,United States,236.26,False
aa1e99,United States,98.84,False
a5fb91,United States,31.02,False
a7f2d2,United States,202.55,False
a57719,United States,235.6,False
a12ac5,United States,229.66,False
a12ac7,United States,284.78,False
4cae49,Ireland,140.2,False
a12ac8,United States,170.28,False
a12ac9,United States,213.63,False
a13df9,United States,52.81,False
a0c42c,United States,218.88,False
a50e93,United States,266.53,False
a12ac0,United States,236.94,False
a61b4e,United States,192.62,False
acae9a,United States,212.81,False
a838dc,United States,55.06,False
a562e8,United States,166.9,False
4cae58,Ireland,217.13,False
4cae59,Ireland,209.27,False
4cae53,Ireland,229.62,False
3e0a43,Germany,23.91,False
a73b27,United States,68.91,False
4cae51,Ireland,241.04,False
7c4428,Australia,248.41,False
a695ea,United States,0.0,True
acae9f,United States,45.94,False
a37db9,United States,4.12,True
a1f751,United States,104.43,False
aa72b1,United States,175.0,False
a25dca,United States,48.55,False
a838e5,United States,171.85,False
c00342,Canada,72.26,False
a682e3,United States,154.38,False
a7f2a2,United States,176.71,False
c80eaf,New Zealand,47.04,False
a74e7a,United States,244.47,False
a1e411,United States,284.35,False
ac1701,United States,236.22,False
a825e3,United States,232.34,False
a12aa0,United States,271.66,False
a682f2,United States,206.82,False
4cae34,Ireland,229.4,False
4cae35,Ireland,265.01,False
c0031b,Canada,77.45,False
4cae31,Ireland,114.24,False
4cae33,Ireland,215.49,False
a812a2,United States,35.52,False
84b807,Japan,224.29,False
a3cde4,United States,107.21,False
a32460,United States,108.14,False
a6e720,United States,210.04,False
a3244a,United States,237.66,False
a3244c,United States,234.77,False
a20471,United States,222.73,False
4cae84,Ireland,92.21,False
a56432,United States,48.35,False
4cae6d,Ireland,204.62,False
7c42e4,Australia,167.98,False
ac5e23,United States,10.29,True
4cae8d,Ireland,239.93,False
a2f111,United States,199.87,False
aa7409,United States,209.68,False
a31122,United States,215.56,False
7c42d9,Australia,0.45,True
a1f794,United States,242.52,False
ac28be,United States,239.37,False
4073a0,United Kingdom,128.17,False
84b829,Japan,223.25,False
a62de4,United States,52.46,False
a12ae9,United States,277.8,False
ac15b0,United States,6.94,True
4d22ad,Malta,241.84,False
a1f76c,United States,92.82,False
4cae65,Ireland,232.52,False
4d22b8,Malta,145.71,False
a69761,United States,211.95,False
ae68b1,United States,85.5,False
a12ae4,United States,140.75,False
c02966,Canada,163.59,False
a44416,United States,209.93,False
a21799,United States,67.91,False
a12aeb,United States,224.82,False
c0293e,Canada,281.56,False
a4dad2,United States,40.33,False
ad7e17,United States,63.33,False
a33766,United States,224.29,False
846866,Japan,213.3,False
a57796,United States,241.31,False
a0e9a1,United States,58.17,False
abf5b7,United States,93.17,False
c001ed,Canada,153.17,False
c05d9d,Canada,245.98,False
a01f37,United States,241.3,False
a086b4,United States,9.77,True
a099a7,United States,194.1,False
4073ce,United Kingdom,225.22,False
4cae9c,Ireland,218.9,False
4cae9e,Ireland,229.29,False
a48aca,United States,159.92,False
a1d14a,United States,53.84,False
3472c4,Spain,242.31,False
ab3e98,United States,267.45,False
a0b169,United States,239.57,False
a57742,United States,196.95,False
ac02c1,United States,44.25,False
a01f13,United States,231.64,False
ad6b0e,United States,177.59,False
a1f79c,United States,42.38,False
ad35e0,United States,169.39,False
7c42dc,Australia,197.25,False
a48ac4,United States,245.92,False
ac5e6e,United States,169.92,False
a56426,United States,49.28,False
adce25,United States,139.46,False
a0c7fb,United States,74.5,False
a0fd55,United States,191.53,False
86d310,Japan,201.88,False
a47d11,United States,141.29,False
a291a4,United States,146.46,False
8a0aba,Indonesia,245.62,False
aa78b2,United States,205.67,False
a35d25,United States,77.5,False
a687a8,United States,144.8,False
ac807d,United States,44.76,False
8a0ac1,Indonesia,90.54,False
ac08b1,United States,228.92,False
adacfd,United States,91.59,False
a327cc,United States,0.32,True
a4cd23,United States,264.24,False
a4cd29,United States,37.61,False
a11d51,United States,3.86,True
a1d4a7,United States,155.48,False
a11d47,United States,224.69,False
86d334,Japan,223.15,False
adf068,United States,236.61,False
a3ad47,United States,202.02,False
adf065,United States,141.59,False
a554b9,United States,48.24,False
a4ba02,United States,187.22,False
abe8b6,United States,230.42,False
ac08d4,United States,238.06,False
aa4077,United States,65.56,False
a09a90,United States,192.98,False
a35d79,United States,186.64,False
a6b253,United States,235.72,False
7c7a36,Australia,6.94,True
adf080,United States,192.03,False
a1d4f2,United States,234.1,False
71bc17,Republic of Korea,197.25,False
39b054,France,177.1,False
7c44b8,Australia,0.0,True
7c44b9,Australia,141.51,False
348395,Spain,208.15,False
ab0b42,United States,231.01,False
aaa2b0,United States,206.02,False
a8aef3,United States,201.98,False
4d2304,Malta,131.73,False
a7e580,United States,42.19,False
ac08fa,United States,198.73,False
868316,Japan,236.03,False
a794d9,United States,236.56,False
ac4ffb,United States,1.03,False
a12fa1,United States,130.01,False
a46a72,United States,7.2,True
4d234b,Malta,88.81,False
aa9b65,United States,225.58,False
ace314,United States,49.52,False
a59d92,United States,48.88,False
a60d70,United States,36.56,False
a58a67,United States,6.94,True
a6c4d7,United States,235.62,False
aaa342,United States,5.92,True
8468cc,Japan,232.42,False
4d2368,Malta,230.21,False
a12fb5,United States,68.81,False
a301f3,United States,226.25,False
a661bf,United States,231.58,False
800b63,India,236.26,False
a4ba76,United States,0.0,True
a661ce,United States,88.41,False
a301e9,United States,50.93,False
a35d98,United States,238.75,False
a434ee,United States,144.27,False
adacc9,United States,7.46,True
aa9b42,United States,240.04,False
a0791d,United States,168.07,False
800b45,India,244.61,False
4d2348,Malta,239.92,False
800b44,India,210.89,False
a2e1c7,United States,137.15,False
a301d8,United States,245.29,False
4d232c,Malta,223.17,False
a1e946,United States,214.27,False
a20957,United States,228.21,False
a5b7d1,United States,48.11,False
a0c954,United States,131.32,False
ab7394,United States,210.08,False
ab738b,United States,55.22,False
a1863b,United States,216.88,False
a3ad6d,United States,140.54,False
348310,Spain,281.5,False
a5a4c6,United States,128.41,False
a5a4c1,United States,110.95,False
a20930,United States,247.23,False
a32919,United States,168.96,False
ad036b,United States,240.02,False
aaa39b,United States,77.31,False
acf69b,United States,270.22,False
a59d5f,United States,245.88,False
a84d25,United States,239.36,False
800b81,India,210.32,False
800b80,India,129.5,False
c007d0,Canada,13.38,True
a06646,United States,14.92,True
a0b65e,United States,65.12,False
a44960,United States,240.56,False
a3aca6,United States,223.91,False
8681a8,Japan,239.0,False
a44964,United States,239.57,False
a1600b,United States,171.88,False
a29337,United States,238.86,False
8694d8,Japan,241.75,False
a44962,United States,253.22,False
a35cba,United States,75.34,False
a2097b,United States,41.03,False
a36ff7,United States,144.69,False
a68946,United States,268.27,False
a9aa73,United States,43.33,False
a6fa94,United States,232.25,False
a0c99f,United States,43.26,False
a4493f,United States,152.52,False
a4493d,United States,148.96,False
a0669d,United States,5.4,True
a23ccb,United States,155.77,False
7c580a,Australia,56.95,False
a23cb3,United States,93.21,False
a44940,United States,253.21,False
a4492e,United States,84.38,False
a4dfd2,United States,237.97,False
a05347,United States,230.12,False
a56972,United States,55.14,False
a54312,United States,84.94,False
a6893c,United States,233.05,False
a11ce5,United States,141.96,False
ae6a85,United States,59.82,False
0d0efb,Mexico,109.11,False
a44939,United States,229.59,False
0d0efa,Mexico,94.14,False
a0fcd4,United States,93.63,False
a44938,United States,247.67,False
8681b0,Japan,215.31,False
ace1fe,United States,37.56,False
862d72,Japan,128.84,False
abe930,United States,153.77,False
a66301,United States,120.04,False
8681b9,Japan,254.33,False
4d229d,Malta,248.84,False
a4491d,United States,238.0,False
8681aa,Japan,84.67,False
a4491f,United States,144.81,False
ab861e,United States,43.27,False
a0667b,United States,185.15,False
8681ae,Japan,232.76,False
ad6fb5,United States,44.18,False
7c4557,Australia,29.01,False
ad1605,United States,204.3,False
c03bfb,Canada,200.55,False
a17383,United States,32.93,False
0d0ea1,Mexico,222.37,False
a68903,United States,100.69,False
abd627,United States,249.77,False
c03bf2,Canada,254.34,False
7c585f,Australia,207.32,False
a28036,United States,133.74,False
a43667,United States,295.11,False
a47cd1,United States,163.05,False
a924fc,United States,246.19,False
a0407f,United States,236.54,False
a8f1c3,United States,51.61,False
c8200a,New Zealand,110.61,False
a4497f,United States,236.77,False
a44988,United States,149.5,False
4070eb,United Kingdom,195.45,False
a1e99d,United States,247.1,False
a44983,United States,198.22,False
a44982,United States,240.42,False
a44981,United States,237.32,False
4070ef,United Kingdom,129.96,False
a36fff,United States,231.28,False
a3298a,United States,240.68,False
a44984,United States,188.38,False
4070ee,United Kingdom,249.99,False
ac096b,United States,78.98,False
ab8663,United States,75.06,False
0d0ec2,Mexico,237.34,False
a1d685,United States,47.83,False
0d0ec4,Mexico,234.07,False
a16037,United States,243.06,False
aaa326,United States,243.89,False
4070f0,United Kingdom,213.38,False
aa9a57,United States,237.33,False
4070e9,United Kingdom,196.9,False
ab732f,United States,236.54,False
a0405b,United States,178.28,False
4070e6,United Kingdom,231.78,False
4070e7,United Kingdom,246.76,False
a4495c,United States,255.6,False
4070e4,United Kingdom,0.51,True
a66355,United States,237.57,False
4cad64,Ireland,80.0,False
ad27e0,United States,41.87,False
4c01e2,Serbia,69.18,False
abe7e3,United States,236.18,False
aaea1e,United States,50.33,False
300401,Italy,25.97,False
4d21d4,Malta,247.8,False
ad27f3,United States,282.78,False
86d1f3,Japan,107.87,False
7c43f1,Australia,5.4,True
a208a1,United States,104.59,False
aa666d,United States,44.38,False
4c01f4,Serbia,230.66,False
a065b0,United States,30.97,False
aa4011,United States,68.11,False
7c43cc,Australia,48.66,False
3482d8,Spain,150.15,False
3482d5,Spain,251.24,False
3482d6,Spain,253.83,False
a6c690,United States,48.38,False
a77035,United States,235.83,False
a97fd8,United States,43.77,False
3c4581,Germany,252.05,False
3c4582,Germany,263.09,False
a6b34e,United States,7.46,False
ae6a15,United States,152.55,False
a7e666,United States,0.0,True
3c4583,Germany,280.38,False
a92639,United States,231.58,False
3c4599,Germany,1.03,True
a6504b,United States,226.59,False
c82086,New Zealand,41.78,False
c82081,New Zealand,231.04,False
ad14ce,United States,32.41,False
ae47e3,United States,21.12,False
3c4592,Germany,234.22,False
aa797d,United States,218.58,False
abd4e7,United States,95.18,False
3c4596,Germany,266.18,False
c00899,Canada,220.17,False
ad5d6e,United States,143.28,False
ab1d9e,United States,58.24,False
a4ccba,United States,0.0,True
abc1bc,United States,278.74,False
ad01c0,United States,69.3,False
a66316,United States,147.39,False
a41090,United States,4.63,True
ace1af,United States,243.41,False
a6c61c,United States,52.75,False
a41096,United States,204.39,False
ad01ab,United States,212.8,False
a208d1,United States,189.29,False
846910,Japan,202.49,False
a53006,United States,235.83,False
ad5d5f,United States,218.09,False
a0c8f2,United States,1.8,True
abc1cd,United States,42.75,False
862d94,Japan,139.9,False
ab0a95,United States,225.95,False
aaea84,United States,167.09,False
aaea83,United States,39.78,False
a54343,United States,51.97,False
a97fc9,United States,213.16,False
ae6a23,United States,70.81,False
4c01eb,Serbia,202.14,False
a80641,United States,245.89,False
4c01ec,Serbia,142.93,False
151fc7,Russian Federation,233.63,False
a208b1,United States,223.21,False
4c01ee,Serbia,71.65,False
846932,Japan,205.22,False
ab0a9d,United States,271.94,False
aa660f,United States,44.76,False
aaea8e,United States,62.58,False
a4105b,United States,133.06,False
a6b301,United States,48.09,False
aaea8c,United States,0.0,True
4d21f1,Malta,169.51,False
4d21e6,Malta,242.03,False
0d0f57,Mexico,230.41,False
a448db,United States,239.17,False
a23e5b,United States,31.38,False
7c7b13,Australia,46.97,False
881427,Thailand,202.44,False
a5ee13,United States,154.38,False
a89076,United States,5.4,True
a89075,United States,144.69,False
a23e65,United States,0.0,False
a23e63,United States,55.39,False
abb19c,United States,205.17,False
a0fe7a,United States,225.97,False
800c01,India,235.64,False
a35e49,United States,0.0,True
39c494,France,228.52,False
39c498,France,214.77,False
aab6a2,United States,55.15,False
a448d7,United States,244.73,False
a448d6,United States,199.05,False
0d0f5a,Mexico,228.95,False
a47e28,United States,195.11,False
a11e8b,United States,0.0,True
ae118a,United States,249.3,False
a4ce43,United States,49.09,False
a675a9,United States,219.95,False
a185ca,United States,228.27,False
c03da9,Canada,174.06,False
a9bcf9,United States,55.19,False
4d20ef,Malta,0.0,False
a9bcf5,United States,43.08,False
ac2c10,United States,197.04,False
7c58aa,Australia,48.88,False
a60e3f,United States,48.51,False
a09b65,United States,236.46,False
ae1193,United States,221.61,False
a89086,United States,242.3,False
abe9d3,United States,54.77,False
71bd53,Republic of Korea,200.82,False
ac2c23,United States,170.6,False
a3f07f,United States,224.29,False
a1c2f6,United States,50.17,False
7c7b56,Australia,56.17,False
a6c69e,United States,50.78,False
a91369,United States,6.43,True
800c44,India,235.67,False
ac2c33,United States,0.0,True
862db6,Japan,175.33,False
485a86,Kingdom of the Netherlands,248.39,False
a5307f,United States,165.83,False
ab86f0,United States,29.36,False
347191,Spain,1.03,True
7c7b45,Australia,6.17,True
a34b64,United States,196.06,False
4c0221,Serbia,262.24,False
4c0224,Serbia,235.15,False
800c3e,India,258.7,False
4c0223,Serbia,252.83,False
adf194,United States,297.94,False
aa549d,United States,90.56,False
a77077,United States,266.51,False
a6a068,United States,0.39,True
a65086,United States,227.08,False
a35e6f,United States,212.13,False
aaec3e,United States,47.8,False
a292c9,United States,258.87,False
71bd62,Republic of Korea,213.28,False
862dd8,Japan,6.69,True
a1c2ad,United States,51.96,False
ac2c56,United States,236.93,False
a448f8,United States,240.35,False
0c43b1,Dominican Republic,240.66,False
a448f2,United States,247.98,False
a448f6,United States,221.56,False
0d0f3e,Mexico,52.93,False
ac2abd,United States,234.92,False
4cabd3,Ireland,256.11,False
aaa462,United States,190.09,False
ad5dda,United States,129.49,False
a05405,United States,47.42,False
a662ca,United States,183.43,False
8469ec,Japan,145.16,False
a6c5f1,United States,45.6,False
aa40c8,United States,74.93,False
ab879f,United States,222.5,False
abc455,United States,240.34,False
a7e5c1,United States,202.01,False
a4ce9e,United States,127.34,False
a72e6c,United States,243.73,False
ab0aed,United States,52.87,False
4d222d,Malta,225.8,False
4d222e,Malta,0.0,True
a46b6b,United States,4.74,False
4cabd4,Ireland,260.54,False
a422f7,United States,251.65,False
7c203d,Australia,55.94,False
a4bb97,United States,0.0,True
acd120,United States,245.72,False
a4bb8a,United States,236.51,False
ae6aab,United States,62.66,False
4d2222,Malta,134.25,False
4c0240,Serbia,134.96,False
a4bb9c,United States,41.54,False
ab615b,United States,244.82,False
a5db84,United States,69.0,False
a95b0d,United States,41.62,False
adf128,United States,211.64,False
a0675f,United States,57.64,False
aa9c3e,United States,105.16,False
acd12e,United States,45.7,False
4d226b,Malta,84.47,False
86e79a,Japan,229.59,False
a6d8e5,United States,155.36,False
4d2274,Malta,14.4,True
3c68cb,Germany,191.32,False
a688ff,United States,213.79,False
a4ce71,United States,280.01,False
a542d7,United States,237.43,False
abb172,United States,257.91,False
ae114f,United States,161.78,False
a0541b,United States,236.57,False
4d2250,Malta,1.29,True
aa79f9,United States,266.77,False
acd13f,United States,89.09,False
a6c5ae,United States,33.85,False
ad4afb,United States,170.51,False
a5db2c,United States,183.41,False
7c338f,Australia,147.14,False
a1d76b,United States,236.56,False
a22ac6,United States,140.11,False
a2e427,United States,62.76,False
a0a457,United States,164.1,False
a18796,United States,124.5,False
a34aa0,United States,227.54,False
0d0dba,Mexico,228.93,False
850e9c,Japan,234.86,False
7c5950,Australia,0.0,False
c08081,Canada,0.0,True
0d0dd1,Mexico,222.79,False
0d0dd9,Mexico,233.15,False
424a71,United Kingdom,20.58,False
4071d7,United Kingdom,150.71,False
7c593a,Australia,2.83,True
0d0de7,Mexico,0.39,True
a60dab,United States,56.72,False
a55767,United States,212.47,False
c0809d,Canada,0.0,False
c0809e,Canada,164.46,False
a53105,United States,39.18,False
ab8748,United States,278.9,False
a9ab72,United States,231.21,False
0d0dda,Mexico,235.39,False
a05470,United States,182.92,False
a3f10f,United States,1.29,True
4071c7,United Kingdom,232.94,False
70e071,Cambodia,243.64,False
a3f120,United States,235.57,False
850e58,Japan,92.65,False
a079a1,United States,98.24,False
ab1dd5,United States,170.61,False
a41131,United States,137.01,False
aa9b9b,United States,65.55,False
a3046f,United States,70.06,False
a42466,United States,218.94,False
a1b162,United States,186.91,False
a1c476,United States,72.26,False
a41120,United States,39.39,False
4cac16,Ireland,237.92,False
4b19fe,Switzerland,231.18,False
4cac13,Ireland,234.18,False
a2f77b,United States,0.0,True
a34ae6,United States,200.16,False
aab766,United States,82.86,False
ad5dc6,United States,57.62,False
0d0da4,Mexico,223.02,False
0d0da5,Mexico,7.72,True
a1d788,United States,65.12,False
71002b,Saudi Arabia,246.13,False
71002a,Saudi Arabia,246.44,False
850e7a,Japan,94.91,False
a3adb9,United States,230.41,False
861b28,Japan,0.0,True
a59da3,United States,4.63,True
0d0db9,Mexico,239.74,False
71be34,Republic of Korea,305.24,False
a209b9,United States,203.66,False
a6a11e,United States,221.84,False
a65142,United States,52.83,False
a6778d,United States,30.29,False
a28195,United States,46.47,False
7c7a4a,Australia,229.37,False
7c7a4b,Australia,178.95,False
7c7a4d,Australia,0.0,True
151eb9,Russian Federation,0.9,True
c04fff,Canada,192.62,False
a5449a,United States,245.05,False
acf5ab,United States,97.37,False
ac3e80,United States,5.66,True
86d2fb,Japan,6.17,True
7c7a3e,Australia,8.75,True
7c7a3f,Australia,167.79,False
a1b179,United States,75.76,False
a0c9a9,United States,90.57,False
a6b470,United States,0.0,True
4cac23,Ireland,215.57,False
4cac24,Ireland,233.52,False
4cac0d,Ireland,195.9,False
ac2b61,United States,246.62,False
a90118,United States,0.0,True
a066a3,United States,0.0,True
a1c48c,United States,30.98,False
a41144,United States,3.6,True
a6516a,United States,56.96,False
a41146,United States,3.6,True
a7d43c,United States,238.69,False
7c7a46,Australia,0.0,True
7c7a47,Australia,284.22,False
a1b174,United States,70.99,False
a65104,United States,246.96,False
a066f8,United States,25.8,False
aa9ab6,United States,267.58,False
885b4b,Thailand,227.27,False
aa542f,United States,244.89,False
a173b0,United States,95.65,False
a1e9f1,United States,62.9,False
a2f6a9,United States,114.77,False
04c15b,Kenya,260.93,False
04c15a,Kenya,255.83,False
ad4b73,United States,85.96,False
a10c31,United States,0.0,True
a173a8,United States,281.1,False
aa5434,United States,77.13,False
abc2e5,United States,0.0,True
86d2cc,Japan,253.04,False
a55785,United States,202.55,False
ac2b80,United States,233.57,False
861b8e,Japan,4.12,True
a71aa5,United States,244.88,False
c04fd7,Canada,202.82,False
a449af,United States,229.17,False
aa6760,United States,84.88,False
ac2b8e,United States,229.17,False
c04fae,Canada,173.26,False
885b47,Thailand,197.01,False
4d20f3,Malta,143.37,False
885b46,Thailand,0.0,True
39c423,France,273.87,False
a84dd1,United States,258.03,False
a83aa2,United States,80.62,False
0d0e97,Mexico,211.66,False
c03caf,Canada,96.18,False
4cac62,Ireland,230.64,False
a449a2,United States,282.57,False
a449a1,United States,214.46,False
a449a8,United States,242.22,False
a11f46,United States,47.55,False
7c7a93,Australia,28.85,False
86d2ee,Japan,261.69,False
c04ff7,Canada,210.12,False
4d20be,Malta,124.77,False
a6c756,United States,0.0,True
7c7a6c,Australia,45.79,False
a329b0,United States,56.0,False
c04fdd,Canada,262.17,False
a11f59,United States,194.52,False
7c7a85,Australia,42.19,False
773645,Sri Lanka,240.28,False
800d13,India,183.52,False
acf486,United States,183.45,False
407031,United Kingdom,74.05,False
a075df,United States,126.82,False
a0c5c6,United States,7.46,True
861bec,Japan,204.98,False
a9ccde,United States,219.78,False
a578a1,United States,70.26,False
a2e09a,United States,236.47,False
7c7c35,Australia,67.79,False
a1f8e7,United States,66.27,False
7c7c36,Australia,3.34,False
a5408e,United States,35.04,False
a12e57,United States,198.23,False
7c7c39,Australia,59.99,False
86e86e,Japan,257.4,False
7c7c30,Australia,53.55,False
aa5194,United States,48.02,False
408357,United Kingdom,256.73,False
a12e70,United States,42.21,False
408352,United Kingdom,1.29,True
a91051,United States,0.0,True
a5409e,United States,46.47,False
a0c5d0,United States,31.98,False
a0d8ec,United States,45.39,False
40833c,United Kingdom,224.88,False
408347,United Kingdom,129.22,False
408346,United Kingdom,5.4,True
a088ec,United States,44.97,False
a4de19,United States,49.52,False
a2e098,United States,243.2,False
a338ac,United States,231.98,False
aaa19e,United States,192.59,False
a3009e,United States,74.0,False
40832a,United Kingdom,237.25,False
a062a4,United States,150.61,False
a6c39f,United States,202.23,False
acf492,United States,228.56,False
4cab8a,Ireland,258.82,False
a92362,United States,94.67,False
ab1c04,United States,131.16,False
ab2f34,United States,87.16,False
acf48f,United States,240.44,False
a92367,United States,237.43,False
ab2f36,United States,233.02,False
a73ceb,United States,39.94,False
ac4f29,United States,225.82,False
a062ec,United States,217.67,False
a35b39,United States,176.37,False
a5669f,United States,188.96,False
a1e5f1,United States,6.43,True
a6c340,United States,145.58,False
a062ef,United States,236.15,False
a8bfeb,United States,239.3,False
a35b42,United States,230.87,False
a36e73,United States,244.74,False
86e82a,Japan,0.64,True
a48e46,United States,238.2,False
861ba8,Japan,222.93,False
a0b2e6,United States,32.02,False
a35b27,United States,233.48,False
a445ad,United States,1.03,True
a80329,United States,219.76,False
0c20d6,Panama,223.42,False
0c20d5,Panama,244.36,False
c03b54,Canada,266.28,False
40837b,United Kingdom,218.71,False
aa779d,United States,240.49,False
a23b55,United States,243.57,False
0c20bb,Panama,227.78,False
7c7c3f,Australia,41.53,False
0c20be,Panama,234.73,False
a48e1f,United States,134.26,False
a6c365,United States,206.61,False
a062ca,United States,3.86,True
a12e80,United States,241.67,False
a5539c,United States,70.37,False
a445a9,United States,250.61,False
a445a4,United States,161.55,False
0c20ac,Panama,235.36,False
ac4f51,United States,68.1,False
800d41,India,182.86,False
7c7c2d,Australia,63.06,False
a24e5f,United States,23.79,False
aa5130,United States,182.68,False
a5a37d,United States,40.75,False
ace19a,United States,0.0,True
ab1c47,United States,11.83,True
a8299a,United States,231.79,False
0c20b9,Panama,245.69,False
7c7c42,Australia,49.56,False
7c7c43,Australia,60.5,False
4691c5,Greece,235.29,False
4691c3,Greece,221.82,False
a5a2a7,United States,57.56,False
ab975c,United States,172.23,False
c03b15,Canada,243.56,False
a698fa,United States,55.02,False
a828e1,United States,5.66,True
a552bc,United States,38.12,False
710112,Saudi Arabia,278.96,False
a2f2d9,United States,38.5,False
a445ec,United States,2.57,True
451d85,Bulgaria,9.77,True
ac4dd6,United States,74.5,False
a35b71,United States,102.96,False
710100,Saudi Arabia,264.39,False
710104,Saudi Arabia,7.46,False
a61e79,United States,74.94,False
710101,Saudi Arabia,267.95,False
aafac4,United States,42.56,False
a445f0,United States,240.14,False
aaa120,United States,228.95,False
abc107,United States,225.18,False
a73e6d,United States,141.09,False
86e7a2,Japan,250.04,False
a1d2dc,United States,240.19,False
711462,Saudi Arabia,244.98,False
a72b34,United States,152.13,False
710116,Saudi Arabia,218.65,False
ab8469,United States,137.94,False
0c2179,Panama,275.94,False
aa76cb,United States,0.0,True
0c215f,Panama,241.54,False
010146,Egypt,198.55,False
710121,Saudi Arabia,284.69,False
4d2100,Malta,244.19,False
a7d085,United States,177.24,False
a19728,United States,65.07,False
4c0179,Serbia,155.99,False
4d2153,Malta,233.9,False
ac4dfb,United States,144.52,False
ac911d,United States,77.93,False
408314,United Kingdom,230.14,False
ac3adf,United States,236.83,False
adbdc1,United States,197.62,False
abc12a,United States,8.23,True
86d57f,Japan,80.29,False
a948a2,United States,145.55,False
ace108,United States,141.49,False
aab47b,United States,78.79,False
ad0122,United States,228.43,False
a00dd9,United States,130.3,False
a6b07e,United States,235.17,False
aa76a8,United States,226.91,False
408305,United Kingdom,148.8,False
a2f2fa,United States,217.58,False
4d211c,Malta,49.77,False
ad1462,United States,37.75,False
abc14d,United States,181.39,False
a17108,United States,240.65,False
39d2af,France,255.44,False
a9ce82,United States,38.34,False
4d206e,Malta,2.83,True
adbe91,United States,210.34,False
39d2ab,France,221.17,False
39d2ac,France,287.69,False
39d2b5,France,241.08,False
a20767,United States,64.51,False
a3271e,United States,1.8,True
4d207e,Malta,255.01,False
a3bda6,United States,148.67,False
a06461,United States,215.45,False
adbe80,United States,91.34,False
0ae10d,Costa Rica,79.78,False
a8ae7f,United States,199.97,False
a11aa6,United States,11.32,True
39d2a7,France,241.08,False
39d2a8,France,1.29,True
39d2a9,France,237.7,False
a00df9,United States,224.65,False
a7e2ec,United States,73.63,False
39d2a1,France,276.37,False
39d2a4,France,285.28,False
0c2166,Panama,205.45,False
a935e0,United States,116.97,False
a05162,United States,161.64,False
a29131,United States,35.19,False
a1c11a,United States,51.76,False
a05165,United States,8.75,True
7c7acf,Australia,42.82,False
a17140,United States,0.32,False
a1d44e,United States,0.0,True
a5a2cc,United States,125.01,False
7c7aca,Australia,146.32,False
711486,Saudi Arabia,79.24,False
01015d,Egypt,101.69,False
a9ce51,United States,49.48,False
71145e,Saudi Arabia,226.22,False
a43423,United States,230.96,False
a2f424,United States,219.53,False
a35ab8,United States,11.32,True
a23ace,United States,29.86,False
a11ad4,United States,126.17,False
a0fac3,United States,217.99,False
a96b14,United States,219.79,False
3480ce,Spain,153.35,False
7c7ab9,Australia,212.27,False
a9ce0f,United States,61.91,False
a1977d,United States,74.04,False
a59b9c,United States,0.0,True
a23ab6,United States,41.24,False
7c7ab2,Australia,257.82,False
7c7ab3,Australia,250.19,False
4d2095,Malta,217.87,False
01018d,Egypt,1218.45,False
7c7aa5,Australia,176.26,False
7c7aa6,Australia,270.02,False
a96b24,United States,32.49,False
7c7aa9,Australia,0.06,True
800ba9,India,1.03,True
7c7aa0,Australia,0.0,True
800bef,India,199.16,False
c04cb4,Canada,91.39,False
a79433,United States,98.89,False
a4478d,United States,0.0,True
abe5a2,United States,270.51,False
a54137,United States,270.13,False
71bf41,Republic of Korea,196.95,False
a97dab,United States,30.42,False
ac3b28,United States,31.96,False
a5b76f,United States,66.38,False
aab2a5,United States,245.12,False
c00638,Canada,205.45,False
a73dd3,United States,253.03,False
a67452,United States,205.28,False
a31486,United States,214.01,False
7c7b81,Australia,38.48,False
a6610a,United States,65.04,False
a12f07,United States,1.03,True
c00636,Canada,111.61,False
a12f08,United States,0.0,True
a35af8,United States,129.11,False
7c7b87,Australia,25.72,False
71bf75,Republic of Korea,270.7,False
c0197e,Canada,101.07,False
7c7b5b,Australia,61.32,False
a43458,United States,204.69,False
0100db,Egypt,6.17,True
aa7757,United States,199.28,False
a4343a,United States,238.82,False
a8175c,United States,6.17,False
850edc,Japan,82.93,False
abf8ff,United States,184.0,False
a4caf6,United States,69.63,False
a17170,United States,236.29,False
7c7b60,Australia,42.37,False
ac4e85,United States,246.35,False
a12f2a,United States,239.29,False
a81705,United States,53.37,False
a6d70c,United States,63.52,False
ac3b51,United States,80.39,False
71bf06,Republic of Korea,225.19,False
ad12c0,United States,51.35,False
a67416,United States,4.12,True
aab2f4,United States,39.8,False
ae58f1,United States,106.0,False
ac3b78,United States,245.35,False
71bf34,Republic of Korea,261.42,False
0100a7,Egypt,254.22,False
abd2ce,United States,50.95,False
aa7718,United States,6.17,True
adab31,United States,4.63,True
71bf28,Republic of Korea,186.69,False
a4caaa,United States,75.05,False
3c4315,Germany,13.89,True
a1d49e,United States,39.88,False
7c7b8f,Australia,49.9,False
ad12e0,United States,151.37,False
abd2e6,United States,214.05,False
71bf19,Republic of Korea,210.71,False
a12f6d,United States,194.97,False
a12f6f,United States,223.52,False
86d66d,Japan,191.01,False
a196f3,United States,223.32,False
a12f73,United States,239.23,False
4b191f,Switzerland,226.21,False
7580a0,Philippines,170.51,False
a7e489,United States,63.62,False
4b191b,Switzerland,226.72,False
a5c9b5,United States,157.71,False
a183d3,United States,194.71,False
a7f79b,United States,149.56,False
a063df,United States,193.0,False
a4a9d1,United States,81.08,False
ab1d06,United States,0.0,True
a7816a,United States,220.06,False
abc29a,United States,98.27,False
a4cc00,United States,98.62,False
a0c6c6,United States,239.78,False
a196c8,United States,66.07,False
a12f52,United States,202.56,False
a96ae3,United States,194.3,False
a92478,United States,200.74,False
a1e6b9,United States,275.24,False
4caa6d,Ireland,208.64,False
7c47bb,Australia,220.17,False
a6b185,United States,32.61,False
a12f71,United States,245.58,False
a12f72,United States,244.56,False
adabfe,United States,5.4,True
7c47bd,Australia,255.48,False
a9bac5,United States,5.14,True
a300a9,United States,203.49,False
a5eaf8,United States,36.07,False
71bf94,Republic of Korea,0.0,True
aafd17,United States,251.51,False
71bf91,Republic of Korea,229.81,False
ab0a04,United States,131.71,False
86d61c,Japan,256.15,False
ad5d04,United States,0.0,True
40717a,United Kingdom,215.07,False
a7d114,United States,66.13,False
40717e,United Kingdom,216.6,False
40717f,United Kingdom,228.81,False
a73dfe,United States,242.16,False
71bf82,Republic of Korea,240.65,False
a1d3bf,United States,93.69,False
c04f8d,Canada,148.81,False
a1d3d1,United States,164.64,False
407182,United Kingdom,261.22,False
407183,United Kingdom,131.22,False
7c6a54,Australia,77.98,False
a7f765,United States,243.18,False
7c6a58,Australia,134.1,False
7100bf,Saudi Arabia,256.51,False
a47c26,United States,55.59,False
aafd1e,United States,55.8,False
407179,United Kingdom,213.9,False
ab84c2,United States,85.75,False
a36f66,United States,134.97,False
407176,United Kingdom,219.69,False
a35c40,United States,34.32,False
ab84c9,United States,239.27,False
abe7c5,United States,190.85,False
ac3d43,United States,47.13,False
ad14a3,United States,234.61,False
a6b140,United States,41.06,False
a4a9a8,United States,243.1,False
a1d3b4,United States,0.77,True
ae4849,United States,66.06,False
ae4840,United States,51.0,False
ae4842,United States,50.39,False
3c66c5,Germany,233.29,False
a4df7e,United States,39.64,False
ad6ecc,United States,56.47,False
ae483f,United States,15.44,False
a7f6aa,United States,222.37,False
0c2083,Panama,239.7,False
a0781e,United States,47.67,False
a7f6b9,United States,236.29,False
ad6ec6,United States,240.13,False
4d2003,Malta,232.7,False
0c206b,Panama,231.7,False
a923a7,United States,230.51,False
a923a8,United States,240.89,False
a923a9,United States,245.84,False
0c205f,Panama,246.57,False
abe872,United States,219.54,False
ad2862,United States,207.48,False
aa9a30,United States,183.93,False
0c2073,Panama,137.31,False
a23c93,United States,156.78,False
ab1bf9,United States,237.23,False
86d5a1,Japan,139.92,False
abd559,United States,234.49,False
a936a7,United States,85.49,False
861e56,Japan,66.88,True
a540e2,United States,246.78,False
ac088e,United States,214.22,False
abd53b,United States,75.93,False
0c2061,Panama,247.09,False
aa9a0a,United States,6.17,True
4692d7,Greece,0.0,True
aafbf3,United States,131.29,False
a5ec61,United States,197.68,False
a5ff93,United States,220.99,False
ab8590,United States,70.22,False
a84c32,United States,62.38,False
abe892,United States,5.92,True
ab7267,United States,227.25,False
c006ec,Canada,279.4,False
47ae38,Norway,253.81,False
0c2052,Panama,141.5,False
0c2051,Panama,226.88,False
7c47b9,Australia,4.89,True
a4df52,United States,200.39,False
7c47b8,Australia,1.29,True
a3280a,United States,243.41,False
a4df56,United States,169.13,False
acf54f,United States,204.68,False
a73f35,United States,239.47,False
ad2898,United States,0.0,True
4d201e,Malta,232.15,False
7c47ac,Australia,260.38,False
aaa267,United States,244.37,False
ad1560,United States,244.07,False
7c47a8,Australia,257.32,False
7c47a9,Australia,243.18,False
a20847,United States,85.05,False
7580ef,Philippines,96.48,False
4d203d,Malta,243.07,False
c019c5,Canada,147.19,False
a32817,United States,75.02,False
a32814,United States,141.81,False
a9249c,United States,239.71,False
4b906d,Turkey,519.71,False
c006c3,Canada,119.18,False
4b906c,Turkey,1090.86,False
451e90,Bulgaria,253.15,False
a32803,United States,233.22,False
a59c52,United States,42.34,False
abd57e,United States,237.56,False
a4df89,United States,190.37,False
4d201a,Malta,244.82,False
3c66c1,Germany,261.88,False
c03c04,Canada,0.0,True
0c208e,Panama,242.98,False
0c208c,Panama,122.31,False
a85f29,United States,235.71,False
a553ce,United States,238.29,False
0c2096,Panama,237.66,False
0c2095,Panama,232.67,False
0d0fed,Mexico,241.17,False
a8f0bd,United States,245.93,False
a4482e,United States,216.11,False
7c7bad,Australia,54.01,False
ac90f3,United States,220.27,False
a0fbb7,United States,128.64,False
a31533,United States,140.98,False
4082e6,United Kingdom,224.51,False
adac5d,United States,239.51,False
a36eae,United States,256.35,False
a24ef7,United States,238.08,False
4082cc,United Kingdom,224.58,False
7c7ba1,Australia,53.5,False
a32851,United States,189.28,False
a96c72,United States,224.0,False
a12ee7,United States,258.09,False
a923ee,United States,237.05,False
a19865,United States,38.35,False
ac0818,United States,228.43,False
04c332,Kenya,239.36,False
a11bc8,United States,219.68,False
ad2807,United States,209.76,False
a8af9d,United States,1.54,True
a56869,United States,42.62,False
a36ea8,United States,132.07,False
7c3515,Australia,61.07,False
a56862,United States,235.91,False
0c2046,Panama,72.99,False
abe80e,United States,215.56,False
a84c60,United States,72.76,False
a17260,United States,43.68,False
a0b57d,United States,42.48,False
a2089d,United States,273.66,False
a18597,United States,51.14,False
a923cd,United States,234.93,False
a923cf,United States,228.63,False
a32890,United States,101.92,False
71157e,Saudi Arabia,231.65,False
a7f6f7,United States,209.25,False
a72c78,United States,247.14,False
a6c3ca,United States,229.2,False
a660dc,United States,37.61,False
ab2ee0,United States,169.71,False
7c7bd9,Australia,54.5,False
86e7de,Japan,92.76,False
ab8537,United States,229.67,False
7c7bd1,Australia,215.75,False
a9bc12,United States,96.93,False
7c7bce,Australia,204.47,False
800cc7,India,208.53,False
a96c2e,United States,7.2,True
abe82c,United States,268.87,False
4b17f8,Switzerland,0.0,True
a36ee3,United States,219.02,False
7c7bc6,Australia,199.73,False
ae4814,United States,58.66,False
a793fd,United States,189.89,False
a6b0bd,United States,213.84,False
0d0fde,Mexico,241.43,False
c03af2,Canada,198.59,False
7c7bc1,Australia,4.37,True
abd50f,United States,228.42,False
aac873,United States,207.78,False
0d0ff8,Mexico,220.63,False
ad6f3b,United States,75.95,False
7c7c9c,Australia,245.32,False
a66239,United States,83.49,False
ad6f52,United States,30.25,False
ac4f4c,United States,238.65,False
aa5237,United States,233.8,False
3481d5,Spain,144.38,False
a6b20d,United States,139.27,False
a96ba9,United States,3.6,True
3481c9,Spain,0.9,True
a67571,United States,265.0,False
a6755b,United States,88.49,False
aac6ee,United States,252.83,False
c00757,Canada,180.07,False
ac3c41,United States,114.48,False
a72bda,United States,242.63,False
a2f584,United States,7.46,True
ab83e8,United States,238.17,False
ad5c46,United States,74.35,False
a6d88b,United States,221.16,False
ad5c3a,United States,90.03,False
86d607,Japan,0.0,True
a43569,United States,48.02,False
ac90a8,United States,196.66,False
a8aeb6,United States,240.19,False
7c33ee,Australia,66.81,False
ad5c33,United States,0.32,True
a5427b,United States,231.05,False
0d0fb1,Mexico,233.94,False
ac90a7,United States,0.9,True
ac4f92,United States,230.35,False
a8181f,United States,166.49,False
44b661,Belgium,56.92,False
aa6533,United States,238.65,False
a67521,United States,92.27,False
a81833,United States,130.9,False
ad6f93,United States,278.21,False
a81832,United States,132.22,False
4caa40,Ireland,214.97,False
abc0c1,United States,239.73,False
4caa57,Ireland,230.3,False
a81815,United States,208.95,False
a7f804,United States,1.03,True
a3befa,United States,10.8,True
a197d6,United States,74.55,False
a97ea1,United States,50.0,False
a73eb7,United States,46.29,False
a2e28f,United States,237.01,False
aa0ec7,United States,7.46,True
a1e7a8,United States,57.8,False
4b1918,Switzerland,165.7,False
4b1919,Switzerland,0.26,True
a6d857,United States,7.46,True
aaa0e9,United States,163.94,False
a80522,United States,60.56,False
a5688a,United States,225.84,False
a5b867,United States,54.82,False
850fb6,Japan,236.89,False
a68871,United States,57.14,False
c00741,Canada,214.07,False
a55568,United States,53.11,False
adbf6c,United States,50.78,False
abc0e4,United States,211.44,False
a6d83c,United States,229.06,False
abc0d9,United States,63.31,False
c00734,Canada,117.8,False
