[2026-04-27T06:58:13.577+0000] {processor.py:161} INFO - Started process (PID=63) to work on /opt/airflow/dags/flights-pipeline.py
[2026-04-27T06:58:13.999+0000] {processor.py:830} INFO - Processing file /opt/airflow/dags/flights-pipeline.py for tasks to queue
[2026-04-27T06:58:15.055+0000] {logging_mixin.py:188} INFO - [2026-04-27T06:58:15.037+0000] {dagbag.py:545} INFO - Filling up the DagBag from /opt/airflow/dags/flights-pipeline.py
[2026-04-27T06:58:15.545+0000] {logging_mixin.py:188} INFO - [2026-04-27T06:58:15.477+0000] {dagbag.py:355} ERROR - Failed to import: /opt/airflow/dags/flights-pipeline.py
Traceback (most recent call last):
  File "/home/airflow/.local/lib/python3.12/site-packages/airflow/models/dagbag.py", line 351, in parse
    loader.exec_module(new_module)
  File "<frozen importlib._bootstrap_external>", line 995, in exec_module
  File "<frozen importlib._bootstrap>", line 488, in _call_with_frames_removed
  File "/opt/airflow/dags/flights-pipeline.py", line 12, in <module>
    from scripts.bronze_layer import run_bronze_ingestion
ModuleNotFoundError: No module named 'scripts.bronze_layer'
[2026-04-27T06:58:16.123+0000] {processor.py:842} WARNING - No viable dags retrieved from /opt/airflow/dags/flights-pipeline.py
[2026-04-27T06:58:17.264+0000] {processor.py:183} INFO - Processing /opt/airflow/dags/flights-pipeline.py took 7.786 seconds
[2026-04-27T06:58:54.101+0000] {processor.py:161} INFO - Started process (PID=64) to work on /opt/airflow/dags/flights-pipeline.py
[2026-04-27T06:58:54.240+0000] {processor.py:830} INFO - Processing file /opt/airflow/dags/flights-pipeline.py for tasks to queue
[2026-04-27T06:58:54.489+0000] {logging_mixin.py:188} INFO - [2026-04-27T06:58:54.440+0000] {dagbag.py:545} INFO - Filling up the DagBag from /opt/airflow/dags/flights-pipeline.py
[2026-04-27T06:58:55.558+0000] {logging_mixin.py:188} INFO - [2026-04-27T06:58:55.457+0000] {dagbag.py:355} ERROR - Failed to import: /opt/airflow/dags/flights-pipeline.py
Traceback (most recent call last):
  File "/home/airflow/.local/lib/python3.12/site-packages/airflow/models/dagbag.py", line 351, in parse
    loader.exec_module(new_module)
  File "<frozen importlib._bootstrap_external>", line 995, in exec_module
  File "<frozen importlib._bootstrap>", line 488, in _call_with_frames_removed
  File "/opt/airflow/dags/flights-pipeline.py", line 12, in <module>
    from scripts.bronze_layer import run_bronze_ingestion
ModuleNotFoundError: No module named 'scripts.bronze_layer'
[2026-04-27T06:58:55.600+0000] {processor.py:842} WARNING - No viable dags retrieved from /opt/airflow/dags/flights-pipeline.py
[2026-04-27T06:58:56.492+0000] {processor.py:183} INFO - Processing /opt/airflow/dags/flights-pipeline.py took 3.495 seconds
[2026-04-27T06:59:27.011+0000] {processor.py:161} INFO - Started process (PID=65) to work on /opt/airflow/dags/flights-pipeline.py
[2026-04-27T06:59:27.014+0000] {processor.py:830} INFO - Processing file /opt/airflow/dags/flights-pipeline.py for tasks to queue
[2026-04-27T06:59:27.021+0000] {logging_mixin.py:188} INFO - [2026-04-27T06:59:27.020+0000] {dagbag.py:545} INFO - Filling up the DagBag from /opt/airflow/dags/flights-pipeline.py
[2026-04-27T06:59:27.084+0000] {logging_mixin.py:188} INFO - [2026-04-27T06:59:27.073+0000] {dagbag.py:355} ERROR - Failed to import: /opt/airflow/dags/flights-pipeline.py
Traceback (most recent call last):
  File "/home/airflow/.local/lib/python3.12/site-packages/airflow/models/dagbag.py", line 351, in parse
    loader.exec_module(new_module)
  File "<frozen importlib._bootstrap_external>", line 995, in exec_module
  File "<frozen importlib._bootstrap>", line 488, in _call_with_frames_removed
  File "/opt/airflow/dags/flights-pipeline.py", line 12, in <module>
    from scripts.bronze_layer import run_bronze_ingestion
ModuleNotFoundError: No module named 'scripts.bronze_layer'
[2026-04-27T06:59:27.088+0000] {processor.py:842} WARNING - No viable dags retrieved from /opt/airflow/dags/flights-pipeline.py
[2026-04-27T06:59:27.153+0000] {processor.py:183} INFO - Processing /opt/airflow/dags/flights-pipeline.py took 0.163 seconds
[2026-04-27T06:59:57.836+0000] {processor.py:161} INFO - Started process (PID=66) to work on /opt/airflow/dags/flights-pipeline.py
[2026-04-27T06:59:57.839+0000] {processor.py:830} INFO - Processing file /opt/airflow/dags/flights-pipeline.py for tasks to queue
[2026-04-27T06:59:57.848+0000] {logging_mixin.py:188} INFO - [2026-04-27T06:59:57.847+0000] {dagbag.py:545} INFO - Filling up the DagBag from /opt/airflow/dags/flights-pipeline.py
[2026-04-27T06:59:57.927+0000] {logging_mixin.py:188} INFO - [2026-04-27T06:59:57.912+0000] {dagbag.py:355} ERROR - Failed to import: /opt/airflow/dags/flights-pipeline.py
Traceback (most recent call last):
  File "/home/airflow/.local/lib/python3.12/site-packages/airflow/models/dagbag.py", line 351, in parse
    loader.exec_module(new_module)
  File "<frozen importlib._bootstrap_external>", line 995, in exec_module
  File "<frozen importlib._bootstrap>", line 488, in _call_with_frames_removed
  File "/opt/airflow/dags/flights-pipeline.py", line 12, in <module>
    from scripts.bronze_layer import run_bronze_ingestion
ModuleNotFoundError: No module named 'scripts.bronze_layer'
[2026-04-27T06:59:57.931+0000] {processor.py:842} WARNING - No viable dags retrieved from /opt/airflow/dags/flights-pipeline.py
[2026-04-27T06:59:58.368+0000] {processor.py:183} INFO - Processing /opt/airflow/dags/flights-pipeline.py took 0.550 seconds
[2026-04-27T07:00:28.919+0000] {processor.py:161} INFO - Started process (PID=67) to work on /opt/airflow/dags/flights-pipeline.py
[2026-04-27T07:00:29.086+0000] {processor.py:830} INFO - Processing file /opt/airflow/dags/flights-pipeline.py for tasks to queue
[2026-04-27T07:00:29.092+0000] {logging_mixin.py:188} INFO - [2026-04-27T07:00:29.091+0000] {dagbag.py:545} INFO - Filling up the DagBag from /opt/airflow/dags/flights-pipeline.py
[2026-04-27T07:00:29.156+0000] {logging_mixin.py:188} INFO - [2026-04-27T07:00:29.142+0000] {dagbag.py:355} ERROR - Failed to import: /opt/airflow/dags/flights-pipeline.py
Traceback (most recent call last):
  File "/home/airflow/.local/lib/python3.12/site-packages/airflow/models/dagbag.py", line 351, in parse
    loader.exec_module(new_module)
  File "<frozen importlib._bootstrap_external>", line 995, in exec_module
  File "<frozen importlib._bootstrap>", line 488, in _call_with_frames_removed
  File "/opt/airflow/dags/flights-pipeline.py", line 12, in <module>
    from scripts.bronze_layer import run_bronze_ingestion
ModuleNotFoundError: No module named 'scripts.bronze_layer'
[2026-04-27T07:00:29.160+0000] {processor.py:842} WARNING - No viable dags retrieved from /opt/airflow/dags/flights-pipeline.py
[2026-04-27T07:00:29.250+0000] {processor.py:183} INFO - Processing /opt/airflow/dags/flights-pipeline.py took 0.351 seconds
[2026-04-27T07:00:59.499+0000] {processor.py:161} INFO - Started process (PID=68) to work on /opt/airflow/dags/flights-pipeline.py
[2026-04-27T07:00:59.504+0000] {processor.py:830} INFO - Processing file /opt/airflow/dags/flights-pipeline.py for tasks to queue
[2026-04-27T07:00:59.511+0000] {logging_mixin.py:188} INFO - [2026-04-27T07:00:59.510+0000] {dagbag.py:545} INFO - Filling up the DagBag from /opt/airflow/dags/flights-pipeline.py
[2026-04-27T07:00:59.584+0000] {logging_mixin.py:188} INFO - [2026-04-27T07:00:59.570+0000] {dagbag.py:355} ERROR - Failed to import: /opt/airflow/dags/flights-pipeline.py
Traceback (most recent call last):
  File "/home/airflow/.local/lib/python3.12/site-packages/airflow/models/dagbag.py", line 351, in parse
    loader.exec_module(new_module)
  File "<frozen importlib._bootstrap_external>", line 995, in exec_module
  File "<frozen importlib._bootstrap>", line 488, in _call_with_frames_removed
  File "/opt/airflow/dags/flights-pipeline.py", line 12, in <module>
    from scripts.bronze_layer import run_bronze_ingestion
ModuleNotFoundError: No module named 'scripts.bronze_layer'
[2026-04-27T07:00:59.590+0000] {processor.py:842} WARNING - No viable dags retrieved from /opt/airflow/dags/flights-pipeline.py
[2026-04-27T07:00:59.656+0000] {processor.py:183} INFO - Processing /opt/airflow/dags/flights-pipeline.py took 0.175 seconds
[2026-04-27T07:01:30.002+0000] {processor.py:161} INFO - Started process (PID=69) to work on /opt/airflow/dags/flights-pipeline.py
[2026-04-27T07:01:30.006+0000] {processor.py:830} INFO - Processing file /opt/airflow/dags/flights-pipeline.py for tasks to queue
[2026-04-27T07:01:30.014+0000] {logging_mixin.py:188} INFO - [2026-04-27T07:01:30.012+0000] {dagbag.py:545} INFO - Filling up the DagBag from /opt/airflow/dags/flights-pipeline.py
[2026-04-27T07:01:30.107+0000] {logging_mixin.py:188} INFO - [2026-04-27T07:01:30.091+0000] {dagbag.py:355} ERROR - Failed to import: /opt/airflow/dags/flights-pipeline.py
Traceback (most recent call last):
  File "/home/airflow/.local/lib/python3.12/site-packages/airflow/models/dagbag.py", line 351, in parse
    loader.exec_module(new_module)
  File "<frozen importlib._bootstrap_external>", line 995, in exec_module
  File "<frozen importlib._bootstrap>", line 488, in _call_with_frames_removed
  File "/opt/airflow/dags/flights-pipeline.py", line 12, in <module>
    from scripts.bronze_layer import run_bronze_ingestion
ModuleNotFoundError: No module named 'scripts.bronze_layer'
[2026-04-27T07:01:30.113+0000] {processor.py:842} WARNING - No viable dags retrieved from /opt/airflow/dags/flights-pipeline.py
[2026-04-27T07:01:30.193+0000] {processor.py:183} INFO - Processing /opt/airflow/dags/flights-pipeline.py took 0.213 seconds
[2026-04-27T07:02:00.454+0000] {processor.py:161} INFO - Started process (PID=70) to work on /opt/airflow/dags/flights-pipeline.py
[2026-04-27T07:02:00.459+0000] {processor.py:830} INFO - Processing file /opt/airflow/dags/flights-pipeline.py for tasks to queue
[2026-04-27T07:02:00.465+0000] {logging_mixin.py:188} INFO - [2026-04-27T07:02:00.464+0000] {dagbag.py:545} INFO - Filling up the DagBag from /opt/airflow/dags/flights-pipeline.py
[2026-04-27T07:02:00.533+0000] {logging_mixin.py:188} INFO - [2026-04-27T07:02:00.518+0000] {dagbag.py:355} ERROR - Failed to import: /opt/airflow/dags/flights-pipeline.py
Traceback (most recent call last):
  File "/home/airflow/.local/lib/python3.12/site-packages/airflow/models/dagbag.py", line 351, in parse
    loader.exec_module(new_module)
  File "<frozen importlib._bootstrap_external>", line 995, in exec_module
  File "<frozen importlib._bootstrap>", line 488, in _call_with_frames_removed
  File "/opt/airflow/dags/flights-pipeline.py", line 12, in <module>
    from scripts.bronze_layer import run_bronze_ingestion
ModuleNotFoundError: No module named 'scripts.bronze_layer'
[2026-04-27T07:02:00.538+0000] {processor.py:842} WARNING - No viable dags retrieved from /opt/airflow/dags/flights-pipeline.py
[2026-04-27T07:02:00.623+0000] {processor.py:183} INFO - Processing /opt/airflow/dags/flights-pipeline.py took 0.189 seconds
[2026-04-27T07:02:30.984+0000] {processor.py:161} INFO - Started process (PID=71) to work on /opt/airflow/dags/flights-pipeline.py
[2026-04-27T07:02:30.989+0000] {processor.py:830} INFO - Processing file /opt/airflow/dags/flights-pipeline.py for tasks to queue
[2026-04-27T07:02:30.996+0000] {logging_mixin.py:188} INFO - [2026-04-27T07:02:30.995+0000] {dagbag.py:545} INFO - Filling up the DagBag from /opt/airflow/dags/flights-pipeline.py
[2026-04-27T07:02:31.086+0000] {logging_mixin.py:188} INFO - [2026-04-27T07:02:31.069+0000] {dagbag.py:355} ERROR - Failed to import: /opt/airflow/dags/flights-pipeline.py
Traceback (most recent call last):
  File "/home/airflow/.local/lib/python3.12/site-packages/airflow/models/dagbag.py", line 351, in parse
    loader.exec_module(new_module)
  File "<frozen importlib._bootstrap_external>", line 995, in exec_module
  File "<frozen importlib._bootstrap>", line 488, in _call_with_frames_removed
  File "/opt/airflow/dags/flights-pipeline.py", line 12, in <module>
    from scripts.bronze_layer import run_bronze_ingestion
ModuleNotFoundError: No module named 'scripts.bronze_layer'
[2026-04-27T07:02:31.092+0000] {processor.py:842} WARNING - No viable dags retrieved from /opt/airflow/dags/flights-pipeline.py
[2026-04-27T07:02:31.180+0000] {processor.py:183} INFO - Processing /opt/airflow/dags/flights-pipeline.py took 0.216 seconds
[2026-04-27T07:03:01.476+0000] {processor.py:161} INFO - Started process (PID=72) to work on /opt/airflow/dags/flights-pipeline.py
[2026-04-27T07:03:01.479+0000] {processor.py:830} INFO - Processing file /opt/airflow/dags/flights-pipeline.py for tasks to queue
[2026-04-27T07:03:01.485+0000] {logging_mixin.py:188} INFO - [2026-04-27T07:03:01.483+0000] {dagbag.py:545} INFO - Filling up the DagBag from /opt/airflow/dags/flights-pipeline.py
[2026-04-27T07:03:01.546+0000] {logging_mixin.py:188} INFO - [2026-04-27T07:03:01.536+0000] {dagbag.py:355} ERROR - Failed to import: /opt/airflow/dags/flights-pipeline.py
Traceback (most recent call last):
  File "/home/airflow/.local/lib/python3.12/site-packages/airflow/models/dagbag.py", line 351, in parse
    loader.exec_module(new_module)
  File "<frozen importlib._bootstrap_external>", line 995, in exec_module
  File "<frozen importlib._bootstrap>", line 488, in _call_with_frames_removed
  File "/opt/airflow/dags/flights-pipeline.py", line 12, in <module>
    from scripts.bronze_layer import run_bronze_ingestion
ModuleNotFoundError: No module named 'scripts.bronze_layer'
[2026-04-27T07:03:01.549+0000] {processor.py:842} WARNING - No viable dags retrieved from /opt/airflow/dags/flights-pipeline.py
[2026-04-27T07:03:01.620+0000] {processor.py:183} INFO - Processing /opt/airflow/dags/flights-pipeline.py took 0.165 seconds
[2026-04-27T07:03:32.146+0000] {processor.py:161} INFO - Started process (PID=73) to work on /opt/airflow/dags/flights-pipeline.py
[2026-04-27T07:03:32.149+0000] {processor.py:830} INFO - Processing file /opt/airflow/dags/flights-pipeline.py for tasks to queue
[2026-04-27T07:03:32.154+0000] {logging_mixin.py:188} INFO - [2026-04-27T07:03:32.153+0000] {dagbag.py:545} INFO - Filling up the DagBag from /opt/airflow/dags/flights-pipeline.py
[2026-04-27T07:03:32.213+0000] {logging_mixin.py:188} INFO - [2026-04-27T07:03:32.198+0000] {dagbag.py:355} ERROR - Failed to import: /opt/airflow/dags/flights-pipeline.py
Traceback (most recent call last):
  File "/home/airflow/.local/lib/python3.12/site-packages/airflow/models/dagbag.py", line 351, in parse
    loader.exec_module(new_module)
  File "<frozen importlib._bootstrap_external>", line 995, in exec_module
  File "<frozen importlib._bootstrap>", line 488, in _call_with_frames_removed
  File "/opt/airflow/dags/flights-pipeline.py", line 12, in <module>
    from scripts.bronze_layer import run_bronze_ingestion
ModuleNotFoundError: No module named 'scripts.bronze_layer'
[2026-04-27T07:03:32.216+0000] {processor.py:842} WARNING - No viable dags retrieved from /opt/airflow/dags/flights-pipeline.py
[2026-04-27T07:03:32.276+0000] {processor.py:183} INFO - Processing /opt/airflow/dags/flights-pipeline.py took 0.154 seconds
[2026-04-27T07:04:02.561+0000] {processor.py:161} INFO - Started process (PID=74) to work on /opt/airflow/dags/flights-pipeline.py
[2026-04-27T07:04:02.565+0000] {processor.py:830} INFO - Processing file /opt/airflow/dags/flights-pipeline.py for tasks to queue
[2026-04-27T07:04:02.570+0000] {logging_mixin.py:188} INFO - [2026-04-27T07:04:02.569+0000] {dagbag.py:545} INFO - Filling up the DagBag from /opt/airflow/dags/flights-pipeline.py
[2026-04-27T07:04:02.626+0000] {logging_mixin.py:188} INFO - [2026-04-27T07:04:02.616+0000] {dagbag.py:355} ERROR - Failed to import: /opt/airflow/dags/flights-pipeline.py
Traceback (most recent call last):
  File "/home/airflow/.local/lib/python3.12/site-packages/airflow/models/dagbag.py", line 351, in parse
    loader.exec_module(new_module)
  File "<frozen importlib._bootstrap_external>", line 995, in exec_module
  File "<frozen importlib._bootstrap>", line 488, in _call_with_frames_removed
  File "/opt/airflow/dags/flights-pipeline.py", line 12, in <module>
    from scripts.bronze_layer import run_bronze_ingestion
ModuleNotFoundError: No module named 'scripts.bronze_layer'
[2026-04-27T07:04:02.630+0000] {processor.py:842} WARNING - No viable dags retrieved from /opt/airflow/dags/flights-pipeline.py
[2026-04-27T07:04:02.708+0000] {processor.py:183} INFO - Processing /opt/airflow/dags/flights-pipeline.py took 0.168 seconds
[2026-04-27T07:04:32.995+0000] {processor.py:161} INFO - Started process (PID=75) to work on /opt/airflow/dags/flights-pipeline.py
[2026-04-27T07:04:32.998+0000] {processor.py:830} INFO - Processing file /opt/airflow/dags/flights-pipeline.py for tasks to queue
[2026-04-27T07:04:33.004+0000] {logging_mixin.py:188} INFO - [2026-04-27T07:04:33.003+0000] {dagbag.py:545} INFO - Filling up the DagBag from /opt/airflow/dags/flights-pipeline.py
[2026-04-27T07:04:33.060+0000] {logging_mixin.py:188} INFO - [2026-04-27T07:04:33.051+0000] {dagbag.py:355} ERROR - Failed to import: /opt/airflow/dags/flights-pipeline.py
Traceback (most recent call last):
  File "/home/airflow/.local/lib/python3.12/site-packages/airflow/models/dagbag.py", line 351, in parse
    loader.exec_module(new_module)
  File "<frozen importlib._bootstrap_external>", line 995, in exec_module
  File "<frozen importlib._bootstrap>", line 488, in _call_with_frames_removed
  File "/opt/airflow/dags/flights-pipeline.py", line 12, in <module>
    from scripts.bronze_layer import run_bronze_ingestion
ModuleNotFoundError: No module named 'scripts.bronze_layer'
[2026-04-27T07:04:33.065+0000] {processor.py:842} WARNING - No viable dags retrieved from /opt/airflow/dags/flights-pipeline.py
[2026-04-27T07:04:33.128+0000] {processor.py:183} INFO - Processing /opt/airflow/dags/flights-pipeline.py took 0.149 seconds
[2026-04-27T07:05:03.449+0000] {processor.py:161} INFO - Started process (PID=76) to work on /opt/airflow/dags/flights-pipeline.py
[2026-04-27T07:05:03.451+0000] {processor.py:830} INFO - Processing file /opt/airflow/dags/flights-pipeline.py for tasks to queue
[2026-04-27T07:05:03.457+0000] {logging_mixin.py:188} INFO - [2026-04-27T07:05:03.456+0000] {dagbag.py:545} INFO - Filling up the DagBag from /opt/airflow/dags/flights-pipeline.py
[2026-04-27T07:05:03.511+0000] {logging_mixin.py:188} INFO - [2026-04-27T07:05:03.501+0000] {dagbag.py:355} ERROR - Failed to import: /opt/airflow/dags/flights-pipeline.py
Traceback (most recent call last):
  File "/home/airflow/.local/lib/python3.12/site-packages/airflow/models/dagbag.py", line 351, in parse
    loader.exec_module(new_module)
  File "<frozen importlib._bootstrap_external>", line 995, in exec_module
  File "<frozen importlib._bootstrap>", line 488, in _call_with_frames_removed
  File "/opt/airflow/dags/flights-pipeline.py", line 12, in <module>
    from scripts.bronze_layer import run_bronze_ingestion
ModuleNotFoundError: No module named 'scripts.bronze_layer'
[2026-04-27T07:05:03.514+0000] {processor.py:842} WARNING - No viable dags retrieved from /opt/airflow/dags/flights-pipeline.py
[2026-04-27T07:05:03.568+0000] {processor.py:183} INFO - Processing /opt/airflow/dags/flights-pipeline.py took 0.133 seconds
[2026-04-27T07:05:33.934+0000] {processor.py:161} INFO - Started process (PID=77) to work on /opt/airflow/dags/flights-pipeline.py
[2026-04-27T07:05:33.937+0000] {processor.py:830} INFO - Processing file /opt/airflow/dags/flights-pipeline.py for tasks to queue
[2026-04-27T07:05:33.942+0000] {logging_mixin.py:188} INFO - [2026-04-27T07:05:33.941+0000] {dagbag.py:545} INFO - Filling up the DagBag from /opt/airflow/dags/flights-pipeline.py
[2026-04-27T07:05:33.996+0000] {logging_mixin.py:188} INFO - [2026-04-27T07:05:33.986+0000] {dagbag.py:355} ERROR - Failed to import: /opt/airflow/dags/flights-pipeline.py
Traceback (most recent call last):
  File "/home/airflow/.local/lib/python3.12/site-packages/airflow/models/dagbag.py", line 351, in parse
    loader.exec_module(new_module)
  File "<frozen importlib._bootstrap_external>", line 995, in exec_module
  File "<frozen importlib._bootstrap>", line 488, in _call_with_frames_removed
  File "/opt/airflow/dags/flights-pipeline.py", line 12, in <module>
    from scripts.bronze_layer import run_bronze_ingestion
ModuleNotFoundError: No module named 'scripts.bronze_layer'
[2026-04-27T07:05:33.999+0000] {processor.py:842} WARNING - No viable dags retrieved from /opt/airflow/dags/flights-pipeline.py
[2026-04-27T07:05:34.079+0000] {processor.py:183} INFO - Processing /opt/airflow/dags/flights-pipeline.py took 0.167 seconds
[2026-04-27T07:06:04.368+0000] {processor.py:161} INFO - Started process (PID=78) to work on /opt/airflow/dags/flights-pipeline.py
[2026-04-27T07:06:04.371+0000] {processor.py:830} INFO - Processing file /opt/airflow/dags/flights-pipeline.py for tasks to queue
[2026-04-27T07:06:04.378+0000] {logging_mixin.py:188} INFO - [2026-04-27T07:06:04.377+0000] {dagbag.py:545} INFO - Filling up the DagBag from /opt/airflow/dags/flights-pipeline.py
[2026-04-27T07:06:04.465+0000] {logging_mixin.py:188} INFO - [2026-04-27T07:06:04.452+0000] {dagbag.py:355} ERROR - Failed to import: /opt/airflow/dags/flights-pipeline.py
Traceback (most recent call last):
  File "/home/airflow/.local/lib/python3.12/site-packages/airflow/models/dagbag.py", line 351, in parse
    loader.exec_module(new_module)
  File "<frozen importlib._bootstrap_external>", line 995, in exec_module
  File "<frozen importlib._bootstrap>", line 488, in _call_with_frames_removed
  File "/opt/airflow/dags/flights-pipeline.py", line 12, in <module>
    from scripts.bronze_layer import run_bronze_ingestion
ModuleNotFoundError: No module named 'scripts.bronze_layer'
[2026-04-27T07:06:04.470+0000] {processor.py:842} WARNING - No viable dags retrieved from /opt/airflow/dags/flights-pipeline.py
[2026-04-27T07:06:04.540+0000] {processor.py:183} INFO - Processing /opt/airflow/dags/flights-pipeline.py took 0.191 seconds
[2026-04-27T07:06:34.723+0000] {processor.py:161} INFO - Started process (PID=79) to work on /opt/airflow/dags/flights-pipeline.py
[2026-04-27T07:06:34.727+0000] {processor.py:830} INFO - Processing file /opt/airflow/dags/flights-pipeline.py for tasks to queue
[2026-04-27T07:06:34.733+0000] {logging_mixin.py:188} INFO - [2026-04-27T07:06:34.732+0000] {dagbag.py:545} INFO - Filling up the DagBag from /opt/airflow/dags/flights-pipeline.py
[2026-04-27T07:06:34.788+0000] {logging_mixin.py:188} INFO - [2026-04-27T07:06:34.778+0000] {dagbag.py:355} ERROR - Failed to import: /opt/airflow/dags/flights-pipeline.py
Traceback (most recent call last):
  File "/home/airflow/.local/lib/python3.12/site-packages/airflow/models/dagbag.py", line 351, in parse
    loader.exec_module(new_module)
  File "<frozen importlib._bootstrap_external>", line 995, in exec_module
  File "<frozen importlib._bootstrap>", line 488, in _call_with_frames_removed
  File "/opt/airflow/dags/flights-pipeline.py", line 12, in <module>
    from scripts.bronze_layer import run_bronze_ingestion
ModuleNotFoundError: No module named 'scripts.bronze_layer'
[2026-04-27T07:06:34.791+0000] {processor.py:842} WARNING - No viable dags retrieved from /opt/airflow/dags/flights-pipeline.py
[2026-04-27T07:06:34.856+0000] {processor.py:183} INFO - Processing /opt/airflow/dags/flights-pipeline.py took 0.151 seconds
[2026-04-27T07:07:05.386+0000] {processor.py:161} INFO - Started process (PID=80) to work on /opt/airflow/dags/flights-pipeline.py
[2026-04-27T07:07:05.388+0000] {processor.py:830} INFO - Processing file /opt/airflow/dags/flights-pipeline.py for tasks to queue
[2026-04-27T07:07:05.395+0000] {logging_mixin.py:188} INFO - [2026-04-27T07:07:05.393+0000] {dagbag.py:545} INFO - Filling up the DagBag from /opt/airflow/dags/flights-pipeline.py
[2026-04-27T07:07:05.466+0000] {logging_mixin.py:188} INFO - [2026-04-27T07:07:05.455+0000] {dagbag.py:355} ERROR - Failed to import: /opt/airflow/dags/flights-pipeline.py
Traceback (most recent call last):
  File "/home/airflow/.local/lib/python3.12/site-packages/airflow/models/dagbag.py", line 351, in parse
    loader.exec_module(new_module)
  File "<frozen importlib._bootstrap_external>", line 995, in exec_module
  File "<frozen importlib._bootstrap>", line 488, in _call_with_frames_removed
  File "/opt/airflow/dags/flights-pipeline.py", line 12, in <module>
    from scripts.bronze_layer import run_bronze_ingestion
ModuleNotFoundError: No module named 'scripts.bronze_layer'
[2026-04-27T07:07:05.471+0000] {processor.py:842} WARNING - No viable dags retrieved from /opt/airflow/dags/flights-pipeline.py
[2026-04-27T07:07:05.532+0000] {processor.py:183} INFO - Processing /opt/airflow/dags/flights-pipeline.py took 0.164 seconds
[2026-04-27T07:07:35.855+0000] {processor.py:161} INFO - Started process (PID=81) to work on /opt/airflow/dags/flights-pipeline.py
[2026-04-27T07:07:35.858+0000] {processor.py:830} INFO - Processing file /opt/airflow/dags/flights-pipeline.py for tasks to queue
[2026-04-27T07:07:35.864+0000] {logging_mixin.py:188} INFO - [2026-04-27T07:07:35.863+0000] {dagbag.py:545} INFO - Filling up the DagBag from /opt/airflow/dags/flights-pipeline.py
[2026-04-27T07:07:35.922+0000] {logging_mixin.py:188} INFO - [2026-04-27T07:07:35.912+0000] {dagbag.py:355} ERROR - Failed to import: /opt/airflow/dags/flights-pipeline.py
Traceback (most recent call last):
  File "/home/airflow/.local/lib/python3.12/site-packages/airflow/models/dagbag.py", line 351, in parse
    loader.exec_module(new_module)
  File "<frozen importlib._bootstrap_external>", line 995, in exec_module
  File "<frozen importlib._bootstrap>", line 488, in _call_with_frames_removed
  File "/opt/airflow/dags/flights-pipeline.py", line 12, in <module>
    from scripts.bronze_layer import run_bronze_ingestion
ModuleNotFoundError: No module named 'scripts.bronze_layer'
[2026-04-27T07:07:35.926+0000] {processor.py:842} WARNING - No viable dags retrieved from /opt/airflow/dags/flights-pipeline.py
[2026-04-27T07:07:35.994+0000] {processor.py:183} INFO - Processing /opt/airflow/dags/flights-pipeline.py took 0.159 seconds
[2026-04-27T07:08:06.289+0000] {processor.py:161} INFO - Started process (PID=82) to work on /opt/airflow/dags/flights-pipeline.py
[2026-04-27T07:08:06.293+0000] {processor.py:830} INFO - Processing file /opt/airflow/dags/flights-pipeline.py for tasks to queue
[2026-04-27T07:08:06.299+0000] {logging_mixin.py:188} INFO - [2026-04-27T07:08:06.297+0000] {dagbag.py:545} INFO - Filling up the DagBag from /opt/airflow/dags/flights-pipeline.py
[2026-04-27T07:08:06.368+0000] {logging_mixin.py:188} INFO - [2026-04-27T07:08:06.355+0000] {dagbag.py:355} ERROR - Failed to import: /opt/airflow/dags/flights-pipeline.py
Traceback (most recent call last):
  File "/home/airflow/.local/lib/python3.12/site-packages/airflow/models/dagbag.py", line 351, in parse
    loader.exec_module(new_module)
  File "<frozen importlib._bootstrap_external>", line 995, in exec_module
  File "<frozen importlib._bootstrap>", line 488, in _call_with_frames_removed
  File "/opt/airflow/dags/flights-pipeline.py", line 12, in <module>
    from scripts.bronze_layer import run_bronze_ingestion
ModuleNotFoundError: No module named 'scripts.bronze_layer'
[2026-04-27T07:08:06.373+0000] {processor.py:842} WARNING - No viable dags retrieved from /opt/airflow/dags/flights-pipeline.py
[2026-04-27T07:08:06.443+0000] {processor.py:183} INFO - Processing /opt/airflow/dags/flights-pipeline.py took 0.169 seconds
[2026-04-27T07:08:36.875+0000] {processor.py:161} INFO - Started process (PID=83) to work on /opt/airflow/dags/flights-pipeline.py
[2026-04-27T07:08:36.878+0000] {processor.py:830} INFO - Processing file /opt/airflow/dags/flights-pipeline.py for tasks to queue
[2026-04-27T07:08:36.883+0000] {logging_mixin.py:188} INFO - [2026-04-27T07:08:36.882+0000] {dagbag.py:545} INFO - Filling up the DagBag from /opt/airflow/dags/flights-pipeline.py
[2026-04-27T07:08:36.942+0000] {logging_mixin.py:188} INFO - [2026-04-27T07:08:36.932+0000] {dagbag.py:355} ERROR - Failed to import: /opt/airflow/dags/flights-pipeline.py
Traceback (most recent call last):
  File "/home/airflow/.local/lib/python3.12/site-packages/airflow/models/dagbag.py", line 351, in parse
    loader.exec_module(new_module)
  File "<frozen importlib._bootstrap_external>", line 995, in exec_module
  File "<frozen importlib._bootstrap>", line 488, in _call_with_frames_removed
  File "/opt/airflow/dags/flights-pipeline.py", line 12, in <module>
    from scripts.bronze_layer import run_bronze_ingestion
ModuleNotFoundError: No module named 'scripts.bronze_layer'
[2026-04-27T07:08:36.946+0000] {processor.py:842} WARNING - No viable dags retrieved from /opt/airflow/dags/flights-pipeline.py
[2026-04-27T07:08:37.001+0000] {processor.py:183} INFO - Processing /opt/airflow/dags/flights-pipeline.py took 0.139 seconds
[2026-04-27T07:09:07.269+0000] {processor.py:161} INFO - Started process (PID=84) to work on /opt/airflow/dags/flights-pipeline.py
[2026-04-27T07:09:07.271+0000] {processor.py:830} INFO - Processing file /opt/airflow/dags/flights-pipeline.py for tasks to queue
[2026-04-27T07:09:07.278+0000] {logging_mixin.py:188} INFO - [2026-04-27T07:09:07.277+0000] {dagbag.py:545} INFO - Filling up the DagBag from /opt/airflow/dags/flights-pipeline.py
[2026-04-27T07:09:07.339+0000] {logging_mixin.py:188} INFO - [2026-04-27T07:09:07.329+0000] {dagbag.py:355} ERROR - Failed to import: /opt/airflow/dags/flights-pipeline.py
Traceback (most recent call last):
  File "/home/airflow/.local/lib/python3.12/site-packages/airflow/models/dagbag.py", line 351, in parse
    loader.exec_module(new_module)
  File "<frozen importlib._bootstrap_external>", line 995, in exec_module
  File "<frozen importlib._bootstrap>", line 488, in _call_with_frames_removed
  File "/opt/airflow/dags/flights-pipeline.py", line 12, in <module>
    from scripts.bronze_layer import run_bronze_ingestion
ModuleNotFoundError: No module named 'scripts.bronze_layer'
[2026-04-27T07:09:07.342+0000] {processor.py:842} WARNING - No viable dags retrieved from /opt/airflow/dags/flights-pipeline.py
[2026-04-27T07:09:07.396+0000] {processor.py:183} INFO - Processing /opt/airflow/dags/flights-pipeline.py took 0.145 seconds
[2026-04-27T07:09:37.809+0000] {processor.py:161} INFO - Started process (PID=85) to work on /opt/airflow/dags/flights-pipeline.py
[2026-04-27T07:09:37.813+0000] {processor.py:830} INFO - Processing file /opt/airflow/dags/flights-pipeline.py for tasks to queue
[2026-04-27T07:09:37.820+0000] {logging_mixin.py:188} INFO - [2026-04-27T07:09:37.819+0000] {dagbag.py:545} INFO - Filling up the DagBag from /opt/airflow/dags/flights-pipeline.py
[2026-04-27T07:09:37.905+0000] {logging_mixin.py:188} INFO - [2026-04-27T07:09:37.889+0000] {dagbag.py:355} ERROR - Failed to import: /opt/airflow/dags/flights-pipeline.py
Traceback (most recent call last):
  File "/home/airflow/.local/lib/python3.12/site-packages/airflow/models/dagbag.py", line 351, in parse
    loader.exec_module(new_module)
  File "<frozen importlib._bootstrap_external>", line 995, in exec_module
  File "<frozen importlib._bootstrap>", line 488, in _call_with_frames_removed
  File "/opt/airflow/dags/flights-pipeline.py", line 12, in <module>
    from scripts.bronze_layer import run_bronze_ingestion
ModuleNotFoundError: No module named 'scripts.bronze_layer'
[2026-04-27T07:09:37.911+0000] {processor.py:842} WARNING - No viable dags retrieved from /opt/airflow/dags/flights-pipeline.py
[2026-04-27T07:09:37.992+0000] {processor.py:183} INFO - Processing /opt/airflow/dags/flights-pipeline.py took 0.203 seconds
[2026-04-27T07:10:08.203+0000] {processor.py:161} INFO - Started process (PID=86) to work on /opt/airflow/dags/flights-pipeline.py
[2026-04-27T07:10:08.206+0000] {processor.py:830} INFO - Processing file /opt/airflow/dags/flights-pipeline.py for tasks to queue
[2026-04-27T07:10:08.211+0000] {logging_mixin.py:188} INFO - [2026-04-27T07:10:08.210+0000] {dagbag.py:545} INFO - Filling up the DagBag from /opt/airflow/dags/flights-pipeline.py
[2026-04-27T07:10:08.264+0000] {logging_mixin.py:188} INFO - [2026-04-27T07:10:08.254+0000] {dagbag.py:355} ERROR - Failed to import: /opt/airflow/dags/flights-pipeline.py
Traceback (most recent call last):
  File "/home/airflow/.local/lib/python3.12/site-packages/airflow/models/dagbag.py", line 351, in parse
    loader.exec_module(new_module)
  File "<frozen importlib._bootstrap_external>", line 995, in exec_module
  File "<frozen importlib._bootstrap>", line 488, in _call_with_frames_removed
  File "/opt/airflow/dags/flights-pipeline.py", line 12, in <module>
    from scripts.bronze_layer import run_bronze_ingestion
ModuleNotFoundError: No module named 'scripts.bronze_layer'
[2026-04-27T07:10:08.269+0000] {processor.py:842} WARNING - No viable dags retrieved from /opt/airflow/dags/flights-pipeline.py
[2026-04-27T07:10:08.333+0000] {processor.py:183} INFO - Processing /opt/airflow/dags/flights-pipeline.py took 0.149 seconds
[2026-04-27T07:10:38.623+0000] {processor.py:161} INFO - Started process (PID=87) to work on /opt/airflow/dags/flights-pipeline.py
[2026-04-27T07:10:38.626+0000] {processor.py:830} INFO - Processing file /opt/airflow/dags/flights-pipeline.py for tasks to queue
[2026-04-27T07:10:38.630+0000] {logging_mixin.py:188} INFO - [2026-04-27T07:10:38.629+0000] {dagbag.py:545} INFO - Filling up the DagBag from /opt/airflow/dags/flights-pipeline.py
[2026-04-27T07:10:38.691+0000] {logging_mixin.py:188} INFO - [2026-04-27T07:10:38.680+0000] {dagbag.py:355} ERROR - Failed to import: /opt/airflow/dags/flights-pipeline.py
Traceback (most recent call last):
  File "/home/airflow/.local/lib/python3.12/site-packages/airflow/models/dagbag.py", line 351, in parse
    loader.exec_module(new_module)
  File "<frozen importlib._bootstrap_external>", line 995, in exec_module
  File "<frozen importlib._bootstrap>", line 488, in _call_with_frames_removed
  File "/opt/airflow/dags/flights-pipeline.py", line 12, in <module>
    from scripts.bronze_layer import run_bronze_ingestion
ModuleNotFoundError: No module named 'scripts.bronze_layer'
[2026-04-27T07:10:38.696+0000] {processor.py:842} WARNING - No viable dags retrieved from /opt/airflow/dags/flights-pipeline.py
[2026-04-27T07:10:38.758+0000] {processor.py:183} INFO - Processing /opt/airflow/dags/flights-pipeline.py took 0.153 seconds
[2026-04-27T07:11:09.117+0000] {processor.py:161} INFO - Started process (PID=88) to work on /opt/airflow/dags/flights-pipeline.py
[2026-04-27T07:11:09.121+0000] {processor.py:830} INFO - Processing file /opt/airflow/dags/flights-pipeline.py for tasks to queue
[2026-04-27T07:11:09.129+0000] {logging_mixin.py:188} INFO - [2026-04-27T07:11:09.129+0000] {dagbag.py:545} INFO - Filling up the DagBag from /opt/airflow/dags/flights-pipeline.py
[2026-04-27T07:11:09.183+0000] {logging_mixin.py:188} INFO - [2026-04-27T07:11:09.172+0000] {dagbag.py:355} ERROR - Failed to import: /opt/airflow/dags/flights-pipeline.py
Traceback (most recent call last):
  File "/home/airflow/.local/lib/python3.12/site-packages/airflow/models/dagbag.py", line 351, in parse
    loader.exec_module(new_module)
  File "<frozen importlib._bootstrap_external>", line 995, in exec_module
  File "<frozen importlib._bootstrap>", line 488, in _call_with_frames_removed
  File "/opt/airflow/dags/flights-pipeline.py", line 12, in <module>
    from scripts.bronze_layer import run_bronze_ingestion
ModuleNotFoundError: No module named 'scripts.bronze_layer'
[2026-04-27T07:11:09.187+0000] {processor.py:842} WARNING - No viable dags retrieved from /opt/airflow/dags/flights-pipeline.py
[2026-04-27T07:11:09.248+0000] {processor.py:183} INFO - Processing /opt/airflow/dags/flights-pipeline.py took 0.151 seconds
[2026-04-27T07:11:39.525+0000] {processor.py:161} INFO - Started process (PID=89) to work on /opt/airflow/dags/flights-pipeline.py
[2026-04-27T07:11:39.528+0000] {processor.py:830} INFO - Processing file /opt/airflow/dags/flights-pipeline.py for tasks to queue
[2026-04-27T07:11:39.534+0000] {logging_mixin.py:188} INFO - [2026-04-27T07:11:39.533+0000] {dagbag.py:545} INFO - Filling up the DagBag from /opt/airflow/dags/flights-pipeline.py
[2026-04-27T07:11:39.589+0000] {logging_mixin.py:188} INFO - [2026-04-27T07:11:39.580+0000] {dagbag.py:355} ERROR - Failed to import: /opt/airflow/dags/flights-pipeline.py
Traceback (most recent call last):
  File "/home/airflow/.local/lib/python3.12/site-packages/airflow/models/dagbag.py", line 351, in parse
    loader.exec_module(new_module)
  File "<frozen importlib._bootstrap_external>", line 995, in exec_module
  File "<frozen importlib._bootstrap>", line 488, in _call_with_frames_removed
  File "/opt/airflow/dags/flights-pipeline.py", line 12, in <module>
    from scripts.bronze_layer import run_bronze_ingestion
ModuleNotFoundError: No module named 'scripts.bronze_layer'
[2026-04-27T07:11:39.593+0000] {processor.py:842} WARNING - No viable dags retrieved from /opt/airflow/dags/flights-pipeline.py
[2026-04-27T07:11:39.664+0000] {processor.py:183} INFO - Processing /opt/airflow/dags/flights-pipeline.py took 0.152 seconds
[2026-04-27T07:12:10.051+0000] {processor.py:161} INFO - Started process (PID=90) to work on /opt/airflow/dags/flights-pipeline.py
[2026-04-27T07:12:10.054+0000] {processor.py:830} INFO - Processing file /opt/airflow/dags/flights-pipeline.py for tasks to queue
[2026-04-27T07:12:10.062+0000] {logging_mixin.py:188} INFO - [2026-04-27T07:12:10.060+0000] {dagbag.py:545} INFO - Filling up the DagBag from /opt/airflow/dags/flights-pipeline.py
[2026-04-27T07:12:10.152+0000] {logging_mixin.py:188} INFO - [2026-04-27T07:12:10.137+0000] {dagbag.py:355} ERROR - Failed to import: /opt/airflow/dags/flights-pipeline.py
Traceback (most recent call last):
  File "/home/airflow/.local/lib/python3.12/site-packages/airflow/models/dagbag.py", line 351, in parse
    loader.exec_module(new_module)
  File "<frozen importlib._bootstrap_external>", line 995, in exec_module
  File "<frozen importlib._bootstrap>", line 488, in _call_with_frames_removed
  File "/opt/airflow/dags/flights-pipeline.py", line 12, in <module>
    from scripts.bronze_layer import run_bronze_ingestion
ModuleNotFoundError: No module named 'scripts.bronze_layer'
[2026-04-27T07:12:10.159+0000] {processor.py:842} WARNING - No viable dags retrieved from /opt/airflow/dags/flights-pipeline.py
[2026-04-27T07:12:10.239+0000] {processor.py:183} INFO - Processing /opt/airflow/dags/flights-pipeline.py took 0.208 seconds
[2026-04-27T07:12:40.471+0000] {processor.py:161} INFO - Started process (PID=91) to work on /opt/airflow/dags/flights-pipeline.py
[2026-04-27T07:12:40.476+0000] {processor.py:830} INFO - Processing file /opt/airflow/dags/flights-pipeline.py for tasks to queue
[2026-04-27T07:12:40.484+0000] {logging_mixin.py:188} INFO - [2026-04-27T07:12:40.481+0000] {dagbag.py:545} INFO - Filling up the DagBag from /opt/airflow/dags/flights-pipeline.py
[2026-04-27T07:12:40.570+0000] {logging_mixin.py:188} INFO - [2026-04-27T07:12:40.555+0000] {dagbag.py:355} ERROR - Failed to import: /opt/airflow/dags/flights-pipeline.py
Traceback (most recent call last):
  File "/home/airflow/.local/lib/python3.12/site-packages/airflow/models/dagbag.py", line 351, in parse
    loader.exec_module(new_module)
  File "<frozen importlib._bootstrap_external>", line 995, in exec_module
  File "<frozen importlib._bootstrap>", line 488, in _call_with_frames_removed
  File "/opt/airflow/dags/flights-pipeline.py", line 12, in <module>
    from scripts.bronze_layer import run_bronze_ingestion
ModuleNotFoundError: No module named 'scripts.bronze_layer'
[2026-04-27T07:12:40.576+0000] {processor.py:842} WARNING - No viable dags retrieved from /opt/airflow/dags/flights-pipeline.py
[2026-04-27T07:12:40.664+0000] {processor.py:183} INFO - Processing /opt/airflow/dags/flights-pipeline.py took 0.215 seconds
[2026-04-27T07:13:11.309+0000] {processor.py:161} INFO - Started process (PID=92) to work on /opt/airflow/dags/flights-pipeline.py
[2026-04-27T07:13:11.337+0000] {processor.py:830} INFO - Processing file /opt/airflow/dags/flights-pipeline.py for tasks to queue
[2026-04-27T07:13:11.387+0000] {logging_mixin.py:188} INFO - [2026-04-27T07:13:11.382+0000] {dagbag.py:545} INFO - Filling up the DagBag from /opt/airflow/dags/flights-pipeline.py
[2026-04-27T07:13:11.529+0000] {logging_mixin.py:188} INFO - [2026-04-27T07:13:11.505+0000] {dagbag.py:355} ERROR - Failed to import: /opt/airflow/dags/flights-pipeline.py
Traceback (most recent call last):
  File "/home/airflow/.local/lib/python3.12/site-packages/airflow/models/dagbag.py", line 351, in parse
    loader.exec_module(new_module)
  File "<frozen importlib._bootstrap_external>", line 995, in exec_module
  File "<frozen importlib._bootstrap>", line 488, in _call_with_frames_removed
  File "/opt/airflow/dags/flights-pipeline.py", line 12, in <module>
    from scripts.bronze_layer import run_bronze_ingestion
ModuleNotFoundError: No module named 'scripts.bronze_layer'
[2026-04-27T07:13:11.537+0000] {processor.py:842} WARNING - No viable dags retrieved from /opt/airflow/dags/flights-pipeline.py
[2026-04-27T07:13:11.871+0000] {processor.py:183} INFO - Processing /opt/airflow/dags/flights-pipeline.py took 0.686 seconds
[2026-04-27T07:13:42.550+0000] {processor.py:161} INFO - Started process (PID=93) to work on /opt/airflow/dags/flights-pipeline.py
[2026-04-27T07:13:42.553+0000] {processor.py:830} INFO - Processing file /opt/airflow/dags/flights-pipeline.py for tasks to queue
[2026-04-27T07:13:42.559+0000] {logging_mixin.py:188} INFO - [2026-04-27T07:13:42.558+0000] {dagbag.py:545} INFO - Filling up the DagBag from /opt/airflow/dags/flights-pipeline.py
[2026-04-27T07:13:42.628+0000] {logging_mixin.py:188} INFO - [2026-04-27T07:13:42.617+0000] {dagbag.py:355} ERROR - Failed to import: /opt/airflow/dags/flights-pipeline.py
Traceback (most recent call last):
  File "/home/airflow/.local/lib/python3.12/site-packages/airflow/models/dagbag.py", line 351, in parse
    loader.exec_module(new_module)
  File "<frozen importlib._bootstrap_external>", line 995, in exec_module
  File "<frozen importlib._bootstrap>", line 488, in _call_with_frames_removed
  File "/opt/airflow/dags/flights-pipeline.py", line 12, in <module>
    from scripts.bronze_layer import run_bronze_ingestion
ModuleNotFoundError: No module named 'scripts.bronze_layer'
[2026-04-27T07:13:42.632+0000] {processor.py:842} WARNING - No viable dags retrieved from /opt/airflow/dags/flights-pipeline.py
[2026-04-27T07:13:42.725+0000] {processor.py:183} INFO - Processing /opt/airflow/dags/flights-pipeline.py took 0.364 seconds
[2026-04-27T07:14:13.204+0000] {processor.py:161} INFO - Started process (PID=94) to work on /opt/airflow/dags/flights-pipeline.py
[2026-04-27T07:14:13.214+0000] {processor.py:830} INFO - Processing file /opt/airflow/dags/flights-pipeline.py for tasks to queue
[2026-04-27T07:14:13.231+0000] {logging_mixin.py:188} INFO - [2026-04-27T07:14:13.228+0000] {dagbag.py:545} INFO - Filling up the DagBag from /opt/airflow/dags/flights-pipeline.py
[2026-04-27T07:14:13.316+0000] {logging_mixin.py:188} INFO - [2026-04-27T07:14:13.300+0000] {dagbag.py:355} ERROR - Failed to import: /opt/airflow/dags/flights-pipeline.py
Traceback (most recent call last):
  File "/home/airflow/.local/lib/python3.12/site-packages/airflow/models/dagbag.py", line 351, in parse
    loader.exec_module(new_module)
  File "<frozen importlib._bootstrap_external>", line 995, in exec_module
  File "<frozen importlib._bootstrap>", line 488, in _call_with_frames_removed
  File "/opt/airflow/dags/flights-pipeline.py", line 12, in <module>
    from scripts.bronze_layer import run_bronze_ingestion
ModuleNotFoundError: No module named 'scripts.bronze_layer'
[2026-04-27T07:14:13.320+0000] {processor.py:842} WARNING - No viable dags retrieved from /opt/airflow/dags/flights-pipeline.py
[2026-04-27T07:14:13.411+0000] {processor.py:183} INFO - Processing /opt/airflow/dags/flights-pipeline.py took 0.320 seconds
[2026-04-27T07:14:43.663+0000] {processor.py:161} INFO - Started process (PID=95) to work on /opt/airflow/dags/flights-pipeline.py
[2026-04-27T07:14:43.668+0000] {processor.py:830} INFO - Processing file /opt/airflow/dags/flights-pipeline.py for tasks to queue
[2026-04-27T07:14:43.676+0000] {logging_mixin.py:188} INFO - [2026-04-27T07:14:43.675+0000] {dagbag.py:545} INFO - Filling up the DagBag from /opt/airflow/dags/flights-pipeline.py
[2026-04-27T07:14:43.786+0000] {logging_mixin.py:188} INFO - [2026-04-27T07:14:43.767+0000] {dagbag.py:355} ERROR - Failed to import: /opt/airflow/dags/flights-pipeline.py
Traceback (most recent call last):
  File "/home/airflow/.local/lib/python3.12/site-packages/airflow/models/dagbag.py", line 351, in parse
    loader.exec_module(new_module)
  File "<frozen importlib._bootstrap_external>", line 995, in exec_module
  File "<frozen importlib._bootstrap>", line 488, in _call_with_frames_removed
  File "/opt/airflow/dags/flights-pipeline.py", line 12, in <module>
    from scripts.bronze_layer import run_bronze_ingestion
ModuleNotFoundError: No module named 'scripts.bronze_layer'
[2026-04-27T07:14:43.794+0000] {processor.py:842} WARNING - No viable dags retrieved from /opt/airflow/dags/flights-pipeline.py
[2026-04-27T07:14:43.873+0000] {processor.py:183} INFO - Processing /opt/airflow/dags/flights-pipeline.py took 0.237 seconds
[2026-04-27T07:15:14.542+0000] {processor.py:161} INFO - Started process (PID=96) to work on /opt/airflow/dags/flights-pipeline.py
[2026-04-27T07:15:14.545+0000] {processor.py:830} INFO - Processing file /opt/airflow/dags/flights-pipeline.py for tasks to queue
[2026-04-27T07:15:14.552+0000] {logging_mixin.py:188} INFO - [2026-04-27T07:15:14.551+0000] {dagbag.py:545} INFO - Filling up the DagBag from /opt/airflow/dags/flights-pipeline.py
[2026-04-27T07:15:14.669+0000] {logging_mixin.py:188} INFO - [2026-04-27T07:15:14.643+0000] {dagbag.py:355} ERROR - Failed to import: /opt/airflow/dags/flights-pipeline.py
Traceback (most recent call last):
  File "/home/airflow/.local/lib/python3.12/site-packages/airflow/models/dagbag.py", line 351, in parse
    loader.exec_module(new_module)
  File "<frozen importlib._bootstrap_external>", line 995, in exec_module
  File "<frozen importlib._bootstrap>", line 488, in _call_with_frames_removed
  File "/opt/airflow/dags/flights-pipeline.py", line 12, in <module>
    from scripts.bronze_layer import run_bronze_ingestion
ModuleNotFoundError: No module named 'scripts.bronze_layer'
[2026-04-27T07:15:14.682+0000] {processor.py:842} WARNING - No viable dags retrieved from /opt/airflow/dags/flights-pipeline.py
[2026-04-27T07:15:14.774+0000] {processor.py:183} INFO - Processing /opt/airflow/dags/flights-pipeline.py took 0.247 seconds
[2026-04-27T07:15:45.000+0000] {processor.py:161} INFO - Started process (PID=97) to work on /opt/airflow/dags/flights-pipeline.py
[2026-04-27T07:15:45.004+0000] {processor.py:830} INFO - Processing file /opt/airflow/dags/flights-pipeline.py for tasks to queue
[2026-04-27T07:15:45.013+0000] {logging_mixin.py:188} INFO - [2026-04-27T07:15:45.012+0000] {dagbag.py:545} INFO - Filling up the DagBag from /opt/airflow/dags/flights-pipeline.py
[2026-04-27T07:15:45.091+0000] {logging_mixin.py:188} INFO - [2026-04-27T07:15:45.079+0000] {dagbag.py:355} ERROR - Failed to import: /opt/airflow/dags/flights-pipeline.py
Traceback (most recent call last):
  File "/home/airflow/.local/lib/python3.12/site-packages/airflow/models/dagbag.py", line 351, in parse
    loader.exec_module(new_module)
  File "<frozen importlib._bootstrap_external>", line 995, in exec_module
  File "<frozen importlib._bootstrap>", line 488, in _call_with_frames_removed
  File "/opt/airflow/dags/flights-pipeline.py", line 12, in <module>
    from scripts.bronze_layer import run_bronze_ingestion
ModuleNotFoundError: No module named 'scripts.bronze_layer'
[2026-04-27T07:15:45.095+0000] {processor.py:842} WARNING - No viable dags retrieved from /opt/airflow/dags/flights-pipeline.py
[2026-04-27T07:15:45.162+0000] {processor.py:183} INFO - Processing /opt/airflow/dags/flights-pipeline.py took 0.187 seconds
[2026-04-27T07:16:15.672+0000] {processor.py:161} INFO - Started process (PID=98) to work on /opt/airflow/dags/flights-pipeline.py
[2026-04-27T07:16:15.676+0000] {processor.py:830} INFO - Processing file /opt/airflow/dags/flights-pipeline.py for tasks to queue
[2026-04-27T07:16:15.682+0000] {logging_mixin.py:188} INFO - [2026-04-27T07:16:15.680+0000] {dagbag.py:545} INFO - Filling up the DagBag from /opt/airflow/dags/flights-pipeline.py
[2026-04-27T07:16:15.744+0000] {logging_mixin.py:188} INFO - [2026-04-27T07:16:15.733+0000] {dagbag.py:355} ERROR - Failed to import: /opt/airflow/dags/flights-pipeline.py
Traceback (most recent call last):
  File "/home/airflow/.local/lib/python3.12/site-packages/airflow/models/dagbag.py", line 351, in parse
    loader.exec_module(new_module)
  File "<frozen importlib._bootstrap_external>", line 995, in exec_module
  File "<frozen importlib._bootstrap>", line 488, in _call_with_frames_removed
  File "/opt/airflow/dags/flights-pipeline.py", line 12, in <module>
    from scripts.bronze_layer import run_bronze_ingestion
ModuleNotFoundError: No module named 'scripts.bronze_layer'
[2026-04-27T07:16:15.751+0000] {processor.py:842} WARNING - No viable dags retrieved from /opt/airflow/dags/flights-pipeline.py
[2026-04-27T07:16:15.823+0000] {processor.py:183} INFO - Processing /opt/airflow/dags/flights-pipeline.py took 0.166 seconds
[2026-04-27T07:16:46.094+0000] {processor.py:161} INFO - Started process (PID=99) to work on /opt/airflow/dags/flights-pipeline.py
[2026-04-27T07:16:46.100+0000] {processor.py:830} INFO - Processing file /opt/airflow/dags/flights-pipeline.py for tasks to queue
[2026-04-27T07:16:46.108+0000] {logging_mixin.py:188} INFO - [2026-04-27T07:16:46.107+0000] {dagbag.py:545} INFO - Filling up the DagBag from /opt/airflow/dags/flights-pipeline.py
[2026-04-27T07:16:46.221+0000] {logging_mixin.py:188} INFO - [2026-04-27T07:16:46.201+0000] {dagbag.py:355} ERROR - Failed to import: /opt/airflow/dags/flights-pipeline.py
Traceback (most recent call last):
  File "/home/airflow/.local/lib/python3.12/site-packages/airflow/models/dagbag.py", line 351, in parse
    loader.exec_module(new_module)
  File "<frozen importlib._bootstrap_external>", line 995, in exec_module
  File "<frozen importlib._bootstrap>", line 488, in _call_with_frames_removed
  File "/opt/airflow/dags/flights-pipeline.py", line 12, in <module>
    from scripts.bronze_layer import run_bronze_ingestion
ModuleNotFoundError: No module named 'scripts.bronze_layer'
[2026-04-27T07:16:46.227+0000] {processor.py:842} WARNING - No viable dags retrieved from /opt/airflow/dags/flights-pipeline.py
[2026-04-27T07:16:46.319+0000] {processor.py:183} INFO - Processing /opt/airflow/dags/flights-pipeline.py took 0.247 seconds
[2026-04-27T07:17:16.585+0000] {processor.py:161} INFO - Started process (PID=100) to work on /opt/airflow/dags/flights-pipeline.py
[2026-04-27T07:17:16.588+0000] {processor.py:830} INFO - Processing file /opt/airflow/dags/flights-pipeline.py for tasks to queue
[2026-04-27T07:17:16.594+0000] {logging_mixin.py:188} INFO - [2026-04-27T07:17:16.593+0000] {dagbag.py:545} INFO - Filling up the DagBag from /opt/airflow/dags/flights-pipeline.py
[2026-04-27T07:17:16.666+0000] {logging_mixin.py:188} INFO - [2026-04-27T07:17:16.654+0000] {dagbag.py:355} ERROR - Failed to import: /opt/airflow/dags/flights-pipeline.py
Traceback (most recent call last):
  File "/home/airflow/.local/lib/python3.12/site-packages/airflow/models/dagbag.py", line 351, in parse
    loader.exec_module(new_module)
  File "<frozen importlib._bootstrap_external>", line 995, in exec_module
  File "<frozen importlib._bootstrap>", line 488, in _call_with_frames_removed
  File "/opt/airflow/dags/flights-pipeline.py", line 12, in <module>
    from scripts.bronze_layer import run_bronze_ingestion
ModuleNotFoundError: No module named 'scripts.bronze_layer'
[2026-04-27T07:17:16.672+0000] {processor.py:842} WARNING - No viable dags retrieved from /opt/airflow/dags/flights-pipeline.py
[2026-04-27T07:17:16.742+0000] {processor.py:183} INFO - Processing /opt/airflow/dags/flights-pipeline.py took 0.171 seconds
[2026-04-27T07:17:47.169+0000] {processor.py:161} INFO - Started process (PID=101) to work on /opt/airflow/dags/flights-pipeline.py
[2026-04-27T07:17:47.172+0000] {processor.py:830} INFO - Processing file /opt/airflow/dags/flights-pipeline.py for tasks to queue
[2026-04-27T07:17:47.178+0000] {logging_mixin.py:188} INFO - [2026-04-27T07:17:47.177+0000] {dagbag.py:545} INFO - Filling up the DagBag from /opt/airflow/dags/flights-pipeline.py
[2026-04-27T07:17:47.240+0000] {logging_mixin.py:188} INFO - [2026-04-27T07:17:47.228+0000] {dagbag.py:355} ERROR - Failed to import: /opt/airflow/dags/flights-pipeline.py
Traceback (most recent call last):
  File "/home/airflow/.local/lib/python3.12/site-packages/airflow/models/dagbag.py", line 351, in parse
    loader.exec_module(new_module)
  File "<frozen importlib._bootstrap_external>", line 995, in exec_module
  File "<frozen importlib._bootstrap>", line 488, in _call_with_frames_removed
  File "/opt/airflow/dags/flights-pipeline.py", line 12, in <module>
    from scripts.bronze_layer import run_bronze_ingestion
ModuleNotFoundError: No module named 'scripts.bronze_layer'
[2026-04-27T07:17:47.244+0000] {processor.py:842} WARNING - No viable dags retrieved from /opt/airflow/dags/flights-pipeline.py
[2026-04-27T07:17:47.304+0000] {processor.py:183} INFO - Processing /opt/airflow/dags/flights-pipeline.py took 0.149 seconds
[2026-04-27T07:18:17.755+0000] {processor.py:161} INFO - Started process (PID=102) to work on /opt/airflow/dags/flights-pipeline.py
[2026-04-27T07:18:17.758+0000] {processor.py:830} INFO - Processing file /opt/airflow/dags/flights-pipeline.py for tasks to queue
[2026-04-27T07:18:17.764+0000] {logging_mixin.py:188} INFO - [2026-04-27T07:18:17.763+0000] {dagbag.py:545} INFO - Filling up the DagBag from /opt/airflow/dags/flights-pipeline.py
[2026-04-27T07:18:17.831+0000] {logging_mixin.py:188} INFO - [2026-04-27T07:18:17.819+0000] {dagbag.py:355} ERROR - Failed to import: /opt/airflow/dags/flights-pipeline.py
Traceback (most recent call last):
  File "/home/airflow/.local/lib/python3.12/site-packages/airflow/models/dagbag.py", line 351, in parse
    loader.exec_module(new_module)
  File "<frozen importlib._bootstrap_external>", line 995, in exec_module
  File "<frozen importlib._bootstrap>", line 488, in _call_with_frames_removed
  File "/opt/airflow/dags/flights-pipeline.py", line 12, in <module>
    from scripts.bronze_layer import run_bronze_ingestion
ModuleNotFoundError: No module named 'scripts.bronze_layer'
[2026-04-27T07:18:17.835+0000] {processor.py:842} WARNING - No viable dags retrieved from /opt/airflow/dags/flights-pipeline.py
[2026-04-27T07:18:17.898+0000] {processor.py:183} INFO - Processing /opt/airflow/dags/flights-pipeline.py took 0.155 seconds
[2026-04-27T07:18:48.197+0000] {processor.py:161} INFO - Started process (PID=103) to work on /opt/airflow/dags/flights-pipeline.py
[2026-04-27T07:18:48.200+0000] {processor.py:830} INFO - Processing file /opt/airflow/dags/flights-pipeline.py for tasks to queue
[2026-04-27T07:18:48.209+0000] {logging_mixin.py:188} INFO - [2026-04-27T07:18:48.207+0000] {dagbag.py:545} INFO - Filling up the DagBag from /opt/airflow/dags/flights-pipeline.py
[2026-04-27T07:18:48.294+0000] {logging_mixin.py:188} INFO - [2026-04-27T07:18:48.283+0000] {dagbag.py:355} ERROR - Failed to import: /opt/airflow/dags/flights-pipeline.py
Traceback (most recent call last):
  File "/home/airflow/.local/lib/python3.12/site-packages/airflow/models/dagbag.py", line 351, in parse
    loader.exec_module(new_module)
  File "<frozen importlib._bootstrap_external>", line 995, in exec_module
  File "<frozen importlib._bootstrap>", line 488, in _call_with_frames_removed
  File "/opt/airflow/dags/flights-pipeline.py", line 12, in <module>
    from scripts.bronze_layer import run_bronze_ingestion
ModuleNotFoundError: No module named 'scripts.bronze_layer'
[2026-04-27T07:18:48.299+0000] {processor.py:842} WARNING - No viable dags retrieved from /opt/airflow/dags/flights-pipeline.py
[2026-04-27T07:18:48.355+0000] {processor.py:183} INFO - Processing /opt/airflow/dags/flights-pipeline.py took 0.178 seconds
[2026-04-27T07:19:18.671+0000] {processor.py:161} INFO - Started process (PID=104) to work on /opt/airflow/dags/flights-pipeline.py
[2026-04-27T07:19:18.674+0000] {processor.py:830} INFO - Processing file /opt/airflow/dags/flights-pipeline.py for tasks to queue
[2026-04-27T07:19:18.680+0000] {logging_mixin.py:188} INFO - [2026-04-27T07:19:18.679+0000] {dagbag.py:545} INFO - Filling up the DagBag from /opt/airflow/dags/flights-pipeline.py
[2026-04-27T07:19:18.759+0000] {logging_mixin.py:188} INFO - [2026-04-27T07:19:18.747+0000] {dagbag.py:355} ERROR - Failed to import: /opt/airflow/dags/flights-pipeline.py
Traceback (most recent call last):
  File "/home/airflow/.local/lib/python3.12/site-packages/airflow/models/dagbag.py", line 351, in parse
    loader.exec_module(new_module)
  File "<frozen importlib._bootstrap_external>", line 995, in exec_module
  File "<frozen importlib._bootstrap>", line 488, in _call_with_frames_removed
  File "/opt/airflow/dags/flights-pipeline.py", line 12, in <module>
    from scripts.bronze_layer import run_bronze_ingestion
ModuleNotFoundError: No module named 'scripts.bronze_layer'
[2026-04-27T07:19:18.767+0000] {processor.py:842} WARNING - No viable dags retrieved from /opt/airflow/dags/flights-pipeline.py
[2026-04-27T07:19:18.835+0000] {processor.py:183} INFO - Processing /opt/airflow/dags/flights-pipeline.py took 0.181 seconds
[2026-04-27T07:19:49.152+0000] {processor.py:161} INFO - Started process (PID=105) to work on /opt/airflow/dags/flights-pipeline.py
[2026-04-27T07:19:49.156+0000] {processor.py:830} INFO - Processing file /opt/airflow/dags/flights-pipeline.py for tasks to queue
[2026-04-27T07:19:49.162+0000] {logging_mixin.py:188} INFO - [2026-04-27T07:19:49.161+0000] {dagbag.py:545} INFO - Filling up the DagBag from /opt/airflow/dags/flights-pipeline.py
[2026-04-27T07:19:49.231+0000] {logging_mixin.py:188} INFO - [2026-04-27T07:19:49.217+0000] {dagbag.py:355} ERROR - Failed to import: /opt/airflow/dags/flights-pipeline.py
Traceback (most recent call last):
  File "/home/airflow/.local/lib/python3.12/site-packages/airflow/models/dagbag.py", line 351, in parse
    loader.exec_module(new_module)
  File "<frozen importlib._bootstrap_external>", line 995, in exec_module
  File "<frozen importlib._bootstrap>", line 488, in _call_with_frames_removed
  File "/opt/airflow/dags/flights-pipeline.py", line 12, in <module>
    from scripts.bronze_layer import run_bronze_ingestion
ModuleNotFoundError: No module named 'scripts.bronze_layer'
[2026-04-27T07:19:49.236+0000] {processor.py:842} WARNING - No viable dags retrieved from /opt/airflow/dags/flights-pipeline.py
[2026-04-27T07:19:49.299+0000] {processor.py:183} INFO - Processing /opt/airflow/dags/flights-pipeline.py took 0.161 seconds
[2026-04-27T07:20:19.703+0000] {processor.py:161} INFO - Started process (PID=106) to work on /opt/airflow/dags/flights-pipeline.py
[2026-04-27T07:20:19.707+0000] {processor.py:830} INFO - Processing file /opt/airflow/dags/flights-pipeline.py for tasks to queue
[2026-04-27T07:20:19.715+0000] {logging_mixin.py:188} INFO - [2026-04-27T07:20:19.714+0000] {dagbag.py:545} INFO - Filling up the DagBag from /opt/airflow/dags/flights-pipeline.py
[2026-04-27T07:20:19.785+0000] {logging_mixin.py:188} INFO - [2026-04-27T07:20:19.774+0000] {dagbag.py:355} ERROR - Failed to import: /opt/airflow/dags/flights-pipeline.py
Traceback (most recent call last):
  File "/home/airflow/.local/lib/python3.12/site-packages/airflow/models/dagbag.py", line 351, in parse
    loader.exec_module(new_module)
  File "<frozen importlib._bootstrap_external>", line 995, in exec_module
  File "<frozen importlib._bootstrap>", line 488, in _call_with_frames_removed
  File "/opt/airflow/dags/flights-pipeline.py", line 12, in <module>
    from scripts.bronze_layer import run_bronze_ingestion
ModuleNotFoundError: No module named 'scripts.bronze_layer'
[2026-04-27T07:20:19.790+0000] {processor.py:842} WARNING - No viable dags retrieved from /opt/airflow/dags/flights-pipeline.py
[2026-04-27T07:20:19.848+0000] {processor.py:183} INFO - Processing /opt/airflow/dags/flights-pipeline.py took 0.171 seconds
[2026-04-27T07:20:50.151+0000] {processor.py:161} INFO - Started process (PID=107) to work on /opt/airflow/dags/flights-pipeline.py
[2026-04-27T07:20:50.154+0000] {processor.py:830} INFO - Processing file /opt/airflow/dags/flights-pipeline.py for tasks to queue
[2026-04-27T07:20:50.159+0000] {logging_mixin.py:188} INFO - [2026-04-27T07:20:50.158+0000] {dagbag.py:545} INFO - Filling up the DagBag from /opt/airflow/dags/flights-pipeline.py
[2026-04-27T07:20:50.219+0000] {logging_mixin.py:188} INFO - [2026-04-27T07:20:50.209+0000] {dagbag.py:355} ERROR - Failed to import: /opt/airflow/dags/flights-pipeline.py
Traceback (most recent call last):
  File "/home/airflow/.local/lib/python3.12/site-packages/airflow/models/dagbag.py", line 351, in parse
    loader.exec_module(new_module)
  File "<frozen importlib._bootstrap_external>", line 995, in exec_module
  File "<frozen importlib._bootstrap>", line 488, in _call_with_frames_removed
  File "/opt/airflow/dags/flights-pipeline.py", line 12, in <module>
    from scripts.bronze_layer import run_bronze_ingestion
ModuleNotFoundError: No module named 'scripts.bronze_layer'
[2026-04-27T07:20:50.224+0000] {processor.py:842} WARNING - No viable dags retrieved from /opt/airflow/dags/flights-pipeline.py
[2026-04-27T07:20:50.283+0000] {processor.py:183} INFO - Processing /opt/airflow/dags/flights-pipeline.py took 0.145 seconds
[2026-04-27T07:21:20.704+0000] {processor.py:161} INFO - Started process (PID=108) to work on /opt/airflow/dags/flights-pipeline.py
[2026-04-27T07:21:20.709+0000] {processor.py:830} INFO - Processing file /opt/airflow/dags/flights-pipeline.py for tasks to queue
[2026-04-27T07:21:20.721+0000] {logging_mixin.py:188} INFO - [2026-04-27T07:21:20.719+0000] {dagbag.py:545} INFO - Filling up the DagBag from /opt/airflow/dags/flights-pipeline.py
[2026-04-27T07:21:20.837+0000] {logging_mixin.py:188} INFO - [2026-04-27T07:21:20.818+0000] {dagbag.py:355} ERROR - Failed to import: /opt/airflow/dags/flights-pipeline.py
Traceback (most recent call last):
  File "/home/airflow/.local/lib/python3.12/site-packages/airflow/models/dagbag.py", line 351, in parse
    loader.exec_module(new_module)
  File "<frozen importlib._bootstrap_external>", line 995, in exec_module
  File "<frozen importlib._bootstrap>", line 488, in _call_with_frames_removed
  File "/opt/airflow/dags/flights-pipeline.py", line 12, in <module>
    from scripts.bronze_layer import run_bronze_ingestion
ModuleNotFoundError: No module named 'scripts.bronze_layer'
[2026-04-27T07:21:20.845+0000] {processor.py:842} WARNING - No viable dags retrieved from /opt/airflow/dags/flights-pipeline.py
[2026-04-27T07:21:20.946+0000] {processor.py:183} INFO - Processing /opt/airflow/dags/flights-pipeline.py took 0.271 seconds
[2026-04-27T07:21:51.147+0000] {processor.py:161} INFO - Started process (PID=109) to work on /opt/airflow/dags/flights-pipeline.py
[2026-04-27T07:21:51.152+0000] {processor.py:830} INFO - Processing file /opt/airflow/dags/flights-pipeline.py for tasks to queue
[2026-04-27T07:21:51.160+0000] {logging_mixin.py:188} INFO - [2026-04-27T07:21:51.158+0000] {dagbag.py:545} INFO - Filling up the DagBag from /opt/airflow/dags/flights-pipeline.py
[2026-04-27T07:21:51.270+0000] {logging_mixin.py:188} INFO - [2026-04-27T07:21:51.251+0000] {dagbag.py:355} ERROR - Failed to import: /opt/airflow/dags/flights-pipeline.py
Traceback (most recent call last):
  File "/home/airflow/.local/lib/python3.12/site-packages/airflow/models/dagbag.py", line 351, in parse
    loader.exec_module(new_module)
  File "<frozen importlib._bootstrap_external>", line 995, in exec_module
  File "<frozen importlib._bootstrap>", line 488, in _call_with_frames_removed
  File "/opt/airflow/dags/flights-pipeline.py", line 12, in <module>
    from scripts.bronze_layer import run_bronze_ingestion
ModuleNotFoundError: No module named 'scripts.bronze_layer'
[2026-04-27T07:21:51.278+0000] {processor.py:842} WARNING - No viable dags retrieved from /opt/airflow/dags/flights-pipeline.py
[2026-04-27T07:21:51.366+0000] {processor.py:183} INFO - Processing /opt/airflow/dags/flights-pipeline.py took 0.245 seconds
[2026-04-27T07:22:21.783+0000] {processor.py:161} INFO - Started process (PID=110) to work on /opt/airflow/dags/flights-pipeline.py
[2026-04-27T07:22:21.786+0000] {processor.py:830} INFO - Processing file /opt/airflow/dags/flights-pipeline.py for tasks to queue
[2026-04-27T07:22:21.792+0000] {logging_mixin.py:188} INFO - [2026-04-27T07:22:21.791+0000] {dagbag.py:545} INFO - Filling up the DagBag from /opt/airflow/dags/flights-pipeline.py
[2026-04-27T07:22:21.858+0000] {logging_mixin.py:188} INFO - [2026-04-27T07:22:21.845+0000] {dagbag.py:355} ERROR - Failed to import: /opt/airflow/dags/flights-pipeline.py
Traceback (most recent call last):
  File "/home/airflow/.local/lib/python3.12/site-packages/airflow/models/dagbag.py", line 351, in parse
    loader.exec_module(new_module)
  File "<frozen importlib._bootstrap_external>", line 995, in exec_module
  File "<frozen importlib._bootstrap>", line 488, in _call_with_frames_removed
  File "/opt/airflow/dags/flights-pipeline.py", line 12, in <module>
    from scripts.bronze_layer import run_bronze_ingestion
ModuleNotFoundError: No module named 'scripts.bronze_layer'
[2026-04-27T07:22:21.864+0000] {processor.py:842} WARNING - No viable dags retrieved from /opt/airflow/dags/flights-pipeline.py
[2026-04-27T07:22:21.929+0000] {processor.py:183} INFO - Processing /opt/airflow/dags/flights-pipeline.py took 0.161 seconds
[2026-04-27T07:22:52.248+0000] {processor.py:161} INFO - Started process (PID=111) to work on /opt/airflow/dags/flights-pipeline.py
[2026-04-27T07:22:52.252+0000] {processor.py:830} INFO - Processing file /opt/airflow/dags/flights-pipeline.py for tasks to queue
[2026-04-27T07:22:52.259+0000] {logging_mixin.py:188} INFO - [2026-04-27T07:22:52.257+0000] {dagbag.py:545} INFO - Filling up the DagBag from /opt/airflow/dags/flights-pipeline.py
[2026-04-27T07:22:52.361+0000] {logging_mixin.py:188} INFO - [2026-04-27T07:22:52.346+0000] {dagbag.py:355} ERROR - Failed to import: /opt/airflow/dags/flights-pipeline.py
Traceback (most recent call last):
  File "/home/airflow/.local/lib/python3.12/site-packages/airflow/models/dagbag.py", line 351, in parse
    loader.exec_module(new_module)
  File "<frozen importlib._bootstrap_external>", line 995, in exec_module
  File "<frozen importlib._bootstrap>", line 488, in _call_with_frames_removed
  File "/opt/airflow/dags/flights-pipeline.py", line 12, in <module>
    from scripts.bronze_layer import run_bronze_ingestion
ModuleNotFoundError: No module named 'scripts.bronze_layer'
[2026-04-27T07:22:52.367+0000] {processor.py:842} WARNING - No viable dags retrieved from /opt/airflow/dags/flights-pipeline.py
[2026-04-27T07:22:52.456+0000] {processor.py:183} INFO - Processing /opt/airflow/dags/flights-pipeline.py took 0.231 seconds
[2026-04-27T07:23:22.861+0000] {processor.py:161} INFO - Started process (PID=112) to work on /opt/airflow/dags/flights-pipeline.py
[2026-04-27T07:23:22.864+0000] {processor.py:830} INFO - Processing file /opt/airflow/dags/flights-pipeline.py for tasks to queue
[2026-04-27T07:23:22.871+0000] {logging_mixin.py:188} INFO - [2026-04-27T07:23:22.870+0000] {dagbag.py:545} INFO - Filling up the DagBag from /opt/airflow/dags/flights-pipeline.py
[2026-04-27T07:23:22.934+0000] {logging_mixin.py:188} INFO - [2026-04-27T07:23:22.924+0000] {dagbag.py:355} ERROR - Failed to import: /opt/airflow/dags/flights-pipeline.py
Traceback (most recent call last):
  File "/home/airflow/.local/lib/python3.12/site-packages/airflow/models/dagbag.py", line 351, in parse
    loader.exec_module(new_module)
  File "<frozen importlib._bootstrap_external>", line 995, in exec_module
  File "<frozen importlib._bootstrap>", line 488, in _call_with_frames_removed
  File "/opt/airflow/dags/flights-pipeline.py", line 12, in <module>
    from scripts.bronze_layer import run_bronze_ingestion
ModuleNotFoundError: No module named 'scripts.bronze_layer'
[2026-04-27T07:23:22.938+0000] {processor.py:842} WARNING - No viable dags retrieved from /opt/airflow/dags/flights-pipeline.py
[2026-04-27T07:23:22.997+0000] {processor.py:183} INFO - Processing /opt/airflow/dags/flights-pipeline.py took 0.149 seconds
[2026-04-27T07:23:53.285+0000] {processor.py:161} INFO - Started process (PID=113) to work on /opt/airflow/dags/flights-pipeline.py
[2026-04-27T07:23:53.288+0000] {processor.py:830} INFO - Processing file /opt/airflow/dags/flights-pipeline.py for tasks to queue
[2026-04-27T07:23:53.294+0000] {logging_mixin.py:188} INFO - [2026-04-27T07:23:53.293+0000] {dagbag.py:545} INFO - Filling up the DagBag from /opt/airflow/dags/flights-pipeline.py
[2026-04-27T07:23:53.361+0000] {logging_mixin.py:188} INFO - [2026-04-27T07:23:53.348+0000] {dagbag.py:355} ERROR - Failed to import: /opt/airflow/dags/flights-pipeline.py
Traceback (most recent call last):
  File "/home/airflow/.local/lib/python3.12/site-packages/airflow/models/dagbag.py", line 351, in parse
    loader.exec_module(new_module)
  File "<frozen importlib._bootstrap_external>", line 995, in exec_module
  File "<frozen importlib._bootstrap>", line 488, in _call_with_frames_removed
  File "/opt/airflow/dags/flights-pipeline.py", line 12, in <module>
    from scripts.bronze_layer import run_bronze_ingestion
ModuleNotFoundError: No module named 'scripts.bronze_layer'
[2026-04-27T07:23:53.365+0000] {processor.py:842} WARNING - No viable dags retrieved from /opt/airflow/dags/flights-pipeline.py
[2026-04-27T07:23:53.424+0000] {processor.py:183} INFO - Processing /opt/airflow/dags/flights-pipeline.py took 0.155 seconds
[2026-04-27T07:24:23.840+0000] {processor.py:161} INFO - Started process (PID=114) to work on /opt/airflow/dags/flights-pipeline.py
[2026-04-27T07:24:23.842+0000] {processor.py:830} INFO - Processing file /opt/airflow/dags/flights-pipeline.py for tasks to queue
[2026-04-27T07:24:23.847+0000] {logging_mixin.py:188} INFO - [2026-04-27T07:24:23.846+0000] {dagbag.py:545} INFO - Filling up the DagBag from /opt/airflow/dags/flights-pipeline.py
[2026-04-27T07:24:23.905+0000] {logging_mixin.py:188} INFO - [2026-04-27T07:24:23.893+0000] {dagbag.py:355} ERROR - Failed to import: /opt/airflow/dags/flights-pipeline.py
Traceback (most recent call last):
  File "/home/airflow/.local/lib/python3.12/site-packages/airflow/models/dagbag.py", line 351, in parse
    loader.exec_module(new_module)
  File "<frozen importlib._bootstrap_external>", line 995, in exec_module
  File "<frozen importlib._bootstrap>", line 488, in _call_with_frames_removed
  File "/opt/airflow/dags/flights-pipeline.py", line 12, in <module>
    from scripts.bronze_layer import run_bronze_ingestion
ModuleNotFoundError: No module named 'scripts.bronze_layer'
[2026-04-27T07:24:23.908+0000] {processor.py:842} WARNING - No viable dags retrieved from /opt/airflow/dags/flights-pipeline.py
[2026-04-27T07:24:23.959+0000] {processor.py:183} INFO - Processing /opt/airflow/dags/flights-pipeline.py took 0.130 seconds
[2026-04-27T07:24:54.230+0000] {processor.py:161} INFO - Started process (PID=115) to work on /opt/airflow/dags/flights-pipeline.py
[2026-04-27T07:24:54.234+0000] {processor.py:830} INFO - Processing file /opt/airflow/dags/flights-pipeline.py for tasks to queue
[2026-04-27T07:24:54.240+0000] {logging_mixin.py:188} INFO - [2026-04-27T07:24:54.239+0000] {dagbag.py:545} INFO - Filling up the DagBag from /opt/airflow/dags/flights-pipeline.py
[2026-04-27T07:24:54.304+0000] {logging_mixin.py:188} INFO - [2026-04-27T07:24:54.294+0000] {dagbag.py:355} ERROR - Failed to import: /opt/airflow/dags/flights-pipeline.py
Traceback (most recent call last):
  File "/home/airflow/.local/lib/python3.12/site-packages/airflow/models/dagbag.py", line 351, in parse
    loader.exec_module(new_module)
  File "<frozen importlib._bootstrap_external>", line 995, in exec_module
  File "<frozen importlib._bootstrap>", line 488, in _call_with_frames_removed
  File "/opt/airflow/dags/flights-pipeline.py", line 12, in <module>
    from scripts.bronze_layer import run_bronze_ingestion
ModuleNotFoundError: No module named 'scripts.bronze_layer'
[2026-04-27T07:24:54.310+0000] {processor.py:842} WARNING - No viable dags retrieved from /opt/airflow/dags/flights-pipeline.py
[2026-04-27T07:24:54.381+0000] {processor.py:183} INFO - Processing /opt/airflow/dags/flights-pipeline.py took 0.165 seconds
[2026-04-27T07:25:24.799+0000] {processor.py:161} INFO - Started process (PID=116) to work on /opt/airflow/dags/flights-pipeline.py
[2026-04-27T07:25:24.802+0000] {processor.py:830} INFO - Processing file /opt/airflow/dags/flights-pipeline.py for tasks to queue
[2026-04-27T07:25:24.809+0000] {logging_mixin.py:188} INFO - [2026-04-27T07:25:24.808+0000] {dagbag.py:545} INFO - Filling up the DagBag from /opt/airflow/dags/flights-pipeline.py
[2026-04-27T07:25:24.885+0000] {logging_mixin.py:188} INFO - [2026-04-27T07:25:24.871+0000] {dagbag.py:355} ERROR - Failed to import: /opt/airflow/dags/flights-pipeline.py
Traceback (most recent call last):
  File "/home/airflow/.local/lib/python3.12/site-packages/airflow/models/dagbag.py", line 351, in parse
    loader.exec_module(new_module)
  File "<frozen importlib._bootstrap_external>", line 995, in exec_module
  File "<frozen importlib._bootstrap>", line 488, in _call_with_frames_removed
  File "/opt/airflow/dags/flights-pipeline.py", line 12, in <module>
    from scripts.bronze_layer import run_bronze_ingestion
ModuleNotFoundError: No module named 'scripts.bronze_layer'
[2026-04-27T07:25:24.890+0000] {processor.py:842} WARNING - No viable dags retrieved from /opt/airflow/dags/flights-pipeline.py
[2026-04-27T07:25:24.965+0000] {processor.py:183} INFO - Processing /opt/airflow/dags/flights-pipeline.py took 0.183 seconds
[2026-04-27T07:25:55.291+0000] {processor.py:161} INFO - Started process (PID=117) to work on /opt/airflow/dags/flights-pipeline.py
[2026-04-27T07:25:55.295+0000] {processor.py:830} INFO - Processing file /opt/airflow/dags/flights-pipeline.py for tasks to queue
[2026-04-27T07:25:55.304+0000] {logging_mixin.py:188} INFO - [2026-04-27T07:25:55.302+0000] {dagbag.py:545} INFO - Filling up the DagBag from /opt/airflow/dags/flights-pipeline.py
[2026-04-27T07:25:55.390+0000] {logging_mixin.py:188} INFO - [2026-04-27T07:25:55.377+0000] {dagbag.py:355} ERROR - Failed to import: /opt/airflow/dags/flights-pipeline.py
Traceback (most recent call last):
  File "/home/airflow/.local/lib/python3.12/site-packages/airflow/models/dagbag.py", line 351, in parse
    loader.exec_module(new_module)
  File "<frozen importlib._bootstrap_external>", line 995, in exec_module
  File "<frozen importlib._bootstrap>", line 488, in _call_with_frames_removed
  File "/opt/airflow/dags/flights-pipeline.py", line 12, in <module>
    from scripts.bronze_layer import run_bronze_ingestion
ModuleNotFoundError: No module named 'scripts.bronze_layer'
[2026-04-27T07:25:55.396+0000] {processor.py:842} WARNING - No viable dags retrieved from /opt/airflow/dags/flights-pipeline.py
[2026-04-27T07:25:55.457+0000] {processor.py:183} INFO - Processing /opt/airflow/dags/flights-pipeline.py took 0.181 seconds
[2026-04-27T07:26:25.827+0000] {processor.py:161} INFO - Started process (PID=118) to work on /opt/airflow/dags/flights-pipeline.py
[2026-04-27T07:26:25.831+0000] {processor.py:830} INFO - Processing file /opt/airflow/dags/flights-pipeline.py for tasks to queue
[2026-04-27T07:26:25.840+0000] {logging_mixin.py:188} INFO - [2026-04-27T07:26:25.838+0000] {dagbag.py:545} INFO - Filling up the DagBag from /opt/airflow/dags/flights-pipeline.py
[2026-04-27T07:26:25.907+0000] {logging_mixin.py:188} INFO - [2026-04-27T07:26:25.896+0000] {dagbag.py:355} ERROR - Failed to import: /opt/airflow/dags/flights-pipeline.py
Traceback (most recent call last):
  File "/home/airflow/.local/lib/python3.12/site-packages/airflow/models/dagbag.py", line 351, in parse
    loader.exec_module(new_module)
  File "<frozen importlib._bootstrap_external>", line 995, in exec_module
  File "<frozen importlib._bootstrap>", line 488, in _call_with_frames_removed
  File "/opt/airflow/dags/flights-pipeline.py", line 12, in <module>
    from scripts.bronze_layer import run_bronze_ingestion
ModuleNotFoundError: No module named 'scripts.bronze_layer'
[2026-04-27T07:26:25.911+0000] {processor.py:842} WARNING - No viable dags retrieved from /opt/airflow/dags/flights-pipeline.py
[2026-04-27T07:26:25.973+0000] {processor.py:183} INFO - Processing /opt/airflow/dags/flights-pipeline.py took 0.167 seconds
[2026-04-27T07:26:56.265+0000] {processor.py:161} INFO - Started process (PID=119) to work on /opt/airflow/dags/flights-pipeline.py
[2026-04-27T07:26:56.363+0000] {processor.py:830} INFO - Processing file /opt/airflow/dags/flights-pipeline.py for tasks to queue
[2026-04-27T07:26:56.373+0000] {logging_mixin.py:188} INFO - [2026-04-27T07:26:56.372+0000] {dagbag.py:545} INFO - Filling up the DagBag from /opt/airflow/dags/flights-pipeline.py
[2026-04-27T07:26:56.475+0000] {logging_mixin.py:188} INFO - [2026-04-27T07:26:56.458+0000] {dagbag.py:355} ERROR - Failed to import: /opt/airflow/dags/flights-pipeline.py
Traceback (most recent call last):
  File "/home/airflow/.local/lib/python3.12/site-packages/airflow/models/dagbag.py", line 351, in parse
    loader.exec_module(new_module)
  File "<frozen importlib._bootstrap_external>", line 995, in exec_module
  File "<frozen importlib._bootstrap>", line 488, in _call_with_frames_removed
  File "/opt/airflow/dags/flights-pipeline.py", line 12, in <module>
    from scripts.bronze_layer import run_bronze_ingestion
ModuleNotFoundError: No module named 'scripts.bronze_layer'
[2026-04-27T07:26:56.482+0000] {processor.py:842} WARNING - No viable dags retrieved from /opt/airflow/dags/flights-pipeline.py
[2026-04-27T07:26:56.571+0000] {processor.py:183} INFO - Processing /opt/airflow/dags/flights-pipeline.py took 0.321 seconds
[2026-04-27T07:27:26.708+0000] {processor.py:161} INFO - Started process (PID=120) to work on /opt/airflow/dags/flights-pipeline.py
[2026-04-27T07:27:26.711+0000] {processor.py:830} INFO - Processing file /opt/airflow/dags/flights-pipeline.py for tasks to queue
[2026-04-27T07:27:26.719+0000] {logging_mixin.py:188} INFO - [2026-04-27T07:27:26.718+0000] {dagbag.py:545} INFO - Filling up the DagBag from /opt/airflow/dags/flights-pipeline.py
[2026-04-27T07:27:26.781+0000] {logging_mixin.py:188} INFO - [2026-04-27T07:27:26.771+0000] {dagbag.py:355} ERROR - Failed to import: /opt/airflow/dags/flights-pipeline.py
Traceback (most recent call last):
  File "/home/airflow/.local/lib/python3.12/site-packages/airflow/models/dagbag.py", line 351, in parse
    loader.exec_module(new_module)
  File "<frozen importlib._bootstrap_external>", line 995, in exec_module
  File "<frozen importlib._bootstrap>", line 488, in _call_with_frames_removed
  File "/opt/airflow/dags/flights-pipeline.py", line 12, in <module>
    from scripts.bronze_layer import run_bronze_ingestion
ModuleNotFoundError: No module named 'scripts.bronze_layer'
[2026-04-27T07:27:26.786+0000] {processor.py:842} WARNING - No viable dags retrieved from /opt/airflow/dags/flights-pipeline.py
[2026-04-27T07:27:26.846+0000] {processor.py:183} INFO - Processing /opt/airflow/dags/flights-pipeline.py took 0.151 seconds
[2026-04-27T07:27:57.116+0000] {processor.py:161} INFO - Started process (PID=121) to work on /opt/airflow/dags/flights-pipeline.py
[2026-04-27T07:27:57.119+0000] {processor.py:830} INFO - Processing file /opt/airflow/dags/flights-pipeline.py for tasks to queue
[2026-04-27T07:27:57.126+0000] {logging_mixin.py:188} INFO - [2026-04-27T07:27:57.126+0000] {dagbag.py:545} INFO - Filling up the DagBag from /opt/airflow/dags/flights-pipeline.py
[2026-04-27T07:27:57.201+0000] {logging_mixin.py:188} INFO - [2026-04-27T07:27:57.185+0000] {dagbag.py:355} ERROR - Failed to import: /opt/airflow/dags/flights-pipeline.py
Traceback (most recent call last):
  File "/home/airflow/.local/lib/python3.12/site-packages/airflow/models/dagbag.py", line 351, in parse
    loader.exec_module(new_module)
  File "<frozen importlib._bootstrap_external>", line 995, in exec_module
  File "<frozen importlib._bootstrap>", line 488, in _call_with_frames_removed
  File "/opt/airflow/dags/flights-pipeline.py", line 12, in <module>
    from scripts.bronze_layer import run_bronze_ingestion
ModuleNotFoundError: No module named 'scripts.bronze_layer'
[2026-04-27T07:27:57.204+0000] {processor.py:842} WARNING - No viable dags retrieved from /opt/airflow/dags/flights-pipeline.py
[2026-04-27T07:27:57.293+0000] {processor.py:183} INFO - Processing /opt/airflow/dags/flights-pipeline.py took 0.190 seconds
[2026-04-27T07:28:28.248+0000] {processor.py:161} INFO - Started process (PID=122) to work on /opt/airflow/dags/flights-pipeline.py
[2026-04-27T07:28:28.254+0000] {processor.py:830} INFO - Processing file /opt/airflow/dags/flights-pipeline.py for tasks to queue
[2026-04-27T07:28:28.274+0000] {logging_mixin.py:188} INFO - [2026-04-27T07:28:28.263+0000] {dagbag.py:545} INFO - Filling up the DagBag from /opt/airflow/dags/flights-pipeline.py
[2026-04-27T07:28:28.370+0000] {logging_mixin.py:188} INFO - [2026-04-27T07:28:28.358+0000] {dagbag.py:355} ERROR - Failed to import: /opt/airflow/dags/flights-pipeline.py
Traceback (most recent call last):
  File "/home/airflow/.local/lib/python3.12/site-packages/airflow/models/dagbag.py", line 351, in parse
    loader.exec_module(new_module)
  File "<frozen importlib._bootstrap_external>", line 995, in exec_module
  File "<frozen importlib._bootstrap>", line 488, in _call_with_frames_removed
  File "/opt/airflow/dags/flights-pipeline.py", line 12, in <module>
    from scripts.bronze_layer import run_bronze_ingestion
ModuleNotFoundError: No module named 'scripts.bronze_layer'
[2026-04-27T07:28:28.375+0000] {processor.py:842} WARNING - No viable dags retrieved from /opt/airflow/dags/flights-pipeline.py
[2026-04-27T07:28:28.443+0000] {processor.py:183} INFO - Processing /opt/airflow/dags/flights-pipeline.py took 0.430 seconds
[2026-04-27T07:28:58.871+0000] {processor.py:161} INFO - Started process (PID=123) to work on /opt/airflow/dags/flights-pipeline.py
[2026-04-27T07:28:58.874+0000] {processor.py:830} INFO - Processing file /opt/airflow/dags/flights-pipeline.py for tasks to queue
[2026-04-27T07:28:58.881+0000] {logging_mixin.py:188} INFO - [2026-04-27T07:28:58.880+0000] {dagbag.py:545} INFO - Filling up the DagBag from /opt/airflow/dags/flights-pipeline.py
[2026-04-27T07:28:58.960+0000] {logging_mixin.py:188} INFO - [2026-04-27T07:28:58.949+0000] {dagbag.py:355} ERROR - Failed to import: /opt/airflow/dags/flights-pipeline.py
Traceback (most recent call last):
  File "/home/airflow/.local/lib/python3.12/site-packages/airflow/models/dagbag.py", line 351, in parse
    loader.exec_module(new_module)
  File "<frozen importlib._bootstrap_external>", line 995, in exec_module
  File "<frozen importlib._bootstrap>", line 488, in _call_with_frames_removed
  File "/opt/airflow/dags/flights-pipeline.py", line 12, in <module>
    from scripts.bronze_layer import run_bronze_ingestion
ModuleNotFoundError: No module named 'scripts.bronze_layer'
[2026-04-27T07:28:58.964+0000] {processor.py:842} WARNING - No viable dags retrieved from /opt/airflow/dags/flights-pipeline.py
[2026-04-27T07:28:59.037+0000] {processor.py:183} INFO - Processing /opt/airflow/dags/flights-pipeline.py took 0.186 seconds
[2026-04-27T07:29:29.290+0000] {processor.py:161} INFO - Started process (PID=124) to work on /opt/airflow/dags/flights-pipeline.py
[2026-04-27T07:29:29.295+0000] {processor.py:830} INFO - Processing file /opt/airflow/dags/flights-pipeline.py for tasks to queue
[2026-04-27T07:29:29.299+0000] {logging_mixin.py:188} INFO - [2026-04-27T07:29:29.298+0000] {dagbag.py:545} INFO - Filling up the DagBag from /opt/airflow/dags/flights-pipeline.py
[2026-04-27T07:29:29.404+0000] {logging_mixin.py:188} INFO - [2026-04-27T07:29:29.386+0000] {dagbag.py:355} ERROR - Failed to import: /opt/airflow/dags/flights-pipeline.py
Traceback (most recent call last):
  File "/home/airflow/.local/lib/python3.12/site-packages/airflow/models/dagbag.py", line 351, in parse
    loader.exec_module(new_module)
  File "<frozen importlib._bootstrap_external>", line 995, in exec_module
  File "<frozen importlib._bootstrap>", line 488, in _call_with_frames_removed
  File "/opt/airflow/dags/flights-pipeline.py", line 12, in <module>
    from scripts.bronze_layer import run_bronze_ingestion
ModuleNotFoundError: No module named 'scripts.bronze_layer'
[2026-04-27T07:29:29.411+0000] {processor.py:842} WARNING - No viable dags retrieved from /opt/airflow/dags/flights-pipeline.py
[2026-04-27T07:29:29.490+0000] {processor.py:183} INFO - Processing /opt/airflow/dags/flights-pipeline.py took 0.219 seconds
[2026-04-27T07:29:59.924+0000] {processor.py:161} INFO - Started process (PID=125) to work on /opt/airflow/dags/flights-pipeline.py
[2026-04-27T07:29:59.928+0000] {processor.py:830} INFO - Processing file /opt/airflow/dags/flights-pipeline.py for tasks to queue
[2026-04-27T07:29:59.933+0000] {logging_mixin.py:188} INFO - [2026-04-27T07:29:59.932+0000] {dagbag.py:545} INFO - Filling up the DagBag from /opt/airflow/dags/flights-pipeline.py
[2026-04-27T07:30:00.015+0000] {logging_mixin.py:188} INFO - [2026-04-27T07:30:00.001+0000] {dagbag.py:355} ERROR - Failed to import: /opt/airflow/dags/flights-pipeline.py
Traceback (most recent call last):
  File "/home/airflow/.local/lib/python3.12/site-packages/airflow/models/dagbag.py", line 351, in parse
    loader.exec_module(new_module)
  File "<frozen importlib._bootstrap_external>", line 995, in exec_module
  File "<frozen importlib._bootstrap>", line 488, in _call_with_frames_removed
  File "/opt/airflow/dags/flights-pipeline.py", line 12, in <module>
    from scripts.bronze_layer import run_bronze_ingestion
ModuleNotFoundError: No module named 'scripts.bronze_layer'
[2026-04-27T07:30:00.022+0000] {processor.py:842} WARNING - No viable dags retrieved from /opt/airflow/dags/flights-pipeline.py
[2026-04-27T07:30:00.094+0000] {processor.py:183} INFO - Processing /opt/airflow/dags/flights-pipeline.py took 0.185 seconds
[2026-04-27T07:30:30.428+0000] {processor.py:161} INFO - Started process (PID=126) to work on /opt/airflow/dags/flights-pipeline.py
[2026-04-27T07:30:30.432+0000] {processor.py:830} INFO - Processing file /opt/airflow/dags/flights-pipeline.py for tasks to queue
[2026-04-27T07:30:30.443+0000] {logging_mixin.py:188} INFO - [2026-04-27T07:30:30.440+0000] {dagbag.py:545} INFO - Filling up the DagBag from /opt/airflow/dags/flights-pipeline.py
[2026-04-27T07:30:30.542+0000] {logging_mixin.py:188} INFO - [2026-04-27T07:30:30.532+0000] {dagbag.py:355} ERROR - Failed to import: /opt/airflow/dags/flights-pipeline.py
Traceback (most recent call last):
  File "/home/airflow/.local/lib/python3.12/site-packages/airflow/models/dagbag.py", line 351, in parse
    loader.exec_module(new_module)
  File "<frozen importlib._bootstrap_external>", line 995, in exec_module
  File "<frozen importlib._bootstrap>", line 488, in _call_with_frames_removed
  File "/opt/airflow/dags/flights-pipeline.py", line 12, in <module>
    from scripts.bronze_layer import run_bronze_ingestion
ModuleNotFoundError: No module named 'scripts.bronze_layer'
[2026-04-27T07:30:30.548+0000] {processor.py:842} WARNING - No viable dags retrieved from /opt/airflow/dags/flights-pipeline.py
[2026-04-27T07:30:30.620+0000] {processor.py:183} INFO - Processing /opt/airflow/dags/flights-pipeline.py took 0.216 seconds
[2026-04-27T07:31:00.948+0000] {processor.py:161} INFO - Started process (PID=127) to work on /opt/airflow/dags/flights-pipeline.py
[2026-04-27T07:31:00.952+0000] {processor.py:830} INFO - Processing file /opt/airflow/dags/flights-pipeline.py for tasks to queue
[2026-04-27T07:31:00.957+0000] {logging_mixin.py:188} INFO - [2026-04-27T07:31:00.956+0000] {dagbag.py:545} INFO - Filling up the DagBag from /opt/airflow/dags/flights-pipeline.py
[2026-04-27T07:31:01.032+0000] {logging_mixin.py:188} INFO - [2026-04-27T07:31:01.019+0000] {dagbag.py:355} ERROR - Failed to import: /opt/airflow/dags/flights-pipeline.py
Traceback (most recent call last):
  File "/home/airflow/.local/lib/python3.12/site-packages/airflow/models/dagbag.py", line 351, in parse
    loader.exec_module(new_module)
  File "<frozen importlib._bootstrap_external>", line 995, in exec_module
  File "<frozen importlib._bootstrap>", line 488, in _call_with_frames_removed
  File "/opt/airflow/dags/flights-pipeline.py", line 12, in <module>
    from scripts.bronze_layer import run_bronze_ingestion
ModuleNotFoundError: No module named 'scripts.bronze_layer'
[2026-04-27T07:31:01.037+0000] {processor.py:842} WARNING - No viable dags retrieved from /opt/airflow/dags/flights-pipeline.py
[2026-04-27T07:31:01.102+0000] {processor.py:183} INFO - Processing /opt/airflow/dags/flights-pipeline.py took 0.170 seconds
[2026-04-27T07:31:31.412+0000] {processor.py:161} INFO - Started process (PID=128) to work on /opt/airflow/dags/flights-pipeline.py
[2026-04-27T07:31:31.416+0000] {processor.py:830} INFO - Processing file /opt/airflow/dags/flights-pipeline.py for tasks to queue
[2026-04-27T07:31:31.421+0000] {logging_mixin.py:188} INFO - [2026-04-27T07:31:31.420+0000] {dagbag.py:545} INFO - Filling up the DagBag from /opt/airflow/dags/flights-pipeline.py
[2026-04-27T07:31:31.497+0000] {logging_mixin.py:188} INFO - [2026-04-27T07:31:31.483+0000] {dagbag.py:355} ERROR - Failed to import: /opt/airflow/dags/flights-pipeline.py
Traceback (most recent call last):
  File "/home/airflow/.local/lib/python3.12/site-packages/airflow/models/dagbag.py", line 351, in parse
    loader.exec_module(new_module)
  File "<frozen importlib._bootstrap_external>", line 995, in exec_module
  File "<frozen importlib._bootstrap>", line 488, in _call_with_frames_removed
  File "/opt/airflow/dags/flights-pipeline.py", line 12, in <module>
    from scripts.bronze_layer import run_bronze_ingestion
ModuleNotFoundError: No module named 'scripts.bronze_layer'
[2026-04-27T07:31:31.502+0000] {processor.py:842} WARNING - No viable dags retrieved from /opt/airflow/dags/flights-pipeline.py
[2026-04-27T07:31:31.571+0000] {processor.py:183} INFO - Processing /opt/airflow/dags/flights-pipeline.py took 0.176 seconds
[2026-04-27T07:32:01.926+0000] {processor.py:161} INFO - Started process (PID=129) to work on /opt/airflow/dags/flights-pipeline.py
[2026-04-27T07:32:01.931+0000] {processor.py:830} INFO - Processing file /opt/airflow/dags/flights-pipeline.py for tasks to queue
[2026-04-27T07:32:01.938+0000] {logging_mixin.py:188} INFO - [2026-04-27T07:32:01.937+0000] {dagbag.py:545} INFO - Filling up the DagBag from /opt/airflow/dags/flights-pipeline.py
[2026-04-27T07:32:02.050+0000] {logging_mixin.py:188} INFO - [2026-04-27T07:32:02.032+0000] {dagbag.py:355} ERROR - Failed to import: /opt/airflow/dags/flights-pipeline.py
Traceback (most recent call last):
  File "/home/airflow/.local/lib/python3.12/site-packages/airflow/models/dagbag.py", line 351, in parse
    loader.exec_module(new_module)
  File "<frozen importlib._bootstrap_external>", line 995, in exec_module
  File "<frozen importlib._bootstrap>", line 488, in _call_with_frames_removed
  File "/opt/airflow/dags/flights-pipeline.py", line 12, in <module>
    from scripts.bronze_layer import run_bronze_ingestion
ModuleNotFoundError: No module named 'scripts.bronze_layer'
[2026-04-27T07:32:02.056+0000] {processor.py:842} WARNING - No viable dags retrieved from /opt/airflow/dags/flights-pipeline.py
[2026-04-27T07:32:02.160+0000] {processor.py:183} INFO - Processing /opt/airflow/dags/flights-pipeline.py took 0.257 seconds
[2026-04-27T07:32:32.413+0000] {processor.py:161} INFO - Started process (PID=130) to work on /opt/airflow/dags/flights-pipeline.py
[2026-04-27T07:32:32.419+0000] {processor.py:830} INFO - Processing file /opt/airflow/dags/flights-pipeline.py for tasks to queue
[2026-04-27T07:32:32.426+0000] {logging_mixin.py:188} INFO - [2026-04-27T07:32:32.425+0000] {dagbag.py:545} INFO - Filling up the DagBag from /opt/airflow/dags/flights-pipeline.py
[2026-04-27T07:32:32.530+0000] {logging_mixin.py:188} INFO - [2026-04-27T07:32:32.512+0000] {dagbag.py:355} ERROR - Failed to import: /opt/airflow/dags/flights-pipeline.py
Traceback (most recent call last):
  File "/home/airflow/.local/lib/python3.12/site-packages/airflow/models/dagbag.py", line 351, in parse
    loader.exec_module(new_module)
  File "<frozen importlib._bootstrap_external>", line 995, in exec_module
  File "<frozen importlib._bootstrap>", line 488, in _call_with_frames_removed
  File "/opt/airflow/dags/flights-pipeline.py", line 12, in <module>
    from scripts.bronze_layer import run_bronze_ingestion
ModuleNotFoundError: No module named 'scripts.bronze_layer'
[2026-04-27T07:32:32.536+0000] {processor.py:842} WARNING - No viable dags retrieved from /opt/airflow/dags/flights-pipeline.py
[2026-04-27T07:32:32.640+0000] {processor.py:183} INFO - Processing /opt/airflow/dags/flights-pipeline.py took 0.253 seconds
[2026-04-27T07:33:03.145+0000] {processor.py:161} INFO - Started process (PID=131) to work on /opt/airflow/dags/flights-pipeline.py
[2026-04-27T07:33:03.150+0000] {processor.py:830} INFO - Processing file /opt/airflow/dags/flights-pipeline.py for tasks to queue
[2026-04-27T07:33:03.159+0000] {logging_mixin.py:188} INFO - [2026-04-27T07:33:03.157+0000] {dagbag.py:545} INFO - Filling up the DagBag from /opt/airflow/dags/flights-pipeline.py
[2026-04-27T07:33:03.273+0000] {logging_mixin.py:188} INFO - [2026-04-27T07:33:03.255+0000] {dagbag.py:355} ERROR - Failed to import: /opt/airflow/dags/flights-pipeline.py
Traceback (most recent call last):
  File "/home/airflow/.local/lib/python3.12/site-packages/airflow/models/dagbag.py", line 351, in parse
    loader.exec_module(new_module)
  File "<frozen importlib._bootstrap_external>", line 995, in exec_module
  File "<frozen importlib._bootstrap>", line 488, in _call_with_frames_removed
  File "/opt/airflow/dags/flights-pipeline.py", line 12, in <module>
    from scripts.bronze_layer import run_bronze_ingestion
ModuleNotFoundError: No module named 'scripts.bronze_layer'
[2026-04-27T07:33:03.281+0000] {processor.py:842} WARNING - No viable dags retrieved from /opt/airflow/dags/flights-pipeline.py
[2026-04-27T07:33:03.386+0000] {processor.py:183} INFO - Processing /opt/airflow/dags/flights-pipeline.py took 0.265 seconds
[2026-04-27T07:33:33.519+0000] {processor.py:161} INFO - Started process (PID=132) to work on /opt/airflow/dags/flights-pipeline.py
[2026-04-27T07:33:33.521+0000] {processor.py:830} INFO - Processing file /opt/airflow/dags/flights-pipeline.py for tasks to queue
[2026-04-27T07:33:33.527+0000] {logging_mixin.py:188} INFO - [2026-04-27T07:33:33.526+0000] {dagbag.py:545} INFO - Filling up the DagBag from /opt/airflow/dags/flights-pipeline.py
[2026-04-27T07:33:33.594+0000] {logging_mixin.py:188} INFO - [2026-04-27T07:33:33.581+0000] {dagbag.py:355} ERROR - Failed to import: /opt/airflow/dags/flights-pipeline.py
Traceback (most recent call last):
  File "/home/airflow/.local/lib/python3.12/site-packages/airflow/models/dagbag.py", line 351, in parse
    loader.exec_module(new_module)
  File "<frozen importlib._bootstrap_external>", line 995, in exec_module
  File "<frozen importlib._bootstrap>", line 488, in _call_with_frames_removed
  File "/opt/airflow/dags/flights-pipeline.py", line 12, in <module>
    from scripts.bronze_layer import run_bronze_ingestion
ModuleNotFoundError: No module named 'scripts.bronze_layer'
[2026-04-27T07:33:33.600+0000] {processor.py:842} WARNING - No viable dags retrieved from /opt/airflow/dags/flights-pipeline.py
[2026-04-27T07:33:33.664+0000] {processor.py:183} INFO - Processing /opt/airflow/dags/flights-pipeline.py took 0.159 seconds
[2026-04-27T07:34:03.848+0000] {processor.py:161} INFO - Started process (PID=133) to work on /opt/airflow/dags/flights-pipeline.py
[2026-04-27T07:34:03.852+0000] {processor.py:830} INFO - Processing file /opt/airflow/dags/flights-pipeline.py for tasks to queue
[2026-04-27T07:34:03.858+0000] {logging_mixin.py:188} INFO - [2026-04-27T07:34:03.856+0000] {dagbag.py:545} INFO - Filling up the DagBag from /opt/airflow/dags/flights-pipeline.py
[2026-04-27T07:34:03.926+0000] {logging_mixin.py:188} INFO - [2026-04-27T07:34:03.912+0000] {dagbag.py:355} ERROR - Failed to import: /opt/airflow/dags/flights-pipeline.py
Traceback (most recent call last):
  File "/home/airflow/.local/lib/python3.12/site-packages/airflow/models/dagbag.py", line 351, in parse
    loader.exec_module(new_module)
  File "<frozen importlib._bootstrap_external>", line 995, in exec_module
  File "<frozen importlib._bootstrap>", line 488, in _call_with_frames_removed
  File "/opt/airflow/dags/flights-pipeline.py", line 12, in <module>
    from scripts.bronze_layer import run_bronze_ingestion
ModuleNotFoundError: No module named 'scripts.bronze_layer'
[2026-04-27T07:34:03.930+0000] {processor.py:842} WARNING - No viable dags retrieved from /opt/airflow/dags/flights-pipeline.py
[2026-04-27T07:34:03.997+0000] {processor.py:183} INFO - Processing /opt/airflow/dags/flights-pipeline.py took 0.162 seconds
[2026-04-27T07:34:34.426+0000] {processor.py:161} INFO - Started process (PID=134) to work on /opt/airflow/dags/flights-pipeline.py
[2026-04-27T07:34:34.429+0000] {processor.py:830} INFO - Processing file /opt/airflow/dags/flights-pipeline.py for tasks to queue
[2026-04-27T07:34:34.436+0000] {logging_mixin.py:188} INFO - [2026-04-27T07:34:34.435+0000] {dagbag.py:545} INFO - Filling up the DagBag from /opt/airflow/dags/flights-pipeline.py
[2026-04-27T07:34:34.525+0000] {logging_mixin.py:188} INFO - [2026-04-27T07:34:34.510+0000] {dagbag.py:355} ERROR - Failed to import: /opt/airflow/dags/flights-pipeline.py
Traceback (most recent call last):
  File "/home/airflow/.local/lib/python3.12/site-packages/airflow/models/dagbag.py", line 351, in parse
    loader.exec_module(new_module)
  File "<frozen importlib._bootstrap_external>", line 995, in exec_module
  File "<frozen importlib._bootstrap>", line 488, in _call_with_frames_removed
  File "/opt/airflow/dags/flights-pipeline.py", line 12, in <module>
    from scripts.bronze_layer import run_bronze_ingestion
ModuleNotFoundError: No module named 'scripts.bronze_layer'
[2026-04-27T07:34:34.531+0000] {processor.py:842} WARNING - No viable dags retrieved from /opt/airflow/dags/flights-pipeline.py
[2026-04-27T07:34:34.595+0000] {processor.py:183} INFO - Processing /opt/airflow/dags/flights-pipeline.py took 0.185 seconds
[2026-04-27T07:35:04.834+0000] {processor.py:161} INFO - Started process (PID=135) to work on /opt/airflow/dags/flights-pipeline.py
[2026-04-27T07:35:04.838+0000] {processor.py:830} INFO - Processing file /opt/airflow/dags/flights-pipeline.py for tasks to queue
[2026-04-27T07:35:04.845+0000] {logging_mixin.py:188} INFO - [2026-04-27T07:35:04.844+0000] {dagbag.py:545} INFO - Filling up the DagBag from /opt/airflow/dags/flights-pipeline.py
[2026-04-27T07:35:04.915+0000] {logging_mixin.py:188} INFO - [2026-04-27T07:35:04.904+0000] {dagbag.py:355} ERROR - Failed to import: /opt/airflow/dags/flights-pipeline.py
Traceback (most recent call last):
  File "/home/airflow/.local/lib/python3.12/site-packages/airflow/models/dagbag.py", line 351, in parse
    loader.exec_module(new_module)
  File "<frozen importlib._bootstrap_external>", line 995, in exec_module
  File "<frozen importlib._bootstrap>", line 488, in _call_with_frames_removed
  File "/opt/airflow/dags/flights-pipeline.py", line 12, in <module>
    from scripts.bronze_layer import run_bronze_ingestion
ModuleNotFoundError: No module named 'scripts.bronze_layer'
[2026-04-27T07:35:04.920+0000] {processor.py:842} WARNING - No viable dags retrieved from /opt/airflow/dags/flights-pipeline.py
[2026-04-27T07:35:04.984+0000] {processor.py:183} INFO - Processing /opt/airflow/dags/flights-pipeline.py took 0.167 seconds
[2026-04-27T07:35:35.410+0000] {processor.py:161} INFO - Started process (PID=136) to work on /opt/airflow/dags/flights-pipeline.py
[2026-04-27T07:35:35.414+0000] {processor.py:830} INFO - Processing file /opt/airflow/dags/flights-pipeline.py for tasks to queue
[2026-04-27T07:35:35.420+0000] {logging_mixin.py:188} INFO - [2026-04-27T07:35:35.419+0000] {dagbag.py:545} INFO - Filling up the DagBag from /opt/airflow/dags/flights-pipeline.py
[2026-04-27T07:35:35.490+0000] {logging_mixin.py:188} INFO - [2026-04-27T07:35:35.474+0000] {dagbag.py:355} ERROR - Failed to import: /opt/airflow/dags/flights-pipeline.py
Traceback (most recent call last):
  File "/home/airflow/.local/lib/python3.12/site-packages/airflow/models/dagbag.py", line 351, in parse
    loader.exec_module(new_module)
  File "<frozen importlib._bootstrap_external>", line 995, in exec_module
  File "<frozen importlib._bootstrap>", line 488, in _call_with_frames_removed
  File "/opt/airflow/dags/flights-pipeline.py", line 12, in <module>
    from scripts.bronze_layer import run_bronze_ingestion
ModuleNotFoundError: No module named 'scripts.bronze_layer'
[2026-04-27T07:35:35.496+0000] {processor.py:842} WARNING - No viable dags retrieved from /opt/airflow/dags/flights-pipeline.py
[2026-04-27T07:35:35.572+0000] {processor.py:183} INFO - Processing /opt/airflow/dags/flights-pipeline.py took 0.175 seconds
[2026-04-27T07:36:05.881+0000] {processor.py:161} INFO - Started process (PID=137) to work on /opt/airflow/dags/flights-pipeline.py
[2026-04-27T07:36:05.884+0000] {processor.py:830} INFO - Processing file /opt/airflow/dags/flights-pipeline.py for tasks to queue
[2026-04-27T07:36:05.894+0000] {logging_mixin.py:188} INFO - [2026-04-27T07:36:05.890+0000] {dagbag.py:545} INFO - Filling up the DagBag from /opt/airflow/dags/flights-pipeline.py
[2026-04-27T07:36:05.990+0000] {logging_mixin.py:188} INFO - [2026-04-27T07:36:05.976+0000] {dagbag.py:355} ERROR - Failed to import: /opt/airflow/dags/flights-pipeline.py
Traceback (most recent call last):
  File "/home/airflow/.local/lib/python3.12/site-packages/airflow/models/dagbag.py", line 351, in parse
    loader.exec_module(new_module)
  File "<frozen importlib._bootstrap_external>", line 995, in exec_module
  File "<frozen importlib._bootstrap>", line 488, in _call_with_frames_removed
  File "/opt/airflow/dags/flights-pipeline.py", line 12, in <module>
    from scripts.bronze_layer import run_bronze_ingestion
ModuleNotFoundError: No module named 'scripts.bronze_layer'
[2026-04-27T07:36:05.996+0000] {processor.py:842} WARNING - No viable dags retrieved from /opt/airflow/dags/flights-pipeline.py
[2026-04-27T07:36:06.058+0000] {processor.py:183} INFO - Processing /opt/airflow/dags/flights-pipeline.py took 0.196 seconds
[2026-04-27T07:36:36.491+0000] {processor.py:161} INFO - Started process (PID=138) to work on /opt/airflow/dags/flights-pipeline.py
[2026-04-27T07:36:36.494+0000] {processor.py:830} INFO - Processing file /opt/airflow/dags/flights-pipeline.py for tasks to queue
[2026-04-27T07:36:36.499+0000] {logging_mixin.py:188} INFO - [2026-04-27T07:36:36.498+0000] {dagbag.py:545} INFO - Filling up the DagBag from /opt/airflow/dags/flights-pipeline.py
[2026-04-27T07:36:36.568+0000] {logging_mixin.py:188} INFO - [2026-04-27T07:36:36.557+0000] {dagbag.py:355} ERROR - Failed to import: /opt/airflow/dags/flights-pipeline.py
Traceback (most recent call last):
  File "/home/airflow/.local/lib/python3.12/site-packages/airflow/models/dagbag.py", line 351, in parse
    loader.exec_module(new_module)
  File "<frozen importlib._bootstrap_external>", line 995, in exec_module
  File "<frozen importlib._bootstrap>", line 488, in _call_with_frames_removed
  File "/opt/airflow/dags/flights-pipeline.py", line 12, in <module>
    from scripts.bronze_layer import run_bronze_ingestion
ModuleNotFoundError: No module named 'scripts.bronze_layer'
[2026-04-27T07:36:36.571+0000] {processor.py:842} WARNING - No viable dags retrieved from /opt/airflow/dags/flights-pipeline.py
[2026-04-27T07:36:36.635+0000] {processor.py:183} INFO - Processing /opt/airflow/dags/flights-pipeline.py took 0.155 seconds
[2026-04-27T07:37:06.983+0000] {processor.py:161} INFO - Started process (PID=139) to work on /opt/airflow/dags/flights-pipeline.py
[2026-04-27T07:37:06.986+0000] {processor.py:830} INFO - Processing file /opt/airflow/dags/flights-pipeline.py for tasks to queue
[2026-04-27T07:37:06.992+0000] {logging_mixin.py:188} INFO - [2026-04-27T07:37:06.991+0000] {dagbag.py:545} INFO - Filling up the DagBag from /opt/airflow/dags/flights-pipeline.py
[2026-04-27T07:37:07.065+0000] {logging_mixin.py:188} INFO - [2026-04-27T07:37:07.051+0000] {dagbag.py:355} ERROR - Failed to import: /opt/airflow/dags/flights-pipeline.py
Traceback (most recent call last):
  File "/home/airflow/.local/lib/python3.12/site-packages/airflow/models/dagbag.py", line 351, in parse
    loader.exec_module(new_module)
  File "<frozen importlib._bootstrap_external>", line 995, in exec_module
  File "<frozen importlib._bootstrap>", line 488, in _call_with_frames_removed
  File "/opt/airflow/dags/flights-pipeline.py", line 12, in <module>
    from scripts.bronze_layer import run_bronze_ingestion
ModuleNotFoundError: No module named 'scripts.bronze_layer'
[2026-04-27T07:37:07.069+0000] {processor.py:842} WARNING - No viable dags retrieved from /opt/airflow/dags/flights-pipeline.py
[2026-04-27T07:37:07.135+0000] {processor.py:183} INFO - Processing /opt/airflow/dags/flights-pipeline.py took 0.166 seconds
[2026-04-27T07:37:37.531+0000] {processor.py:161} INFO - Started process (PID=140) to work on /opt/airflow/dags/flights-pipeline.py
[2026-04-27T07:37:37.539+0000] {processor.py:830} INFO - Processing file /opt/airflow/dags/flights-pipeline.py for tasks to queue
[2026-04-27T07:37:37.547+0000] {logging_mixin.py:188} INFO - [2026-04-27T07:37:37.546+0000] {dagbag.py:545} INFO - Filling up the DagBag from /opt/airflow/dags/flights-pipeline.py
[2026-04-27T07:37:37.650+0000] {logging_mixin.py:188} INFO - [2026-04-27T07:37:37.632+0000] {dagbag.py:355} ERROR - Failed to import: /opt/airflow/dags/flights-pipeline.py
Traceback (most recent call last):
  File "/home/airflow/.local/lib/python3.12/site-packages/airflow/models/dagbag.py", line 351, in parse
    loader.exec_module(new_module)
  File "<frozen importlib._bootstrap_external>", line 995, in exec_module
  File "<frozen importlib._bootstrap>", line 488, in _call_with_frames_removed
  File "/opt/airflow/dags/flights-pipeline.py", line 12, in <module>
    from scripts.bronze_layer import run_bronze_ingestion
ModuleNotFoundError: No module named 'scripts.bronze_layer'
[2026-04-27T07:37:37.656+0000] {processor.py:842} WARNING - No viable dags retrieved from /opt/airflow/dags/flights-pipeline.py
[2026-04-27T07:37:37.749+0000] {processor.py:183} INFO - Processing /opt/airflow/dags/flights-pipeline.py took 0.241 seconds
[2026-04-27T07:38:08.054+0000] {processor.py:161} INFO - Started process (PID=141) to work on /opt/airflow/dags/flights-pipeline.py
[2026-04-27T07:38:08.058+0000] {processor.py:830} INFO - Processing file /opt/airflow/dags/flights-pipeline.py for tasks to queue
[2026-04-27T07:38:08.063+0000] {logging_mixin.py:188} INFO - [2026-04-27T07:38:08.062+0000] {dagbag.py:545} INFO - Filling up the DagBag from /opt/airflow/dags/flights-pipeline.py
[2026-04-27T07:38:08.124+0000] {logging_mixin.py:188} INFO - [2026-04-27T07:38:08.112+0000] {dagbag.py:355} ERROR - Failed to import: /opt/airflow/dags/flights-pipeline.py
Traceback (most recent call last):
  File "/home/airflow/.local/lib/python3.12/site-packages/airflow/models/dagbag.py", line 351, in parse
    loader.exec_module(new_module)
  File "<frozen importlib._bootstrap_external>", line 995, in exec_module
  File "<frozen importlib._bootstrap>", line 488, in _call_with_frames_removed
  File "/opt/airflow/dags/flights-pipeline.py", line 12, in <module>
    from scripts.bronze_layer import run_bronze_ingestion
ModuleNotFoundError: No module named 'scripts.bronze_layer'
[2026-04-27T07:38:08.129+0000] {processor.py:842} WARNING - No viable dags retrieved from /opt/airflow/dags/flights-pipeline.py
[2026-04-27T07:38:08.193+0000] {processor.py:183} INFO - Processing /opt/airflow/dags/flights-pipeline.py took 0.155 seconds
[2026-04-27T07:38:38.819+0000] {processor.py:161} INFO - Started process (PID=142) to work on /opt/airflow/dags/flights-pipeline.py
[2026-04-27T07:38:38.822+0000] {processor.py:830} INFO - Processing file /opt/airflow/dags/flights-pipeline.py for tasks to queue
[2026-04-27T07:38:38.828+0000] {logging_mixin.py:188} INFO - [2026-04-27T07:38:38.827+0000] {dagbag.py:545} INFO - Filling up the DagBag from /opt/airflow/dags/flights-pipeline.py
[2026-04-27T07:38:38.896+0000] {logging_mixin.py:188} INFO - [2026-04-27T07:38:38.884+0000] {dagbag.py:355} ERROR - Failed to import: /opt/airflow/dags/flights-pipeline.py
Traceback (most recent call last):
  File "/home/airflow/.local/lib/python3.12/site-packages/airflow/models/dagbag.py", line 351, in parse
    loader.exec_module(new_module)
  File "<frozen importlib._bootstrap_external>", line 995, in exec_module
  File "<frozen importlib._bootstrap>", line 488, in _call_with_frames_removed
  File "/opt/airflow/dags/flights-pipeline.py", line 12, in <module>
    from scripts.bronze_layer import run_bronze_ingestion
ModuleNotFoundError: No module named 'scripts.bronze_layer'
[2026-04-27T07:38:38.900+0000] {processor.py:842} WARNING - No viable dags retrieved from /opt/airflow/dags/flights-pipeline.py
[2026-04-27T07:38:38.963+0000] {processor.py:183} INFO - Processing /opt/airflow/dags/flights-pipeline.py took 0.157 seconds
[2026-04-27T07:39:09.308+0000] {processor.py:161} INFO - Started process (PID=143) to work on /opt/airflow/dags/flights-pipeline.py
[2026-04-27T07:39:09.313+0000] {processor.py:830} INFO - Processing file /opt/airflow/dags/flights-pipeline.py for tasks to queue
[2026-04-27T07:39:09.321+0000] {logging_mixin.py:188} INFO - [2026-04-27T07:39:09.319+0000] {dagbag.py:545} INFO - Filling up the DagBag from /opt/airflow/dags/flights-pipeline.py
[2026-04-27T07:39:09.426+0000] {logging_mixin.py:188} INFO - [2026-04-27T07:39:09.408+0000] {dagbag.py:355} ERROR - Failed to import: /opt/airflow/dags/flights-pipeline.py
Traceback (most recent call last):
  File "/home/airflow/.local/lib/python3.12/site-packages/airflow/models/dagbag.py", line 351, in parse
    loader.exec_module(new_module)
  File "<frozen importlib._bootstrap_external>", line 995, in exec_module
  File "<frozen importlib._bootstrap>", line 488, in _call_with_frames_removed
  File "/opt/airflow/dags/flights-pipeline.py", line 12, in <module>
    from scripts.bronze_layer import run_bronze_ingestion
ModuleNotFoundError: No module named 'scripts.bronze_layer'
[2026-04-27T07:39:09.432+0000] {processor.py:842} WARNING - No viable dags retrieved from /opt/airflow/dags/flights-pipeline.py
[2026-04-27T07:39:09.514+0000] {processor.py:183} INFO - Processing /opt/airflow/dags/flights-pipeline.py took 0.229 seconds
[2026-04-27T07:39:39.754+0000] {processor.py:161} INFO - Started process (PID=144) to work on /opt/airflow/dags/flights-pipeline.py
[2026-04-27T07:39:39.758+0000] {processor.py:830} INFO - Processing file /opt/airflow/dags/flights-pipeline.py for tasks to queue
[2026-04-27T07:39:39.763+0000] {logging_mixin.py:188} INFO - [2026-04-27T07:39:39.762+0000] {dagbag.py:545} INFO - Filling up the DagBag from /opt/airflow/dags/flights-pipeline.py
[2026-04-27T07:39:39.824+0000] {logging_mixin.py:188} INFO - [2026-04-27T07:39:39.814+0000] {dagbag.py:355} ERROR - Failed to import: /opt/airflow/dags/flights-pipeline.py
Traceback (most recent call last):
  File "/home/airflow/.local/lib/python3.12/site-packages/airflow/models/dagbag.py", line 351, in parse
    loader.exec_module(new_module)
  File "<frozen importlib._bootstrap_external>", line 995, in exec_module
  File "<frozen importlib._bootstrap>", line 488, in _call_with_frames_removed
  File "/opt/airflow/dags/flights-pipeline.py", line 12, in <module>
    from scripts.bronze_layer import run_bronze_ingestion
ModuleNotFoundError: No module named 'scripts.bronze_layer'
[2026-04-27T07:39:39.829+0000] {processor.py:842} WARNING - No viable dags retrieved from /opt/airflow/dags/flights-pipeline.py
[2026-04-27T07:39:39.889+0000] {processor.py:183} INFO - Processing /opt/airflow/dags/flights-pipeline.py took 0.150 seconds
[2026-04-27T07:40:10.346+0000] {processor.py:161} INFO - Started process (PID=145) to work on /opt/airflow/dags/flights-pipeline.py
[2026-04-27T07:40:10.349+0000] {processor.py:830} INFO - Processing file /opt/airflow/dags/flights-pipeline.py for tasks to queue
[2026-04-27T07:40:10.355+0000] {logging_mixin.py:188} INFO - [2026-04-27T07:40:10.354+0000] {dagbag.py:545} INFO - Filling up the DagBag from /opt/airflow/dags/flights-pipeline.py
[2026-04-27T07:40:10.421+0000] {logging_mixin.py:188} INFO - [2026-04-27T07:40:10.410+0000] {dagbag.py:355} ERROR - Failed to import: /opt/airflow/dags/flights-pipeline.py
Traceback (most recent call last):
  File "/home/airflow/.local/lib/python3.12/site-packages/airflow/models/dagbag.py", line 351, in parse
    loader.exec_module(new_module)
  File "<frozen importlib._bootstrap_external>", line 995, in exec_module
  File "<frozen importlib._bootstrap>", line 488, in _call_with_frames_removed
  File "/opt/airflow/dags/flights-pipeline.py", line 12, in <module>
    from scripts.bronze_layer import run_bronze_ingestion
ModuleNotFoundError: No module named 'scripts.bronze_layer'
[2026-04-27T07:40:10.426+0000] {processor.py:842} WARNING - No viable dags retrieved from /opt/airflow/dags/flights-pipeline.py
[2026-04-27T07:40:10.501+0000] {processor.py:183} INFO - Processing /opt/airflow/dags/flights-pipeline.py took 0.169 seconds
[2026-04-27T07:40:40.797+0000] {processor.py:161} INFO - Started process (PID=146) to work on /opt/airflow/dags/flights-pipeline.py
[2026-04-27T07:40:40.800+0000] {processor.py:830} INFO - Processing file /opt/airflow/dags/flights-pipeline.py for tasks to queue
[2026-04-27T07:40:40.808+0000] {logging_mixin.py:188} INFO - [2026-04-27T07:40:40.806+0000] {dagbag.py:545} INFO - Filling up the DagBag from /opt/airflow/dags/flights-pipeline.py
[2026-04-27T07:40:40.875+0000] {logging_mixin.py:188} INFO - [2026-04-27T07:40:40.863+0000] {dagbag.py:355} ERROR - Failed to import: /opt/airflow/dags/flights-pipeline.py
Traceback (most recent call last):
  File "/home/airflow/.local/lib/python3.12/site-packages/airflow/models/dagbag.py", line 351, in parse
    loader.exec_module(new_module)
  File "<frozen importlib._bootstrap_external>", line 995, in exec_module
  File "<frozen importlib._bootstrap>", line 488, in _call_with_frames_removed
  File "/opt/airflow/dags/flights-pipeline.py", line 12, in <module>
    from scripts.bronze_layer import run_bronze_ingestion
ModuleNotFoundError: No module named 'scripts.bronze_layer'
[2026-04-27T07:40:40.880+0000] {processor.py:842} WARNING - No viable dags retrieved from /opt/airflow/dags/flights-pipeline.py
[2026-04-27T07:40:40.939+0000] {processor.py:183} INFO - Processing /opt/airflow/dags/flights-pipeline.py took 0.160 seconds
[2026-04-27T07:41:11.362+0000] {processor.py:161} INFO - Started process (PID=147) to work on /opt/airflow/dags/flights-pipeline.py
[2026-04-27T07:41:11.366+0000] {processor.py:830} INFO - Processing file /opt/airflow/dags/flights-pipeline.py for tasks to queue
[2026-04-27T07:41:11.373+0000] {logging_mixin.py:188} INFO - [2026-04-27T07:41:11.371+0000] {dagbag.py:545} INFO - Filling up the DagBag from /opt/airflow/dags/flights-pipeline.py
[2026-04-27T07:41:11.438+0000] {logging_mixin.py:188} INFO - [2026-04-27T07:41:11.427+0000] {dagbag.py:355} ERROR - Failed to import: /opt/airflow/dags/flights-pipeline.py
Traceback (most recent call last):
  File "/home/airflow/.local/lib/python3.12/site-packages/airflow/models/dagbag.py", line 351, in parse
    loader.exec_module(new_module)
  File "<frozen importlib._bootstrap_external>", line 995, in exec_module
  File "<frozen importlib._bootstrap>", line 488, in _call_with_frames_removed
  File "/opt/airflow/dags/flights-pipeline.py", line 12, in <module>
    from scripts.bronze_layer import run_bronze_ingestion
ModuleNotFoundError: No module named 'scripts.bronze_layer'
[2026-04-27T07:41:11.444+0000] {processor.py:842} WARNING - No viable dags retrieved from /opt/airflow/dags/flights-pipeline.py
[2026-04-27T07:41:11.519+0000] {processor.py:183} INFO - Processing /opt/airflow/dags/flights-pipeline.py took 0.172 seconds
[2026-04-27T07:41:41.822+0000] {processor.py:161} INFO - Started process (PID=148) to work on /opt/airflow/dags/flights-pipeline.py
[2026-04-27T07:41:41.826+0000] {processor.py:830} INFO - Processing file /opt/airflow/dags/flights-pipeline.py for tasks to queue
[2026-04-27T07:41:41.835+0000] {logging_mixin.py:188} INFO - [2026-04-27T07:41:41.834+0000] {dagbag.py:545} INFO - Filling up the DagBag from /opt/airflow/dags/flights-pipeline.py
[2026-04-27T07:41:41.939+0000] {logging_mixin.py:188} INFO - [2026-04-27T07:41:41.922+0000] {dagbag.py:355} ERROR - Failed to import: /opt/airflow/dags/flights-pipeline.py
Traceback (most recent call last):
  File "/home/airflow/.local/lib/python3.12/site-packages/airflow/models/dagbag.py", line 351, in parse
    loader.exec_module(new_module)
  File "<frozen importlib._bootstrap_external>", line 995, in exec_module
  File "<frozen importlib._bootstrap>", line 488, in _call_with_frames_removed
  File "/opt/airflow/dags/flights-pipeline.py", line 12, in <module>
    from scripts.bronze_layer import run_bronze_ingestion
ModuleNotFoundError: No module named 'scripts.bronze_layer'
[2026-04-27T07:41:41.946+0000] {processor.py:842} WARNING - No viable dags retrieved from /opt/airflow/dags/flights-pipeline.py
[2026-04-27T07:41:42.023+0000] {processor.py:183} INFO - Processing /opt/airflow/dags/flights-pipeline.py took 0.224 seconds
[2026-04-27T07:42:12.370+0000] {processor.py:161} INFO - Started process (PID=149) to work on /opt/airflow/dags/flights-pipeline.py
[2026-04-27T07:42:12.374+0000] {processor.py:830} INFO - Processing file /opt/airflow/dags/flights-pipeline.py for tasks to queue
[2026-04-27T07:42:12.382+0000] {logging_mixin.py:188} INFO - [2026-04-27T07:42:12.381+0000] {dagbag.py:545} INFO - Filling up the DagBag from /opt/airflow/dags/flights-pipeline.py
[2026-04-27T07:42:12.457+0000] {logging_mixin.py:188} INFO - [2026-04-27T07:42:12.437+0000] {dagbag.py:355} ERROR - Failed to import: /opt/airflow/dags/flights-pipeline.py
Traceback (most recent call last):
  File "/home/airflow/.local/lib/python3.12/site-packages/airflow/models/dagbag.py", line 351, in parse
    loader.exec_module(new_module)
  File "<frozen importlib._bootstrap_external>", line 995, in exec_module
  File "<frozen importlib._bootstrap>", line 488, in _call_with_frames_removed
  File "/opt/airflow/dags/flights-pipeline.py", line 12, in <module>
    from scripts.bronze_layer import run_bronze_ingestion
ModuleNotFoundError: No module named 'scripts.bronze_layer'
[2026-04-27T07:42:12.461+0000] {processor.py:842} WARNING - No viable dags retrieved from /opt/airflow/dags/flights-pipeline.py
[2026-04-27T07:42:12.523+0000] {processor.py:183} INFO - Processing /opt/airflow/dags/flights-pipeline.py took 0.168 seconds
[2026-04-27T07:42:42.892+0000] {processor.py:161} INFO - Started process (PID=150) to work on /opt/airflow/dags/flights-pipeline.py
[2026-04-27T07:42:42.896+0000] {processor.py:830} INFO - Processing file /opt/airflow/dags/flights-pipeline.py for tasks to queue
[2026-04-27T07:42:42.906+0000] {logging_mixin.py:188} INFO - [2026-04-27T07:42:42.904+0000] {dagbag.py:545} INFO - Filling up the DagBag from /opt/airflow/dags/flights-pipeline.py
[2026-04-27T07:42:43.009+0000] {logging_mixin.py:188} INFO - [2026-04-27T07:42:42.993+0000] {dagbag.py:355} ERROR - Failed to import: /opt/airflow/dags/flights-pipeline.py
Traceback (most recent call last):
  File "/home/airflow/.local/lib/python3.12/site-packages/airflow/models/dagbag.py", line 351, in parse
    loader.exec_module(new_module)
  File "<frozen importlib._bootstrap_external>", line 995, in exec_module
  File "<frozen importlib._bootstrap>", line 488, in _call_with_frames_removed
  File "/opt/airflow/dags/flights-pipeline.py", line 12, in <module>
    from scripts.bronze_layer import run_bronze_ingestion
ModuleNotFoundError: No module named 'scripts.bronze_layer'
[2026-04-27T07:42:43.016+0000] {processor.py:842} WARNING - No viable dags retrieved from /opt/airflow/dags/flights-pipeline.py
[2026-04-27T07:42:43.097+0000] {processor.py:183} INFO - Processing /opt/airflow/dags/flights-pipeline.py took 0.226 seconds
[2026-04-27T07:43:13.466+0000] {processor.py:161} INFO - Started process (PID=151) to work on /opt/airflow/dags/flights-pipeline.py
[2026-04-27T07:43:13.469+0000] {processor.py:830} INFO - Processing file /opt/airflow/dags/flights-pipeline.py for tasks to queue
[2026-04-27T07:43:13.474+0000] {logging_mixin.py:188} INFO - [2026-04-27T07:43:13.473+0000] {dagbag.py:545} INFO - Filling up the DagBag from /opt/airflow/dags/flights-pipeline.py
[2026-04-27T07:43:13.532+0000] {logging_mixin.py:188} INFO - [2026-04-27T07:43:13.520+0000] {dagbag.py:355} ERROR - Failed to import: /opt/airflow/dags/flights-pipeline.py
Traceback (most recent call last):
  File "/home/airflow/.local/lib/python3.12/site-packages/airflow/models/dagbag.py", line 351, in parse
    loader.exec_module(new_module)
  File "<frozen importlib._bootstrap_external>", line 995, in exec_module
  File "<frozen importlib._bootstrap>", line 488, in _call_with_frames_removed
  File "/opt/airflow/dags/flights-pipeline.py", line 12, in <module>
    from scripts.bronze_layer import run_bronze_ingestion
ModuleNotFoundError: No module named 'scripts.bronze_layer'
[2026-04-27T07:43:13.536+0000] {processor.py:842} WARNING - No viable dags retrieved from /opt/airflow/dags/flights-pipeline.py
[2026-04-27T07:43:13.590+0000] {processor.py:183} INFO - Processing /opt/airflow/dags/flights-pipeline.py took 0.153 seconds
[2026-04-27T07:43:43.928+0000] {processor.py:161} INFO - Started process (PID=152) to work on /opt/airflow/dags/flights-pipeline.py
[2026-04-27T07:43:43.931+0000] {processor.py:830} INFO - Processing file /opt/airflow/dags/flights-pipeline.py for tasks to queue
[2026-04-27T07:43:43.936+0000] {logging_mixin.py:188} INFO - [2026-04-27T07:43:43.935+0000] {dagbag.py:545} INFO - Filling up the DagBag from /opt/airflow/dags/flights-pipeline.py
[2026-04-27T07:43:43.992+0000] {logging_mixin.py:188} INFO - [2026-04-27T07:43:43.983+0000] {dagbag.py:355} ERROR - Failed to import: /opt/airflow/dags/flights-pipeline.py
Traceback (most recent call last):
  File "/home/airflow/.local/lib/python3.12/site-packages/airflow/models/dagbag.py", line 351, in parse
    loader.exec_module(new_module)
  File "<frozen importlib._bootstrap_external>", line 995, in exec_module
  File "<frozen importlib._bootstrap>", line 488, in _call_with_frames_removed
  File "/opt/airflow/dags/flights-pipeline.py", line 12, in <module>
    from scripts.bronze_layer import run_bronze_ingestion
ModuleNotFoundError: No module named 'scripts.bronze_layer'
[2026-04-27T07:43:43.996+0000] {processor.py:842} WARNING - No viable dags retrieved from /opt/airflow/dags/flights-pipeline.py
[2026-04-27T07:43:44.044+0000] {processor.py:183} INFO - Processing /opt/airflow/dags/flights-pipeline.py took 0.130 seconds
[2026-04-27T07:44:14.489+0000] {processor.py:161} INFO - Started process (PID=153) to work on /opt/airflow/dags/flights-pipeline.py
[2026-04-27T07:44:14.494+0000] {processor.py:830} INFO - Processing file /opt/airflow/dags/flights-pipeline.py for tasks to queue
[2026-04-27T07:44:14.502+0000] {logging_mixin.py:188} INFO - [2026-04-27T07:44:14.501+0000] {dagbag.py:545} INFO - Filling up the DagBag from /opt/airflow/dags/flights-pipeline.py
[2026-04-27T07:44:14.571+0000] {logging_mixin.py:188} INFO - [2026-04-27T07:44:14.559+0000] {dagbag.py:355} ERROR - Failed to import: /opt/airflow/dags/flights-pipeline.py
Traceback (most recent call last):
  File "/home/airflow/.local/lib/python3.12/site-packages/airflow/models/dagbag.py", line 351, in parse
    loader.exec_module(new_module)
  File "<frozen importlib._bootstrap_external>", line 995, in exec_module
  File "<frozen importlib._bootstrap>", line 488, in _call_with_frames_removed
  File "/opt/airflow/dags/flights-pipeline.py", line 12, in <module>
    from scripts.bronze_layer import run_bronze_ingestion
ModuleNotFoundError: No module named 'scripts.bronze_layer'
[2026-04-27T07:44:14.575+0000] {processor.py:842} WARNING - No viable dags retrieved from /opt/airflow/dags/flights-pipeline.py
[2026-04-27T07:44:14.647+0000] {processor.py:183} INFO - Processing /opt/airflow/dags/flights-pipeline.py took 0.179 seconds
[2026-04-27T07:44:44.968+0000] {processor.py:161} INFO - Started process (PID=154) to work on /opt/airflow/dags/flights-pipeline.py
[2026-04-27T07:44:44.972+0000] {processor.py:830} INFO - Processing file /opt/airflow/dags/flights-pipeline.py for tasks to queue
[2026-04-27T07:44:44.979+0000] {logging_mixin.py:188} INFO - [2026-04-27T07:44:44.978+0000] {dagbag.py:545} INFO - Filling up the DagBag from /opt/airflow/dags/flights-pipeline.py
[2026-04-27T07:44:45.083+0000] {logging_mixin.py:188} INFO - [2026-04-27T07:44:45.073+0000] {dagbag.py:355} ERROR - Failed to import: /opt/airflow/dags/flights-pipeline.py
Traceback (most recent call last):
  File "/home/airflow/.local/lib/python3.12/site-packages/airflow/models/dagbag.py", line 351, in parse
    loader.exec_module(new_module)
  File "<frozen importlib._bootstrap_external>", line 995, in exec_module
  File "<frozen importlib._bootstrap>", line 488, in _call_with_frames_removed
  File "/opt/airflow/dags/flights-pipeline.py", line 12, in <module>
    from scripts.bronze_layer import run_bronze_ingestion
ModuleNotFoundError: No module named 'scripts.bronze_layer'
[2026-04-27T07:44:45.087+0000] {processor.py:842} WARNING - No viable dags retrieved from /opt/airflow/dags/flights-pipeline.py
[2026-04-27T07:44:45.144+0000] {processor.py:183} INFO - Processing /opt/airflow/dags/flights-pipeline.py took 0.202 seconds
[2026-04-27T07:45:15.501+0000] {processor.py:161} INFO - Started process (PID=155) to work on /opt/airflow/dags/flights-pipeline.py
[2026-04-27T07:45:15.517+0000] {processor.py:830} INFO - Processing file /opt/airflow/dags/flights-pipeline.py for tasks to queue
[2026-04-27T07:45:15.525+0000] {logging_mixin.py:188} INFO - [2026-04-27T07:45:15.524+0000] {dagbag.py:545} INFO - Filling up the DagBag from /opt/airflow/dags/flights-pipeline.py
[2026-04-27T07:45:15.589+0000] {logging_mixin.py:188} INFO - [2026-04-27T07:45:15.579+0000] {dagbag.py:355} ERROR - Failed to import: /opt/airflow/dags/flights-pipeline.py
Traceback (most recent call last):
  File "/home/airflow/.local/lib/python3.12/site-packages/airflow/models/dagbag.py", line 351, in parse
    loader.exec_module(new_module)
  File "<frozen importlib._bootstrap_external>", line 995, in exec_module
  File "<frozen importlib._bootstrap>", line 488, in _call_with_frames_removed
  File "/opt/airflow/dags/flights-pipeline.py", line 12, in <module>
    from scripts.bronze_layer import run_bronze_ingestion
ModuleNotFoundError: No module named 'scripts.bronze_layer'
[2026-04-27T07:45:15.593+0000] {processor.py:842} WARNING - No viable dags retrieved from /opt/airflow/dags/flights-pipeline.py
[2026-04-27T07:45:15.656+0000] {processor.py:183} INFO - Processing /opt/airflow/dags/flights-pipeline.py took 0.177 seconds
[2026-04-27T07:45:45.942+0000] {processor.py:161} INFO - Started process (PID=156) to work on /opt/airflow/dags/flights-pipeline.py
[2026-04-27T07:45:45.945+0000] {processor.py:830} INFO - Processing file /opt/airflow/dags/flights-pipeline.py for tasks to queue
[2026-04-27T07:45:45.950+0000] {logging_mixin.py:188} INFO - [2026-04-27T07:45:45.949+0000] {dagbag.py:545} INFO - Filling up the DagBag from /opt/airflow/dags/flights-pipeline.py
[2026-04-27T07:45:46.055+0000] {logging_mixin.py:188} INFO - [2026-04-27T07:45:46.018+0000] {dagbag.py:355} ERROR - Failed to import: /opt/airflow/dags/flights-pipeline.py
Traceback (most recent call last):
  File "/home/airflow/.local/lib/python3.12/site-packages/airflow/models/dagbag.py", line 351, in parse
    loader.exec_module(new_module)
  File "<frozen importlib._bootstrap_external>", line 995, in exec_module
  File "<frozen importlib._bootstrap>", line 488, in _call_with_frames_removed
  File "/opt/airflow/dags/flights-pipeline.py", line 12, in <module>
    from scripts.bronze_layer import run_bronze_ingestion
ModuleNotFoundError: No module named 'scripts.bronze_layer'
[2026-04-27T07:45:46.066+0000] {processor.py:842} WARNING - No viable dags retrieved from /opt/airflow/dags/flights-pipeline.py
[2026-04-27T07:45:46.152+0000] {processor.py:183} INFO - Processing /opt/airflow/dags/flights-pipeline.py took 0.229 seconds
[2026-04-27T07:46:16.491+0000] {processor.py:161} INFO - Started process (PID=157) to work on /opt/airflow/dags/flights-pipeline.py
[2026-04-27T07:46:16.494+0000] {processor.py:830} INFO - Processing file /opt/airflow/dags/flights-pipeline.py for tasks to queue
[2026-04-27T07:46:16.501+0000] {logging_mixin.py:188} INFO - [2026-04-27T07:46:16.500+0000] {dagbag.py:545} INFO - Filling up the DagBag from /opt/airflow/dags/flights-pipeline.py
[2026-04-27T07:46:16.566+0000] {logging_mixin.py:188} INFO - [2026-04-27T07:46:16.557+0000] {dagbag.py:355} ERROR - Failed to import: /opt/airflow/dags/flights-pipeline.py
Traceback (most recent call last):
  File "/home/airflow/.local/lib/python3.12/site-packages/airflow/models/dagbag.py", line 351, in parse
    loader.exec_module(new_module)
  File "<frozen importlib._bootstrap_external>", line 995, in exec_module
  File "<frozen importlib._bootstrap>", line 488, in _call_with_frames_removed
  File "/opt/airflow/dags/flights-pipeline.py", line 12, in <module>
    from scripts.bronze_layer import run_bronze_ingestion
ModuleNotFoundError: No module named 'scripts.bronze_layer'
[2026-04-27T07:46:16.571+0000] {processor.py:842} WARNING - No viable dags retrieved from /opt/airflow/dags/flights-pipeline.py
[2026-04-27T07:46:16.633+0000] {processor.py:183} INFO - Processing /opt/airflow/dags/flights-pipeline.py took 0.160 seconds
[2026-04-27T07:46:46.966+0000] {processor.py:161} INFO - Started process (PID=158) to work on /opt/airflow/dags/flights-pipeline.py
[2026-04-27T07:46:46.969+0000] {processor.py:830} INFO - Processing file /opt/airflow/dags/flights-pipeline.py for tasks to queue
[2026-04-27T07:46:46.974+0000] {logging_mixin.py:188} INFO - [2026-04-27T07:46:46.973+0000] {dagbag.py:545} INFO - Filling up the DagBag from /opt/airflow/dags/flights-pipeline.py
[2026-04-27T07:46:47.034+0000] {logging_mixin.py:188} INFO - [2026-04-27T07:46:47.022+0000] {dagbag.py:355} ERROR - Failed to import: /opt/airflow/dags/flights-pipeline.py
Traceback (most recent call last):
  File "/home/airflow/.local/lib/python3.12/site-packages/airflow/models/dagbag.py", line 351, in parse
    loader.exec_module(new_module)
  File "<frozen importlib._bootstrap_external>", line 995, in exec_module
  File "<frozen importlib._bootstrap>", line 488, in _call_with_frames_removed
  File "/opt/airflow/dags/flights-pipeline.py", line 12, in <module>
    from scripts.bronze_layer import run_bronze_ingestion
ModuleNotFoundError: No module named 'scripts.bronze_layer'
[2026-04-27T07:46:47.038+0000] {processor.py:842} WARNING - No viable dags retrieved from /opt/airflow/dags/flights-pipeline.py
[2026-04-27T07:46:47.100+0000] {processor.py:183} INFO - Processing /opt/airflow/dags/flights-pipeline.py took 0.146 seconds
[2026-04-27T07:47:17.479+0000] {processor.py:161} INFO - Started process (PID=159) to work on /opt/airflow/dags/flights-pipeline.py
[2026-04-27T07:47:17.482+0000] {processor.py:830} INFO - Processing file /opt/airflow/dags/flights-pipeline.py for tasks to queue
[2026-04-27T07:47:17.488+0000] {logging_mixin.py:188} INFO - [2026-04-27T07:47:17.487+0000] {dagbag.py:545} INFO - Filling up the DagBag from /opt/airflow/dags/flights-pipeline.py
[2026-04-27T07:47:17.545+0000] {logging_mixin.py:188} INFO - [2026-04-27T07:47:17.534+0000] {dagbag.py:355} ERROR - Failed to import: /opt/airflow/dags/flights-pipeline.py
Traceback (most recent call last):
  File "/home/airflow/.local/lib/python3.12/site-packages/airflow/models/dagbag.py", line 351, in parse
    loader.exec_module(new_module)
  File "<frozen importlib._bootstrap_external>", line 995, in exec_module
  File "<frozen importlib._bootstrap>", line 488, in _call_with_frames_removed
  File "/opt/airflow/dags/flights-pipeline.py", line 12, in <module>
    from scripts.bronze_layer import run_bronze_ingestion
ModuleNotFoundError: No module named 'scripts.bronze_layer'
[2026-04-27T07:47:17.549+0000] {processor.py:842} WARNING - No viable dags retrieved from /opt/airflow/dags/flights-pipeline.py
[2026-04-27T07:47:17.613+0000] {processor.py:183} INFO - Processing /opt/airflow/dags/flights-pipeline.py took 0.148 seconds
[2026-04-27T07:47:47.978+0000] {processor.py:161} INFO - Started process (PID=160) to work on /opt/airflow/dags/flights-pipeline.py
[2026-04-27T07:47:47.982+0000] {processor.py:830} INFO - Processing file /opt/airflow/dags/flights-pipeline.py for tasks to queue
[2026-04-27T07:47:47.991+0000] {logging_mixin.py:188} INFO - [2026-04-27T07:47:47.989+0000] {dagbag.py:545} INFO - Filling up the DagBag from /opt/airflow/dags/flights-pipeline.py
[2026-04-27T07:47:48.057+0000] {logging_mixin.py:188} INFO - [2026-04-27T07:47:48.046+0000] {dagbag.py:355} ERROR - Failed to import: /opt/airflow/dags/flights-pipeline.py
Traceback (most recent call last):
  File "/home/airflow/.local/lib/python3.12/site-packages/airflow/models/dagbag.py", line 351, in parse
    loader.exec_module(new_module)
  File "<frozen importlib._bootstrap_external>", line 995, in exec_module
  File "<frozen importlib._bootstrap>", line 488, in _call_with_frames_removed
  File "/opt/airflow/dags/flights-pipeline.py", line 12, in <module>
    from scripts.bronze_layer import run_bronze_ingestion
ModuleNotFoundError: No module named 'scripts.bronze_layer'
[2026-04-27T07:47:48.062+0000] {processor.py:842} WARNING - No viable dags retrieved from /opt/airflow/dags/flights-pipeline.py
[2026-04-27T07:47:48.123+0000] {processor.py:183} INFO - Processing /opt/airflow/dags/flights-pipeline.py took 0.168 seconds
[2026-04-27T07:48:18.581+0000] {processor.py:161} INFO - Started process (PID=161) to work on /opt/airflow/dags/flights-pipeline.py
[2026-04-27T07:48:18.584+0000] {processor.py:830} INFO - Processing file /opt/airflow/dags/flights-pipeline.py for tasks to queue
[2026-04-27T07:48:18.591+0000] {logging_mixin.py:188} INFO - [2026-04-27T07:48:18.590+0000] {dagbag.py:545} INFO - Filling up the DagBag from /opt/airflow/dags/flights-pipeline.py
[2026-04-27T07:48:18.652+0000] {logging_mixin.py:188} INFO - [2026-04-27T07:48:18.641+0000] {dagbag.py:355} ERROR - Failed to import: /opt/airflow/dags/flights-pipeline.py
Traceback (most recent call last):
  File "/home/airflow/.local/lib/python3.12/site-packages/airflow/models/dagbag.py", line 351, in parse
    loader.exec_module(new_module)
  File "<frozen importlib._bootstrap_external>", line 995, in exec_module
  File "<frozen importlib._bootstrap>", line 488, in _call_with_frames_removed
  File "/opt/airflow/dags/flights-pipeline.py", line 12, in <module>
    from scripts.bronze_layer import run_bronze_ingestion
ModuleNotFoundError: No module named 'scripts.bronze_layer'
[2026-04-27T07:48:18.657+0000] {processor.py:842} WARNING - No viable dags retrieved from /opt/airflow/dags/flights-pipeline.py
[2026-04-27T07:48:18.721+0000] {processor.py:183} INFO - Processing /opt/airflow/dags/flights-pipeline.py took 0.153 seconds
[2026-04-27T07:48:49.055+0000] {processor.py:161} INFO - Started process (PID=162) to work on /opt/airflow/dags/flights-pipeline.py
[2026-04-27T07:48:49.059+0000] {processor.py:830} INFO - Processing file /opt/airflow/dags/flights-pipeline.py for tasks to queue
[2026-04-27T07:48:49.069+0000] {logging_mixin.py:188} INFO - [2026-04-27T07:48:49.067+0000] {dagbag.py:545} INFO - Filling up the DagBag from /opt/airflow/dags/flights-pipeline.py
[2026-04-27T07:48:49.172+0000] {logging_mixin.py:188} INFO - [2026-04-27T07:48:49.154+0000] {dagbag.py:355} ERROR - Failed to import: /opt/airflow/dags/flights-pipeline.py
Traceback (most recent call last):
  File "/home/airflow/.local/lib/python3.12/site-packages/airflow/models/dagbag.py", line 351, in parse
    loader.exec_module(new_module)
  File "<frozen importlib._bootstrap_external>", line 995, in exec_module
  File "<frozen importlib._bootstrap>", line 488, in _call_with_frames_removed
  File "/opt/airflow/dags/flights-pipeline.py", line 12, in <module>
    from scripts.bronze_layer import run_bronze_ingestion
ModuleNotFoundError: No module named 'scripts.bronze_layer'
[2026-04-27T07:48:49.179+0000] {processor.py:842} WARNING - No viable dags retrieved from /opt/airflow/dags/flights-pipeline.py
[2026-04-27T07:48:49.262+0000] {processor.py:183} INFO - Processing /opt/airflow/dags/flights-pipeline.py took 0.233 seconds
[2026-04-27T07:49:19.569+0000] {processor.py:161} INFO - Started process (PID=163) to work on /opt/airflow/dags/flights-pipeline.py
[2026-04-27T07:49:19.573+0000] {processor.py:830} INFO - Processing file /opt/airflow/dags/flights-pipeline.py for tasks to queue
[2026-04-27T07:49:19.580+0000] {logging_mixin.py:188} INFO - [2026-04-27T07:49:19.579+0000] {dagbag.py:545} INFO - Filling up the DagBag from /opt/airflow/dags/flights-pipeline.py
[2026-04-27T07:49:19.691+0000] {logging_mixin.py:188} INFO - [2026-04-27T07:49:19.670+0000] {dagbag.py:355} ERROR - Failed to import: /opt/airflow/dags/flights-pipeline.py
Traceback (most recent call last):
  File "/home/airflow/.local/lib/python3.12/site-packages/airflow/models/dagbag.py", line 351, in parse
    loader.exec_module(new_module)
  File "<frozen importlib._bootstrap_external>", line 995, in exec_module
  File "<frozen importlib._bootstrap>", line 488, in _call_with_frames_removed
  File "/opt/airflow/dags/flights-pipeline.py", line 12, in <module>
    from scripts.bronze_layer import run_bronze_ingestion
ModuleNotFoundError: No module named 'scripts.bronze_layer'
[2026-04-27T07:49:19.698+0000] {processor.py:842} WARNING - No viable dags retrieved from /opt/airflow/dags/flights-pipeline.py
[2026-04-27T07:49:20.096+0000] {processor.py:183} INFO - Processing /opt/airflow/dags/flights-pipeline.py took 0.550 seconds
[2026-04-27T07:49:50.612+0000] {processor.py:161} INFO - Started process (PID=164) to work on /opt/airflow/dags/flights-pipeline.py
[2026-04-27T07:49:50.614+0000] {processor.py:830} INFO - Processing file /opt/airflow/dags/flights-pipeline.py for tasks to queue
[2026-04-27T07:49:50.620+0000] {logging_mixin.py:188} INFO - [2026-04-27T07:49:50.619+0000] {dagbag.py:545} INFO - Filling up the DagBag from /opt/airflow/dags/flights-pipeline.py
[2026-04-27T07:49:50.681+0000] {logging_mixin.py:188} INFO - [2026-04-27T07:49:50.671+0000] {dagbag.py:355} ERROR - Failed to import: /opt/airflow/dags/flights-pipeline.py
Traceback (most recent call last):
  File "/home/airflow/.local/lib/python3.12/site-packages/airflow/models/dagbag.py", line 351, in parse
    loader.exec_module(new_module)
  File "<frozen importlib._bootstrap_external>", line 995, in exec_module
  File "<frozen importlib._bootstrap>", line 488, in _call_with_frames_removed
  File "/opt/airflow/dags/flights-pipeline.py", line 12, in <module>
    from scripts.bronze_layer import run_bronze_ingestion
ModuleNotFoundError: No module named 'scripts.bronze_layer'
[2026-04-27T07:49:50.685+0000] {processor.py:842} WARNING - No viable dags retrieved from /opt/airflow/dags/flights-pipeline.py
[2026-04-27T07:49:50.740+0000] {processor.py:183} INFO - Processing /opt/airflow/dags/flights-pipeline.py took 0.141 seconds
[2026-04-27T07:50:20.970+0000] {processor.py:161} INFO - Started process (PID=165) to work on /opt/airflow/dags/flights-pipeline.py
[2026-04-27T07:50:20.973+0000] {processor.py:830} INFO - Processing file /opt/airflow/dags/flights-pipeline.py for tasks to queue
[2026-04-27T07:50:20.979+0000] {logging_mixin.py:188} INFO - [2026-04-27T07:50:20.978+0000] {dagbag.py:545} INFO - Filling up the DagBag from /opt/airflow/dags/flights-pipeline.py
[2026-04-27T07:50:21.033+0000] {logging_mixin.py:188} INFO - [2026-04-27T07:50:21.023+0000] {dagbag.py:355} ERROR - Failed to import: /opt/airflow/dags/flights-pipeline.py
Traceback (most recent call last):
  File "/home/airflow/.local/lib/python3.12/site-packages/airflow/models/dagbag.py", line 351, in parse
    loader.exec_module(new_module)
  File "<frozen importlib._bootstrap_external>", line 995, in exec_module
  File "<frozen importlib._bootstrap>", line 488, in _call_with_frames_removed
  File "/opt/airflow/dags/flights-pipeline.py", line 12, in <module>
    from scripts.bronze_layer import run_bronze_ingestion
ModuleNotFoundError: No module named 'scripts.bronze_layer'
[2026-04-27T07:50:21.037+0000] {processor.py:842} WARNING - No viable dags retrieved from /opt/airflow/dags/flights-pipeline.py
[2026-04-27T07:50:21.088+0000] {processor.py:183} INFO - Processing /opt/airflow/dags/flights-pipeline.py took 0.131 seconds
[2026-04-27T07:50:51.519+0000] {processor.py:161} INFO - Started process (PID=166) to work on /opt/airflow/dags/flights-pipeline.py
[2026-04-27T07:50:51.522+0000] {processor.py:830} INFO - Processing file /opt/airflow/dags/flights-pipeline.py for tasks to queue
[2026-04-27T07:50:51.529+0000] {logging_mixin.py:188} INFO - [2026-04-27T07:50:51.528+0000] {dagbag.py:545} INFO - Filling up the DagBag from /opt/airflow/dags/flights-pipeline.py
[2026-04-27T07:50:51.587+0000] {logging_mixin.py:188} INFO - [2026-04-27T07:50:51.577+0000] {dagbag.py:355} ERROR - Failed to import: /opt/airflow/dags/flights-pipeline.py
Traceback (most recent call last):
  File "/home/airflow/.local/lib/python3.12/site-packages/airflow/models/dagbag.py", line 351, in parse
    loader.exec_module(new_module)
  File "<frozen importlib._bootstrap_external>", line 995, in exec_module
  File "<frozen importlib._bootstrap>", line 488, in _call_with_frames_removed
  File "/opt/airflow/dags/flights-pipeline.py", line 12, in <module>
    from scripts.bronze_layer import run_bronze_ingestion
ModuleNotFoundError: No module named 'scripts.bronze_layer'
[2026-04-27T07:50:51.592+0000] {processor.py:842} WARNING - No viable dags retrieved from /opt/airflow/dags/flights-pipeline.py
[2026-04-27T07:50:51.650+0000] {processor.py:183} INFO - Processing /opt/airflow/dags/flights-pipeline.py took 0.143 seconds
[2026-04-27T07:51:21.970+0000] {processor.py:161} INFO - Started process (PID=167) to work on /opt/airflow/dags/flights-pipeline.py
[2026-04-27T07:51:21.974+0000] {processor.py:830} INFO - Processing file /opt/airflow/dags/flights-pipeline.py for tasks to queue
[2026-04-27T07:51:21.983+0000] {logging_mixin.py:188} INFO - [2026-04-27T07:51:21.982+0000] {dagbag.py:545} INFO - Filling up the DagBag from /opt/airflow/dags/flights-pipeline.py
[2026-04-27T07:51:22.086+0000] {logging_mixin.py:188} INFO - [2026-04-27T07:51:22.069+0000] {dagbag.py:355} ERROR - Failed to import: /opt/airflow/dags/flights-pipeline.py
Traceback (most recent call last):
  File "/home/airflow/.local/lib/python3.12/site-packages/airflow/models/dagbag.py", line 351, in parse
    loader.exec_module(new_module)
  File "<frozen importlib._bootstrap_external>", line 995, in exec_module
  File "<frozen importlib._bootstrap>", line 488, in _call_with_frames_removed
  File "/opt/airflow/dags/flights-pipeline.py", line 12, in <module>
    from scripts.bronze_layer import run_bronze_ingestion
ModuleNotFoundError: No module named 'scripts.bronze_layer'
[2026-04-27T07:51:22.092+0000] {processor.py:842} WARNING - No viable dags retrieved from /opt/airflow/dags/flights-pipeline.py
[2026-04-27T07:51:22.175+0000] {processor.py:183} INFO - Processing /opt/airflow/dags/flights-pipeline.py took 0.228 seconds
[2026-04-27T07:51:52.518+0000] {processor.py:161} INFO - Started process (PID=168) to work on /opt/airflow/dags/flights-pipeline.py
[2026-04-27T07:51:52.522+0000] {processor.py:830} INFO - Processing file /opt/airflow/dags/flights-pipeline.py for tasks to queue
[2026-04-27T07:51:52.530+0000] {logging_mixin.py:188} INFO - [2026-04-27T07:51:52.528+0000] {dagbag.py:545} INFO - Filling up the DagBag from /opt/airflow/dags/flights-pipeline.py
[2026-04-27T07:51:52.626+0000] {logging_mixin.py:188} INFO - [2026-04-27T07:51:52.609+0000] {dagbag.py:355} ERROR - Failed to import: /opt/airflow/dags/flights-pipeline.py
Traceback (most recent call last):
  File "/home/airflow/.local/lib/python3.12/site-packages/airflow/models/dagbag.py", line 351, in parse
    loader.exec_module(new_module)
  File "<frozen importlib._bootstrap_external>", line 995, in exec_module
  File "<frozen importlib._bootstrap>", line 488, in _call_with_frames_removed
  File "/opt/airflow/dags/flights-pipeline.py", line 12, in <module>
    from scripts.bronze_layer import run_bronze_ingestion
ModuleNotFoundError: No module named 'scripts.bronze_layer'
[2026-04-27T07:51:52.632+0000] {processor.py:842} WARNING - No viable dags retrieved from /opt/airflow/dags/flights-pipeline.py
[2026-04-27T07:51:52.732+0000] {processor.py:183} INFO - Processing /opt/airflow/dags/flights-pipeline.py took 0.236 seconds
[2026-04-27T07:52:23.063+0000] {processor.py:161} INFO - Started process (PID=169) to work on /opt/airflow/dags/flights-pipeline.py
[2026-04-27T07:52:23.067+0000] {processor.py:830} INFO - Processing file /opt/airflow/dags/flights-pipeline.py for tasks to queue
[2026-04-27T07:52:23.072+0000] {logging_mixin.py:188} INFO - [2026-04-27T07:52:23.071+0000] {dagbag.py:545} INFO - Filling up the DagBag from /opt/airflow/dags/flights-pipeline.py
[2026-04-27T07:52:23.139+0000] {logging_mixin.py:188} INFO - [2026-04-27T07:52:23.128+0000] {dagbag.py:355} ERROR - Failed to import: /opt/airflow/dags/flights-pipeline.py
Traceback (most recent call last):
  File "/home/airflow/.local/lib/python3.12/site-packages/airflow/models/dagbag.py", line 351, in parse
    loader.exec_module(new_module)
  File "<frozen importlib._bootstrap_external>", line 995, in exec_module
  File "<frozen importlib._bootstrap>", line 488, in _call_with_frames_removed
  File "/opt/airflow/dags/flights-pipeline.py", line 12, in <module>
    from scripts.bronze_layer import run_bronze_ingestion
ModuleNotFoundError: No module named 'scripts.bronze_layer'
[2026-04-27T07:52:23.143+0000] {processor.py:842} WARNING - No viable dags retrieved from /opt/airflow/dags/flights-pipeline.py
[2026-04-27T07:52:23.197+0000] {processor.py:183} INFO - Processing /opt/airflow/dags/flights-pipeline.py took 0.147 seconds
[2026-04-27T07:52:53.610+0000] {processor.py:161} INFO - Started process (PID=170) to work on /opt/airflow/dags/flights-pipeline.py
[2026-04-27T07:52:53.613+0000] {processor.py:830} INFO - Processing file /opt/airflow/dags/flights-pipeline.py for tasks to queue
[2026-04-27T07:52:53.619+0000] {logging_mixin.py:188} INFO - [2026-04-27T07:52:53.618+0000] {dagbag.py:545} INFO - Filling up the DagBag from /opt/airflow/dags/flights-pipeline.py
[2026-04-27T07:52:53.679+0000] {logging_mixin.py:188} INFO - [2026-04-27T07:52:53.667+0000] {dagbag.py:355} ERROR - Failed to import: /opt/airflow/dags/flights-pipeline.py
Traceback (most recent call last):
  File "/home/airflow/.local/lib/python3.12/site-packages/airflow/models/dagbag.py", line 351, in parse
    loader.exec_module(new_module)
  File "<frozen importlib._bootstrap_external>", line 995, in exec_module
  File "<frozen importlib._bootstrap>", line 488, in _call_with_frames_removed
  File "/opt/airflow/dags/flights-pipeline.py", line 12, in <module>
    from scripts.bronze_layer import run_bronze_ingestion
ModuleNotFoundError: No module named 'scripts.bronze_layer'
[2026-04-27T07:52:53.684+0000] {processor.py:842} WARNING - No viable dags retrieved from /opt/airflow/dags/flights-pipeline.py
[2026-04-27T07:52:53.755+0000] {processor.py:183} INFO - Processing /opt/airflow/dags/flights-pipeline.py took 0.162 seconds
[2026-04-27T07:53:24.114+0000] {processor.py:161} INFO - Started process (PID=171) to work on /opt/airflow/dags/flights-pipeline.py
[2026-04-27T07:53:24.116+0000] {processor.py:830} INFO - Processing file /opt/airflow/dags/flights-pipeline.py for tasks to queue
[2026-04-27T07:53:24.124+0000] {logging_mixin.py:188} INFO - [2026-04-27T07:53:24.120+0000] {dagbag.py:545} INFO - Filling up the DagBag from /opt/airflow/dags/flights-pipeline.py
[2026-04-27T07:53:24.188+0000] {logging_mixin.py:188} INFO - [2026-04-27T07:53:24.176+0000] {dagbag.py:355} ERROR - Failed to import: /opt/airflow/dags/flights-pipeline.py
Traceback (most recent call last):
  File "/home/airflow/.local/lib/python3.12/site-packages/airflow/models/dagbag.py", line 351, in parse
    loader.exec_module(new_module)
  File "<frozen importlib._bootstrap_external>", line 995, in exec_module
  File "<frozen importlib._bootstrap>", line 488, in _call_with_frames_removed
  File "/opt/airflow/dags/flights-pipeline.py", line 12, in <module>
    from scripts.bronze_layer import run_bronze_ingestion
ModuleNotFoundError: No module named 'scripts.bronze_layer'
[2026-04-27T07:53:24.192+0000] {processor.py:842} WARNING - No viable dags retrieved from /opt/airflow/dags/flights-pipeline.py
[2026-04-27T07:53:24.248+0000] {processor.py:183} INFO - Processing /opt/airflow/dags/flights-pipeline.py took 0.151 seconds
[2026-04-27T07:53:54.621+0000] {processor.py:161} INFO - Started process (PID=172) to work on /opt/airflow/dags/flights-pipeline.py
[2026-04-27T07:53:54.624+0000] {processor.py:830} INFO - Processing file /opt/airflow/dags/flights-pipeline.py for tasks to queue
[2026-04-27T07:53:54.630+0000] {logging_mixin.py:188} INFO - [2026-04-27T07:53:54.629+0000] {dagbag.py:545} INFO - Filling up the DagBag from /opt/airflow/dags/flights-pipeline.py
[2026-04-27T07:53:54.698+0000] {logging_mixin.py:188} INFO - [2026-04-27T07:53:54.683+0000] {dagbag.py:355} ERROR - Failed to import: /opt/airflow/dags/flights-pipeline.py
Traceback (most recent call last):
  File "/home/airflow/.local/lib/python3.12/site-packages/airflow/models/dagbag.py", line 351, in parse
    loader.exec_module(new_module)
  File "<frozen importlib._bootstrap_external>", line 995, in exec_module
  File "<frozen importlib._bootstrap>", line 488, in _call_with_frames_removed
  File "/opt/airflow/dags/flights-pipeline.py", line 12, in <module>
    from scripts.bronze_layer import run_bronze_ingestion
ModuleNotFoundError: No module named 'scripts.bronze_layer'
[2026-04-27T07:53:54.704+0000] {processor.py:842} WARNING - No viable dags retrieved from /opt/airflow/dags/flights-pipeline.py
[2026-04-27T07:53:54.763+0000] {processor.py:183} INFO - Processing /opt/airflow/dags/flights-pipeline.py took 0.156 seconds
[2026-04-27T07:54:25.095+0000] {processor.py:161} INFO - Started process (PID=173) to work on /opt/airflow/dags/flights-pipeline.py
[2026-04-27T07:54:25.099+0000] {processor.py:830} INFO - Processing file /opt/airflow/dags/flights-pipeline.py for tasks to queue
[2026-04-27T07:54:25.106+0000] {logging_mixin.py:188} INFO - [2026-04-27T07:54:25.105+0000] {dagbag.py:545} INFO - Filling up the DagBag from /opt/airflow/dags/flights-pipeline.py
[2026-04-27T07:54:25.205+0000] {logging_mixin.py:188} INFO - [2026-04-27T07:54:25.187+0000] {dagbag.py:355} ERROR - Failed to import: /opt/airflow/dags/flights-pipeline.py
Traceback (most recent call last):
  File "/home/airflow/.local/lib/python3.12/site-packages/airflow/models/dagbag.py", line 351, in parse
    loader.exec_module(new_module)
  File "<frozen importlib._bootstrap_external>", line 995, in exec_module
  File "<frozen importlib._bootstrap>", line 488, in _call_with_frames_removed
  File "/opt/airflow/dags/flights-pipeline.py", line 12, in <module>
    from scripts.bronze_layer import run_bronze_ingestion
ModuleNotFoundError: No module named 'scripts.bronze_layer'
[2026-04-27T07:54:25.211+0000] {processor.py:842} WARNING - No viable dags retrieved from /opt/airflow/dags/flights-pipeline.py
[2026-04-27T07:54:25.296+0000] {processor.py:183} INFO - Processing /opt/airflow/dags/flights-pipeline.py took 0.224 seconds
[2026-04-27T07:54:55.588+0000] {processor.py:161} INFO - Started process (PID=174) to work on /opt/airflow/dags/flights-pipeline.py
[2026-04-27T07:54:55.591+0000] {processor.py:830} INFO - Processing file /opt/airflow/dags/flights-pipeline.py for tasks to queue
[2026-04-27T07:54:55.597+0000] {logging_mixin.py:188} INFO - [2026-04-27T07:54:55.596+0000] {dagbag.py:545} INFO - Filling up the DagBag from /opt/airflow/dags/flights-pipeline.py
[2026-04-27T07:54:55.658+0000] {logging_mixin.py:188} INFO - [2026-04-27T07:54:55.648+0000] {dagbag.py:355} ERROR - Failed to import: /opt/airflow/dags/flights-pipeline.py
Traceback (most recent call last):
  File "/home/airflow/.local/lib/python3.12/site-packages/airflow/models/dagbag.py", line 351, in parse
    loader.exec_module(new_module)
  File "<frozen importlib._bootstrap_external>", line 995, in exec_module
  File "<frozen importlib._bootstrap>", line 488, in _call_with_frames_removed
  File "/opt/airflow/dags/flights-pipeline.py", line 12, in <module>
    from scripts.bronze_layer import run_bronze_ingestion
ModuleNotFoundError: No module named 'scripts.bronze_layer'
[2026-04-27T07:54:55.662+0000] {processor.py:842} WARNING - No viable dags retrieved from /opt/airflow/dags/flights-pipeline.py
[2026-04-27T07:54:55.720+0000] {processor.py:183} INFO - Processing /opt/airflow/dags/flights-pipeline.py took 0.147 seconds
[2026-04-27T07:55:26.139+0000] {processor.py:161} INFO - Started process (PID=175) to work on /opt/airflow/dags/flights-pipeline.py
[2026-04-27T07:55:26.142+0000] {processor.py:830} INFO - Processing file /opt/airflow/dags/flights-pipeline.py for tasks to queue
[2026-04-27T07:55:26.149+0000] {logging_mixin.py:188} INFO - [2026-04-27T07:55:26.148+0000] {dagbag.py:545} INFO - Filling up the DagBag from /opt/airflow/dags/flights-pipeline.py
[2026-04-27T07:55:26.218+0000] {logging_mixin.py:188} INFO - [2026-04-27T07:55:26.207+0000] {dagbag.py:355} ERROR - Failed to import: /opt/airflow/dags/flights-pipeline.py
Traceback (most recent call last):
  File "/home/airflow/.local/lib/python3.12/site-packages/airflow/models/dagbag.py", line 351, in parse
    loader.exec_module(new_module)
  File "<frozen importlib._bootstrap_external>", line 995, in exec_module
  File "<frozen importlib._bootstrap>", line 488, in _call_with_frames_removed
  File "/opt/airflow/dags/flights-pipeline.py", line 12, in <module>
    from scripts.bronze_layer import run_bronze_ingestion
ModuleNotFoundError: No module named 'scripts.bronze_layer'
[2026-04-27T07:55:26.224+0000] {processor.py:842} WARNING - No viable dags retrieved from /opt/airflow/dags/flights-pipeline.py
[2026-04-27T07:55:26.291+0000] {processor.py:183} INFO - Processing /opt/airflow/dags/flights-pipeline.py took 0.166 seconds
[2026-04-27T07:55:56.695+0000] {processor.py:161} INFO - Started process (PID=176) to work on /opt/airflow/dags/flights-pipeline.py
[2026-04-27T07:55:56.701+0000] {processor.py:830} INFO - Processing file /opt/airflow/dags/flights-pipeline.py for tasks to queue
[2026-04-27T07:55:56.710+0000] {logging_mixin.py:188} INFO - [2026-04-27T07:55:56.709+0000] {dagbag.py:545} INFO - Filling up the DagBag from /opt/airflow/dags/flights-pipeline.py
[2026-04-27T07:55:56.822+0000] {logging_mixin.py:188} INFO - [2026-04-27T07:55:56.804+0000] {dagbag.py:355} ERROR - Failed to import: /opt/airflow/dags/flights-pipeline.py
Traceback (most recent call last):
  File "/home/airflow/.local/lib/python3.12/site-packages/airflow/models/dagbag.py", line 351, in parse
    loader.exec_module(new_module)
  File "<frozen importlib._bootstrap_external>", line 995, in exec_module
  File "<frozen importlib._bootstrap>", line 488, in _call_with_frames_removed
  File "/opt/airflow/dags/flights-pipeline.py", line 12, in <module>
    from scripts.bronze_layer import run_bronze_ingestion
ModuleNotFoundError: No module named 'scripts.bronze_layer'
[2026-04-27T07:55:56.828+0000] {processor.py:842} WARNING - No viable dags retrieved from /opt/airflow/dags/flights-pipeline.py
[2026-04-27T07:55:56.895+0000] {processor.py:183} INFO - Processing /opt/airflow/dags/flights-pipeline.py took 0.217 seconds
[2026-04-27T07:56:27.096+0000] {processor.py:161} INFO - Started process (PID=177) to work on /opt/airflow/dags/flights-pipeline.py
[2026-04-27T07:56:27.098+0000] {processor.py:830} INFO - Processing file /opt/airflow/dags/flights-pipeline.py for tasks to queue
[2026-04-27T07:56:27.105+0000] {logging_mixin.py:188} INFO - [2026-04-27T07:56:27.104+0000] {dagbag.py:545} INFO - Filling up the DagBag from /opt/airflow/dags/flights-pipeline.py
[2026-04-27T07:56:27.166+0000] {logging_mixin.py:188} INFO - [2026-04-27T07:56:27.155+0000] {dagbag.py:355} ERROR - Failed to import: /opt/airflow/dags/flights-pipeline.py
Traceback (most recent call last):
  File "/home/airflow/.local/lib/python3.12/site-packages/airflow/models/dagbag.py", line 351, in parse
    loader.exec_module(new_module)
  File "<frozen importlib._bootstrap_external>", line 995, in exec_module
  File "<frozen importlib._bootstrap>", line 488, in _call_with_frames_removed
  File "/opt/airflow/dags/flights-pipeline.py", line 12, in <module>
    from scripts.bronze_layer import run_bronze_ingestion
ModuleNotFoundError: No module named 'scripts.bronze_layer'
[2026-04-27T07:56:27.170+0000] {processor.py:842} WARNING - No viable dags retrieved from /opt/airflow/dags/flights-pipeline.py
[2026-04-27T07:56:27.235+0000] {processor.py:183} INFO - Processing /opt/airflow/dags/flights-pipeline.py took 0.154 seconds
[2026-04-27T07:56:57.486+0000] {processor.py:161} INFO - Started process (PID=178) to work on /opt/airflow/dags/flights-pipeline.py
[2026-04-27T07:56:57.489+0000] {processor.py:830} INFO - Processing file /opt/airflow/dags/flights-pipeline.py for tasks to queue
[2026-04-27T07:56:57.495+0000] {logging_mixin.py:188} INFO - [2026-04-27T07:56:57.494+0000] {dagbag.py:545} INFO - Filling up the DagBag from /opt/airflow/dags/flights-pipeline.py
[2026-04-27T07:56:57.560+0000] {logging_mixin.py:188} INFO - [2026-04-27T07:56:57.548+0000] {dagbag.py:355} ERROR - Failed to import: /opt/airflow/dags/flights-pipeline.py
Traceback (most recent call last):
  File "/home/airflow/.local/lib/python3.12/site-packages/airflow/models/dagbag.py", line 351, in parse
    loader.exec_module(new_module)
  File "<frozen importlib._bootstrap_external>", line 995, in exec_module
  File "<frozen importlib._bootstrap>", line 488, in _call_with_frames_removed
  File "/opt/airflow/dags/flights-pipeline.py", line 12, in <module>
    from scripts.bronze_layer import run_bronze_ingestion
ModuleNotFoundError: No module named 'scripts.bronze_layer'
[2026-04-27T07:56:57.564+0000] {processor.py:842} WARNING - No viable dags retrieved from /opt/airflow/dags/flights-pipeline.py
[2026-04-27T07:56:57.623+0000] {processor.py:183} INFO - Processing /opt/airflow/dags/flights-pipeline.py took 0.151 seconds
[2026-04-27T07:57:28.083+0000] {processor.py:161} INFO - Started process (PID=179) to work on /opt/airflow/dags/flights-pipeline.py
[2026-04-27T07:57:28.086+0000] {processor.py:830} INFO - Processing file /opt/airflow/dags/flights-pipeline.py for tasks to queue
[2026-04-27T07:57:28.091+0000] {logging_mixin.py:188} INFO - [2026-04-27T07:57:28.090+0000] {dagbag.py:545} INFO - Filling up the DagBag from /opt/airflow/dags/flights-pipeline.py
[2026-04-27T07:57:28.155+0000] {logging_mixin.py:188} INFO - [2026-04-27T07:57:28.143+0000] {dagbag.py:355} ERROR - Failed to import: /opt/airflow/dags/flights-pipeline.py
Traceback (most recent call last):
  File "/home/airflow/.local/lib/python3.12/site-packages/airflow/models/dagbag.py", line 351, in parse
    loader.exec_module(new_module)
  File "<frozen importlib._bootstrap_external>", line 995, in exec_module
  File "<frozen importlib._bootstrap>", line 488, in _call_with_frames_removed
  File "/opt/airflow/dags/flights-pipeline.py", line 12, in <module>
    from scripts.bronze_layer import run_bronze_ingestion
ModuleNotFoundError: No module named 'scripts.bronze_layer'
[2026-04-27T07:57:28.160+0000] {processor.py:842} WARNING - No viable dags retrieved from /opt/airflow/dags/flights-pipeline.py
[2026-04-27T07:57:28.217+0000] {processor.py:183} INFO - Processing /opt/airflow/dags/flights-pipeline.py took 0.147 seconds
[2026-04-27T07:57:58.493+0000] {processor.py:161} INFO - Started process (PID=180) to work on /opt/airflow/dags/flights-pipeline.py
[2026-04-27T07:57:58.496+0000] {processor.py:830} INFO - Processing file /opt/airflow/dags/flights-pipeline.py for tasks to queue
[2026-04-27T07:57:58.505+0000] {logging_mixin.py:188} INFO - [2026-04-27T07:57:58.504+0000] {dagbag.py:545} INFO - Filling up the DagBag from /opt/airflow/dags/flights-pipeline.py
[2026-04-27T07:57:58.572+0000] {logging_mixin.py:188} INFO - [2026-04-27T07:57:58.561+0000] {dagbag.py:355} ERROR - Failed to import: /opt/airflow/dags/flights-pipeline.py
Traceback (most recent call last):
  File "/home/airflow/.local/lib/python3.12/site-packages/airflow/models/dagbag.py", line 351, in parse
    loader.exec_module(new_module)
  File "<frozen importlib._bootstrap_external>", line 995, in exec_module
  File "<frozen importlib._bootstrap>", line 488, in _call_with_frames_removed
  File "/opt/airflow/dags/flights-pipeline.py", line 12, in <module>
    from scripts.bronze_layer import run_bronze_ingestion
ModuleNotFoundError: No module named 'scripts.bronze_layer'
[2026-04-27T07:57:58.577+0000] {processor.py:842} WARNING - No viable dags retrieved from /opt/airflow/dags/flights-pipeline.py
[2026-04-27T07:57:58.637+0000] {processor.py:183} INFO - Processing /opt/airflow/dags/flights-pipeline.py took 0.158 seconds
[2026-04-27T07:58:29.043+0000] {processor.py:161} INFO - Started process (PID=181) to work on /opt/airflow/dags/flights-pipeline.py
[2026-04-27T07:58:29.047+0000] {processor.py:830} INFO - Processing file /opt/airflow/dags/flights-pipeline.py for tasks to queue
[2026-04-27T07:58:29.053+0000] {logging_mixin.py:188} INFO - [2026-04-27T07:58:29.052+0000] {dagbag.py:545} INFO - Filling up the DagBag from /opt/airflow/dags/flights-pipeline.py
[2026-04-27T07:58:29.119+0000] {logging_mixin.py:188} INFO - [2026-04-27T07:58:29.106+0000] {dagbag.py:355} ERROR - Failed to import: /opt/airflow/dags/flights-pipeline.py
Traceback (most recent call last):
  File "/home/airflow/.local/lib/python3.12/site-packages/airflow/models/dagbag.py", line 351, in parse
    loader.exec_module(new_module)
  File "<frozen importlib._bootstrap_external>", line 995, in exec_module
  File "<frozen importlib._bootstrap>", line 488, in _call_with_frames_removed
  File "/opt/airflow/dags/flights-pipeline.py", line 12, in <module>
    from scripts.bronze_layer import run_bronze_ingestion
ModuleNotFoundError: No module named 'scripts.bronze_layer'
[2026-04-27T07:58:29.124+0000] {processor.py:842} WARNING - No viable dags retrieved from /opt/airflow/dags/flights-pipeline.py
[2026-04-27T07:58:29.189+0000] {processor.py:183} INFO - Processing /opt/airflow/dags/flights-pipeline.py took 0.166 seconds
[2026-04-27T07:58:59.608+0000] {processor.py:161} INFO - Started process (PID=182) to work on /opt/airflow/dags/flights-pipeline.py
[2026-04-27T07:58:59.611+0000] {processor.py:830} INFO - Processing file /opt/airflow/dags/flights-pipeline.py for tasks to queue
[2026-04-27T07:58:59.624+0000] {logging_mixin.py:188} INFO - [2026-04-27T07:58:59.622+0000] {dagbag.py:545} INFO - Filling up the DagBag from /opt/airflow/dags/flights-pipeline.py
[2026-04-27T07:58:59.689+0000] {logging_mixin.py:188} INFO - [2026-04-27T07:58:59.679+0000] {dagbag.py:355} ERROR - Failed to import: /opt/airflow/dags/flights-pipeline.py
Traceback (most recent call last):
  File "/home/airflow/.local/lib/python3.12/site-packages/airflow/models/dagbag.py", line 351, in parse
    loader.exec_module(new_module)
  File "<frozen importlib._bootstrap_external>", line 995, in exec_module
  File "<frozen importlib._bootstrap>", line 488, in _call_with_frames_removed
  File "/opt/airflow/dags/flights-pipeline.py", line 12, in <module>
    from scripts.bronze_layer import run_bronze_ingestion
ModuleNotFoundError: No module named 'scripts.bronze_layer'
[2026-04-27T07:58:59.694+0000] {processor.py:842} WARNING - No viable dags retrieved from /opt/airflow/dags/flights-pipeline.py
[2026-04-27T07:58:59.775+0000] {processor.py:183} INFO - Processing /opt/airflow/dags/flights-pipeline.py took 0.182 seconds
[2026-04-27T07:59:30.142+0000] {processor.py:161} INFO - Started process (PID=183) to work on /opt/airflow/dags/flights-pipeline.py
[2026-04-27T07:59:30.146+0000] {processor.py:830} INFO - Processing file /opt/airflow/dags/flights-pipeline.py for tasks to queue
[2026-04-27T07:59:30.154+0000] {logging_mixin.py:188} INFO - [2026-04-27T07:59:30.152+0000] {dagbag.py:545} INFO - Filling up the DagBag from /opt/airflow/dags/flights-pipeline.py
[2026-04-27T07:59:30.251+0000] {logging_mixin.py:188} INFO - [2026-04-27T07:59:30.235+0000] {dagbag.py:355} ERROR - Failed to import: /opt/airflow/dags/flights-pipeline.py
Traceback (most recent call last):
  File "/home/airflow/.local/lib/python3.12/site-packages/airflow/models/dagbag.py", line 351, in parse
    loader.exec_module(new_module)
  File "<frozen importlib._bootstrap_external>", line 995, in exec_module
  File "<frozen importlib._bootstrap>", line 488, in _call_with_frames_removed
  File "/opt/airflow/dags/flights-pipeline.py", line 12, in <module>
    from scripts.bronze_layer import run_bronze_ingestion
ModuleNotFoundError: No module named 'scripts.bronze_layer'
[2026-04-27T07:59:30.257+0000] {processor.py:842} WARNING - No viable dags retrieved from /opt/airflow/dags/flights-pipeline.py
[2026-04-27T07:59:30.338+0000] {processor.py:183} INFO - Processing /opt/airflow/dags/flights-pipeline.py took 0.222 seconds
[2026-04-27T08:00:00.636+0000] {processor.py:161} INFO - Started process (PID=184) to work on /opt/airflow/dags/flights-pipeline.py
[2026-04-27T08:00:00.639+0000] {processor.py:830} INFO - Processing file /opt/airflow/dags/flights-pipeline.py for tasks to queue
[2026-04-27T08:00:00.647+0000] {logging_mixin.py:188} INFO - [2026-04-27T08:00:00.646+0000] {dagbag.py:545} INFO - Filling up the DagBag from /opt/airflow/dags/flights-pipeline.py
[2026-04-27T08:00:00.718+0000] {logging_mixin.py:188} INFO - [2026-04-27T08:00:00.704+0000] {dagbag.py:355} ERROR - Failed to import: /opt/airflow/dags/flights-pipeline.py
Traceback (most recent call last):
  File "/home/airflow/.local/lib/python3.12/site-packages/airflow/models/dagbag.py", line 351, in parse
    loader.exec_module(new_module)
  File "<frozen importlib._bootstrap_external>", line 995, in exec_module
  File "<frozen importlib._bootstrap>", line 488, in _call_with_frames_removed
  File "/opt/airflow/dags/flights-pipeline.py", line 12, in <module>
    from scripts.bronze_layer import run_bronze_ingestion
ModuleNotFoundError: No module named 'scripts.bronze_layer'
[2026-04-27T08:00:00.723+0000] {processor.py:842} WARNING - No viable dags retrieved from /opt/airflow/dags/flights-pipeline.py
[2026-04-27T08:00:00.785+0000] {processor.py:183} INFO - Processing /opt/airflow/dags/flights-pipeline.py took 0.172 seconds
[2026-04-27T08:00:31.254+0000] {processor.py:161} INFO - Started process (PID=185) to work on /opt/airflow/dags/flights-pipeline.py
[2026-04-27T08:00:31.258+0000] {processor.py:830} INFO - Processing file /opt/airflow/dags/flights-pipeline.py for tasks to queue
[2026-04-27T08:00:31.268+0000] {logging_mixin.py:188} INFO - [2026-04-27T08:00:31.266+0000] {dagbag.py:545} INFO - Filling up the DagBag from /opt/airflow/dags/flights-pipeline.py
[2026-04-27T08:00:31.362+0000] {logging_mixin.py:188} INFO - [2026-04-27T08:00:31.345+0000] {dagbag.py:355} ERROR - Failed to import: /opt/airflow/dags/flights-pipeline.py
Traceback (most recent call last):
  File "/home/airflow/.local/lib/python3.12/site-packages/airflow/models/dagbag.py", line 351, in parse
    loader.exec_module(new_module)
  File "<frozen importlib._bootstrap_external>", line 995, in exec_module
  File "<frozen importlib._bootstrap>", line 488, in _call_with_frames_removed
  File "/opt/airflow/dags/flights-pipeline.py", line 12, in <module>
    from scripts.bronze_layer import run_bronze_ingestion
ModuleNotFoundError: No module named 'scripts.bronze_layer'
[2026-04-27T08:00:31.368+0000] {processor.py:842} WARNING - No viable dags retrieved from /opt/airflow/dags/flights-pipeline.py
[2026-04-27T08:00:31.464+0000] {processor.py:183} INFO - Processing /opt/airflow/dags/flights-pipeline.py took 0.239 seconds
[2026-04-27T08:21:35.837+0000] {processor.py:161} INFO - Started process (PID=186) to work on /opt/airflow/dags/flights-pipeline.py
[2026-04-27T08:21:35.846+0000] {processor.py:830} INFO - Processing file /opt/airflow/dags/flights-pipeline.py for tasks to queue
[2026-04-27T08:21:35.857+0000] {logging_mixin.py:188} INFO - [2026-04-27T08:21:35.856+0000] {dagbag.py:545} INFO - Filling up the DagBag from /opt/airflow/dags/flights-pipeline.py
[2026-04-27T08:21:35.944+0000] {logging_mixin.py:188} INFO - [2026-04-27T08:21:35.931+0000] {dagbag.py:355} ERROR - Failed to import: /opt/airflow/dags/flights-pipeline.py
Traceback (most recent call last):
  File "/home/airflow/.local/lib/python3.12/site-packages/airflow/models/dagbag.py", line 351, in parse
    loader.exec_module(new_module)
  File "<frozen importlib._bootstrap_external>", line 995, in exec_module
  File "<frozen importlib._bootstrap>", line 488, in _call_with_frames_removed
  File "/opt/airflow/dags/flights-pipeline.py", line 12, in <module>
    from scripts.bronze_layer import run_bronze_ingestion
ModuleNotFoundError: No module named 'scripts.bronze_layer'
[2026-04-27T08:21:35.949+0000] {processor.py:842} WARNING - No viable dags retrieved from /opt/airflow/dags/flights-pipeline.py
[2026-04-27T08:21:36.103+0000] {processor.py:183} INFO - Processing /opt/airflow/dags/flights-pipeline.py took 0.288 seconds
[2026-04-27T08:22:07.074+0000] {processor.py:161} INFO - Started process (PID=187) to work on /opt/airflow/dags/flights-pipeline.py
[2026-04-27T08:22:07.087+0000] {processor.py:830} INFO - Processing file /opt/airflow/dags/flights-pipeline.py for tasks to queue
[2026-04-27T08:22:07.150+0000] {logging_mixin.py:188} INFO - [2026-04-27T08:22:07.140+0000] {dagbag.py:545} INFO - Filling up the DagBag from /opt/airflow/dags/flights-pipeline.py
[2026-04-27T08:22:07.294+0000] {logging_mixin.py:188} INFO - [2026-04-27T08:22:07.274+0000] {dagbag.py:355} ERROR - Failed to import: /opt/airflow/dags/flights-pipeline.py
Traceback (most recent call last):
  File "/home/airflow/.local/lib/python3.12/site-packages/airflow/models/dagbag.py", line 351, in parse
    loader.exec_module(new_module)
  File "<frozen importlib._bootstrap_external>", line 995, in exec_module
  File "<frozen importlib._bootstrap>", line 488, in _call_with_frames_removed
  File "/opt/airflow/dags/flights-pipeline.py", line 12, in <module>
    from scripts.bronze_layer import run_bronze_ingestion
ModuleNotFoundError: No module named 'scripts.bronze_layer'
[2026-04-27T08:22:07.300+0000] {processor.py:842} WARNING - No viable dags retrieved from /opt/airflow/dags/flights-pipeline.py
[2026-04-27T08:22:07.631+0000] {processor.py:183} INFO - Processing /opt/airflow/dags/flights-pipeline.py took 0.705 seconds
[2026-04-27T08:22:38.059+0000] {processor.py:161} INFO - Started process (PID=188) to work on /opt/airflow/dags/flights-pipeline.py
[2026-04-27T08:22:38.063+0000] {processor.py:830} INFO - Processing file /opt/airflow/dags/flights-pipeline.py for tasks to queue
[2026-04-27T08:22:38.069+0000] {logging_mixin.py:188} INFO - [2026-04-27T08:22:38.068+0000] {dagbag.py:545} INFO - Filling up the DagBag from /opt/airflow/dags/flights-pipeline.py
[2026-04-27T08:22:38.128+0000] {logging_mixin.py:188} INFO - [2026-04-27T08:22:38.118+0000] {dagbag.py:355} ERROR - Failed to import: /opt/airflow/dags/flights-pipeline.py
Traceback (most recent call last):
  File "/home/airflow/.local/lib/python3.12/site-packages/airflow/models/dagbag.py", line 351, in parse
    loader.exec_module(new_module)
  File "<frozen importlib._bootstrap_external>", line 995, in exec_module
  File "<frozen importlib._bootstrap>", line 488, in _call_with_frames_removed
  File "/opt/airflow/dags/flights-pipeline.py", line 12, in <module>
    from scripts.bronze_layer import run_bronze_ingestion
ModuleNotFoundError: No module named 'scripts.bronze_layer'
[2026-04-27T08:22:38.132+0000] {processor.py:842} WARNING - No viable dags retrieved from /opt/airflow/dags/flights-pipeline.py
[2026-04-27T08:22:38.210+0000] {processor.py:183} INFO - Processing /opt/airflow/dags/flights-pipeline.py took 0.169 seconds
[2026-04-27T08:23:08.602+0000] {processor.py:161} INFO - Started process (PID=189) to work on /opt/airflow/dags/flights-pipeline.py
[2026-04-27T08:23:08.604+0000] {processor.py:830} INFO - Processing file /opt/airflow/dags/flights-pipeline.py for tasks to queue
[2026-04-27T08:23:08.610+0000] {logging_mixin.py:188} INFO - [2026-04-27T08:23:08.609+0000] {dagbag.py:545} INFO - Filling up the DagBag from /opt/airflow/dags/flights-pipeline.py
[2026-04-27T08:23:08.671+0000] {logging_mixin.py:188} INFO - [2026-04-27T08:23:08.660+0000] {dagbag.py:355} ERROR - Failed to import: /opt/airflow/dags/flights-pipeline.py
Traceback (most recent call last):
  File "/home/airflow/.local/lib/python3.12/site-packages/airflow/models/dagbag.py", line 351, in parse
    loader.exec_module(new_module)
  File "<frozen importlib._bootstrap_external>", line 995, in exec_module
  File "<frozen importlib._bootstrap>", line 488, in _call_with_frames_removed
  File "/opt/airflow/dags/flights-pipeline.py", line 12, in <module>
    from scripts.bronze_layer import run_bronze_ingestion
ModuleNotFoundError: No module named 'scripts.bronze_layer'
[2026-04-27T08:23:08.675+0000] {processor.py:842} WARNING - No viable dags retrieved from /opt/airflow/dags/flights-pipeline.py
[2026-04-27T08:23:08.745+0000] {processor.py:183} INFO - Processing /opt/airflow/dags/flights-pipeline.py took 0.161 seconds
[2026-04-27T08:23:39.089+0000] {processor.py:161} INFO - Started process (PID=190) to work on /opt/airflow/dags/flights-pipeline.py
[2026-04-27T08:23:39.092+0000] {processor.py:830} INFO - Processing file /opt/airflow/dags/flights-pipeline.py for tasks to queue
[2026-04-27T08:23:39.097+0000] {logging_mixin.py:188} INFO - [2026-04-27T08:23:39.096+0000] {dagbag.py:545} INFO - Filling up the DagBag from /opt/airflow/dags/flights-pipeline.py
[2026-04-27T08:23:39.161+0000] {logging_mixin.py:188} INFO - [2026-04-27T08:23:39.150+0000] {dagbag.py:355} ERROR - Failed to import: /opt/airflow/dags/flights-pipeline.py
Traceback (most recent call last):
  File "/home/airflow/.local/lib/python3.12/site-packages/airflow/models/dagbag.py", line 351, in parse
    loader.exec_module(new_module)
  File "<frozen importlib._bootstrap_external>", line 995, in exec_module
  File "<frozen importlib._bootstrap>", line 488, in _call_with_frames_removed
  File "/opt/airflow/dags/flights-pipeline.py", line 12, in <module>
    from scripts.bronze_layer import run_bronze_ingestion
ModuleNotFoundError: No module named 'scripts.bronze_layer'
[2026-04-27T08:23:39.165+0000] {processor.py:842} WARNING - No viable dags retrieved from /opt/airflow/dags/flights-pipeline.py
[2026-04-27T08:23:39.239+0000] {processor.py:183} INFO - Processing /opt/airflow/dags/flights-pipeline.py took 0.165 seconds
[2026-04-27T08:24:09.564+0000] {processor.py:161} INFO - Started process (PID=191) to work on /opt/airflow/dags/flights-pipeline.py
[2026-04-27T08:24:09.568+0000] {processor.py:830} INFO - Processing file /opt/airflow/dags/flights-pipeline.py for tasks to queue
[2026-04-27T08:24:09.577+0000] {logging_mixin.py:188} INFO - [2026-04-27T08:24:09.575+0000] {dagbag.py:545} INFO - Filling up the DagBag from /opt/airflow/dags/flights-pipeline.py
[2026-04-27T08:24:09.663+0000] {logging_mixin.py:188} INFO - [2026-04-27T08:24:09.648+0000] {dagbag.py:355} ERROR - Failed to import: /opt/airflow/dags/flights-pipeline.py
Traceback (most recent call last):
  File "/home/airflow/.local/lib/python3.12/site-packages/airflow/models/dagbag.py", line 351, in parse
    loader.exec_module(new_module)
  File "<frozen importlib._bootstrap_external>", line 995, in exec_module
  File "<frozen importlib._bootstrap>", line 488, in _call_with_frames_removed
  File "/opt/airflow/dags/flights-pipeline.py", line 12, in <module>
    from scripts.bronze_layer import run_bronze_ingestion
ModuleNotFoundError: No module named 'scripts.bronze_layer'
[2026-04-27T08:24:09.668+0000] {processor.py:842} WARNING - No viable dags retrieved from /opt/airflow/dags/flights-pipeline.py
[2026-04-27T08:24:09.764+0000] {processor.py:183} INFO - Processing /opt/airflow/dags/flights-pipeline.py took 0.226 seconds
[2026-04-27T08:24:40.048+0000] {processor.py:161} INFO - Started process (PID=192) to work on /opt/airflow/dags/flights-pipeline.py
[2026-04-27T08:24:40.054+0000] {processor.py:830} INFO - Processing file /opt/airflow/dags/flights-pipeline.py for tasks to queue
[2026-04-27T08:24:40.065+0000] {logging_mixin.py:188} INFO - [2026-04-27T08:24:40.064+0000] {dagbag.py:545} INFO - Filling up the DagBag from /opt/airflow/dags/flights-pipeline.py
[2026-04-27T08:24:40.156+0000] {logging_mixin.py:188} INFO - [2026-04-27T08:24:40.140+0000] {dagbag.py:355} ERROR - Failed to import: /opt/airflow/dags/flights-pipeline.py
Traceback (most recent call last):
  File "/home/airflow/.local/lib/python3.12/site-packages/airflow/models/dagbag.py", line 351, in parse
    loader.exec_module(new_module)
  File "<frozen importlib._bootstrap_external>", line 995, in exec_module
  File "<frozen importlib._bootstrap>", line 488, in _call_with_frames_removed
  File "/opt/airflow/dags/flights-pipeline.py", line 12, in <module>
    from scripts.bronze_layer import run_bronze_ingestion
ModuleNotFoundError: No module named 'scripts.bronze_layer'
[2026-04-27T08:24:40.162+0000] {processor.py:842} WARNING - No viable dags retrieved from /opt/airflow/dags/flights-pipeline.py
[2026-04-27T08:24:40.257+0000] {processor.py:183} INFO - Processing /opt/airflow/dags/flights-pipeline.py took 0.236 seconds
[2026-04-27T08:25:10.579+0000] {processor.py:161} INFO - Started process (PID=193) to work on /opt/airflow/dags/flights-pipeline.py
[2026-04-27T08:25:10.582+0000] {processor.py:830} INFO - Processing file /opt/airflow/dags/flights-pipeline.py for tasks to queue
[2026-04-27T08:25:10.588+0000] {logging_mixin.py:188} INFO - [2026-04-27T08:25:10.587+0000] {dagbag.py:545} INFO - Filling up the DagBag from /opt/airflow/dags/flights-pipeline.py
[2026-04-27T08:25:10.646+0000] {logging_mixin.py:188} INFO - [2026-04-27T08:25:10.636+0000] {dagbag.py:355} ERROR - Failed to import: /opt/airflow/dags/flights-pipeline.py
Traceback (most recent call last):
  File "/home/airflow/.local/lib/python3.12/site-packages/airflow/models/dagbag.py", line 351, in parse
    loader.exec_module(new_module)
  File "<frozen importlib._bootstrap_external>", line 995, in exec_module
  File "<frozen importlib._bootstrap>", line 488, in _call_with_frames_removed
  File "/opt/airflow/dags/flights-pipeline.py", line 12, in <module>
    from scripts.bronze_layer import run_bronze_ingestion
ModuleNotFoundError: No module named 'scripts.bronze_layer'
[2026-04-27T08:25:10.650+0000] {processor.py:842} WARNING - No viable dags retrieved from /opt/airflow/dags/flights-pipeline.py
[2026-04-27T08:25:10.716+0000] {processor.py:183} INFO - Processing /opt/airflow/dags/flights-pipeline.py took 0.154 seconds
[2026-04-27T08:25:41.065+0000] {processor.py:161} INFO - Started process (PID=194) to work on /opt/airflow/dags/flights-pipeline.py
[2026-04-27T08:25:41.068+0000] {processor.py:830} INFO - Processing file /opt/airflow/dags/flights-pipeline.py for tasks to queue
[2026-04-27T08:25:41.076+0000] {logging_mixin.py:188} INFO - [2026-04-27T08:25:41.074+0000] {dagbag.py:545} INFO - Filling up the DagBag from /opt/airflow/dags/flights-pipeline.py
[2026-04-27T08:25:41.131+0000] {logging_mixin.py:188} INFO - [2026-04-27T08:25:41.121+0000] {dagbag.py:355} ERROR - Failed to import: /opt/airflow/dags/flights-pipeline.py
Traceback (most recent call last):
  File "/home/airflow/.local/lib/python3.12/site-packages/airflow/models/dagbag.py", line 351, in parse
    loader.exec_module(new_module)
  File "<frozen importlib._bootstrap_external>", line 995, in exec_module
  File "<frozen importlib._bootstrap>", line 488, in _call_with_frames_removed
  File "/opt/airflow/dags/flights-pipeline.py", line 12, in <module>
    from scripts.bronze_layer import run_bronze_ingestion
ModuleNotFoundError: No module named 'scripts.bronze_layer'
[2026-04-27T08:25:41.135+0000] {processor.py:842} WARNING - No viable dags retrieved from /opt/airflow/dags/flights-pipeline.py
[2026-04-27T08:25:41.188+0000] {processor.py:183} INFO - Processing /opt/airflow/dags/flights-pipeline.py took 0.147 seconds
[2026-04-27T08:26:11.541+0000] {processor.py:161} INFO - Started process (PID=195) to work on /opt/airflow/dags/flights-pipeline.py
[2026-04-27T08:26:11.544+0000] {processor.py:830} INFO - Processing file /opt/airflow/dags/flights-pipeline.py for tasks to queue
[2026-04-27T08:26:11.549+0000] {logging_mixin.py:188} INFO - [2026-04-27T08:26:11.548+0000] {dagbag.py:545} INFO - Filling up the DagBag from /opt/airflow/dags/flights-pipeline.py
[2026-04-27T08:26:11.600+0000] {logging_mixin.py:188} INFO - [2026-04-27T08:26:11.591+0000] {dagbag.py:355} ERROR - Failed to import: /opt/airflow/dags/flights-pipeline.py
Traceback (most recent call last):
  File "/home/airflow/.local/lib/python3.12/site-packages/airflow/models/dagbag.py", line 351, in parse
    loader.exec_module(new_module)
  File "<frozen importlib._bootstrap_external>", line 995, in exec_module
  File "<frozen importlib._bootstrap>", line 488, in _call_with_frames_removed
  File "/opt/airflow/dags/flights-pipeline.py", line 12, in <module>
    from scripts.bronze_layer import run_bronze_ingestion
ModuleNotFoundError: No module named 'scripts.bronze_layer'
[2026-04-27T08:26:11.604+0000] {processor.py:842} WARNING - No viable dags retrieved from /opt/airflow/dags/flights-pipeline.py
[2026-04-27T08:26:11.665+0000] {processor.py:183} INFO - Processing /opt/airflow/dags/flights-pipeline.py took 0.138 seconds
[2026-04-27T08:26:42.118+0000] {processor.py:161} INFO - Started process (PID=196) to work on /opt/airflow/dags/flights-pipeline.py
[2026-04-27T08:26:42.121+0000] {processor.py:830} INFO - Processing file /opt/airflow/dags/flights-pipeline.py for tasks to queue
[2026-04-27T08:26:42.127+0000] {logging_mixin.py:188} INFO - [2026-04-27T08:26:42.125+0000] {dagbag.py:545} INFO - Filling up the DagBag from /opt/airflow/dags/flights-pipeline.py
[2026-04-27T08:26:42.183+0000] {logging_mixin.py:188} INFO - [2026-04-27T08:26:42.172+0000] {dagbag.py:355} ERROR - Failed to import: /opt/airflow/dags/flights-pipeline.py
Traceback (most recent call last):
  File "/home/airflow/.local/lib/python3.12/site-packages/airflow/models/dagbag.py", line 351, in parse
    loader.exec_module(new_module)
  File "<frozen importlib._bootstrap_external>", line 995, in exec_module
  File "<frozen importlib._bootstrap>", line 488, in _call_with_frames_removed
  File "/opt/airflow/dags/flights-pipeline.py", line 12, in <module>
    from scripts.bronze_layer import run_bronze_ingestion
ModuleNotFoundError: No module named 'scripts.bronze_layer'
[2026-04-27T08:26:42.187+0000] {processor.py:842} WARNING - No viable dags retrieved from /opt/airflow/dags/flights-pipeline.py
[2026-04-27T08:26:42.255+0000] {processor.py:183} INFO - Processing /opt/airflow/dags/flights-pipeline.py took 0.151 seconds
[2026-04-27T08:27:12.508+0000] {processor.py:161} INFO - Started process (PID=197) to work on /opt/airflow/dags/flights-pipeline.py
[2026-04-27T08:27:12.513+0000] {processor.py:830} INFO - Processing file /opt/airflow/dags/flights-pipeline.py for tasks to queue
[2026-04-27T08:27:12.522+0000] {logging_mixin.py:188} INFO - [2026-04-27T08:27:12.521+0000] {dagbag.py:545} INFO - Filling up the DagBag from /opt/airflow/dags/flights-pipeline.py
[2026-04-27T08:27:12.606+0000] {logging_mixin.py:188} INFO - [2026-04-27T08:27:12.590+0000] {dagbag.py:355} ERROR - Failed to import: /opt/airflow/dags/flights-pipeline.py
Traceback (most recent call last):
  File "/home/airflow/.local/lib/python3.12/site-packages/airflow/models/dagbag.py", line 351, in parse
    loader.exec_module(new_module)
  File "<frozen importlib._bootstrap_external>", line 995, in exec_module
  File "<frozen importlib._bootstrap>", line 488, in _call_with_frames_removed
  File "/opt/airflow/dags/flights-pipeline.py", line 12, in <module>
    from scripts.bronze_layer import run_bronze_ingestion
ModuleNotFoundError: No module named 'scripts.bronze_layer'
[2026-04-27T08:27:12.612+0000] {processor.py:842} WARNING - No viable dags retrieved from /opt/airflow/dags/flights-pipeline.py
[2026-04-27T08:27:12.696+0000] {processor.py:183} INFO - Processing /opt/airflow/dags/flights-pipeline.py took 0.212 seconds
[2026-04-27T08:27:43.023+0000] {processor.py:161} INFO - Started process (PID=198) to work on /opt/airflow/dags/flights-pipeline.py
[2026-04-27T08:27:43.026+0000] {processor.py:830} INFO - Processing file /opt/airflow/dags/flights-pipeline.py for tasks to queue
[2026-04-27T08:27:43.031+0000] {logging_mixin.py:188} INFO - [2026-04-27T08:27:43.030+0000] {dagbag.py:545} INFO - Filling up the DagBag from /opt/airflow/dags/flights-pipeline.py
[2026-04-27T08:27:43.095+0000] {logging_mixin.py:188} INFO - [2026-04-27T08:27:43.084+0000] {dagbag.py:355} ERROR - Failed to import: /opt/airflow/dags/flights-pipeline.py
Traceback (most recent call last):
  File "/home/airflow/.local/lib/python3.12/site-packages/airflow/models/dagbag.py", line 351, in parse
    loader.exec_module(new_module)
  File "<frozen importlib._bootstrap_external>", line 995, in exec_module
  File "<frozen importlib._bootstrap>", line 488, in _call_with_frames_removed
  File "/opt/airflow/dags/flights-pipeline.py", line 12, in <module>
    from scripts.bronze_layer import run_bronze_ingestion
ModuleNotFoundError: No module named 'scripts.bronze_layer'
[2026-04-27T08:27:43.100+0000] {processor.py:842} WARNING - No viable dags retrieved from /opt/airflow/dags/flights-pipeline.py
[2026-04-27T08:27:43.165+0000] {processor.py:183} INFO - Processing /opt/airflow/dags/flights-pipeline.py took 0.157 seconds
[2026-04-27T08:28:13.514+0000] {processor.py:161} INFO - Started process (PID=199) to work on /opt/airflow/dags/flights-pipeline.py
[2026-04-27T08:28:13.517+0000] {processor.py:830} INFO - Processing file /opt/airflow/dags/flights-pipeline.py for tasks to queue
[2026-04-27T08:28:13.523+0000] {logging_mixin.py:188} INFO - [2026-04-27T08:28:13.522+0000] {dagbag.py:545} INFO - Filling up the DagBag from /opt/airflow/dags/flights-pipeline.py
[2026-04-27T08:28:13.579+0000] {logging_mixin.py:188} INFO - [2026-04-27T08:28:13.569+0000] {dagbag.py:355} ERROR - Failed to import: /opt/airflow/dags/flights-pipeline.py
Traceback (most recent call last):
  File "/home/airflow/.local/lib/python3.12/site-packages/airflow/models/dagbag.py", line 351, in parse
    loader.exec_module(new_module)
  File "<frozen importlib._bootstrap_external>", line 995, in exec_module
  File "<frozen importlib._bootstrap>", line 488, in _call_with_frames_removed
  File "/opt/airflow/dags/flights-pipeline.py", line 12, in <module>
    from scripts.bronze_layer import run_bronze_ingestion
ModuleNotFoundError: No module named 'scripts.bronze_layer'
[2026-04-27T08:28:13.584+0000] {processor.py:842} WARNING - No viable dags retrieved from /opt/airflow/dags/flights-pipeline.py
[2026-04-27T08:28:13.647+0000] {processor.py:183} INFO - Processing /opt/airflow/dags/flights-pipeline.py took 0.160 seconds
[2026-04-27T08:28:43.997+0000] {processor.py:161} INFO - Started process (PID=200) to work on /opt/airflow/dags/flights-pipeline.py
[2026-04-27T08:28:44.001+0000] {processor.py:830} INFO - Processing file /opt/airflow/dags/flights-pipeline.py for tasks to queue
[2026-04-27T08:28:44.005+0000] {logging_mixin.py:188} INFO - [2026-04-27T08:28:44.004+0000] {dagbag.py:545} INFO - Filling up the DagBag from /opt/airflow/dags/flights-pipeline.py
[2026-04-27T08:28:44.058+0000] {logging_mixin.py:188} INFO - [2026-04-27T08:28:44.049+0000] {dagbag.py:355} ERROR - Failed to import: /opt/airflow/dags/flights-pipeline.py
Traceback (most recent call last):
  File "/home/airflow/.local/lib/python3.12/site-packages/airflow/models/dagbag.py", line 351, in parse
    loader.exec_module(new_module)
  File "<frozen importlib._bootstrap_external>", line 995, in exec_module
  File "<frozen importlib._bootstrap>", line 488, in _call_with_frames_removed
  File "/opt/airflow/dags/flights-pipeline.py", line 12, in <module>
    from scripts.bronze_layer import run_bronze_ingestion
ModuleNotFoundError: No module named 'scripts.bronze_layer'
[2026-04-27T08:28:44.062+0000] {processor.py:842} WARNING - No viable dags retrieved from /opt/airflow/dags/flights-pipeline.py
[2026-04-27T08:28:44.119+0000] {processor.py:183} INFO - Processing /opt/airflow/dags/flights-pipeline.py took 0.144 seconds
[2026-04-27T08:29:14.474+0000] {processor.py:161} INFO - Started process (PID=201) to work on /opt/airflow/dags/flights-pipeline.py
[2026-04-27T08:29:14.478+0000] {processor.py:830} INFO - Processing file /opt/airflow/dags/flights-pipeline.py for tasks to queue
[2026-04-27T08:29:14.486+0000] {logging_mixin.py:188} INFO - [2026-04-27T08:29:14.484+0000] {dagbag.py:545} INFO - Filling up the DagBag from /opt/airflow/dags/flights-pipeline.py
[2026-04-27T08:29:14.560+0000] {logging_mixin.py:188} INFO - [2026-04-27T08:29:14.547+0000] {dagbag.py:355} ERROR - Failed to import: /opt/airflow/dags/flights-pipeline.py
Traceback (most recent call last):
  File "/home/airflow/.local/lib/python3.12/site-packages/airflow/models/dagbag.py", line 351, in parse
    loader.exec_module(new_module)
  File "<frozen importlib._bootstrap_external>", line 995, in exec_module
  File "<frozen importlib._bootstrap>", line 488, in _call_with_frames_removed
  File "/opt/airflow/dags/flights-pipeline.py", line 12, in <module>
    from scripts.bronze_layer import run_bronze_ingestion
ModuleNotFoundError: No module named 'scripts.bronze_layer'
[2026-04-27T08:29:14.565+0000] {processor.py:842} WARNING - No viable dags retrieved from /opt/airflow/dags/flights-pipeline.py
[2026-04-27T08:29:14.628+0000] {processor.py:183} INFO - Processing /opt/airflow/dags/flights-pipeline.py took 0.180 seconds
[2026-04-27T08:29:44.917+0000] {processor.py:161} INFO - Started process (PID=202) to work on /opt/airflow/dags/flights-pipeline.py
[2026-04-27T08:29:44.921+0000] {processor.py:830} INFO - Processing file /opt/airflow/dags/flights-pipeline.py for tasks to queue
[2026-04-27T08:29:44.928+0000] {logging_mixin.py:188} INFO - [2026-04-27T08:29:44.927+0000] {dagbag.py:545} INFO - Filling up the DagBag from /opt/airflow/dags/flights-pipeline.py
[2026-04-27T08:29:45.016+0000] {logging_mixin.py:188} INFO - [2026-04-27T08:29:44.999+0000] {dagbag.py:355} ERROR - Failed to import: /opt/airflow/dags/flights-pipeline.py
Traceback (most recent call last):
  File "/home/airflow/.local/lib/python3.12/site-packages/airflow/models/dagbag.py", line 351, in parse
    loader.exec_module(new_module)
  File "<frozen importlib._bootstrap_external>", line 995, in exec_module
  File "<frozen importlib._bootstrap>", line 488, in _call_with_frames_removed
  File "/opt/airflow/dags/flights-pipeline.py", line 12, in <module>
    from scripts.bronze_layer import run_bronze_ingestion
ModuleNotFoundError: No module named 'scripts.bronze_layer'
[2026-04-27T08:29:45.022+0000] {processor.py:842} WARNING - No viable dags retrieved from /opt/airflow/dags/flights-pipeline.py
[2026-04-27T08:29:45.105+0000] {processor.py:183} INFO - Processing /opt/airflow/dags/flights-pipeline.py took 0.209 seconds
[2026-04-27T08:30:15.447+0000] {processor.py:161} INFO - Started process (PID=203) to work on /opt/airflow/dags/flights-pipeline.py
[2026-04-27T08:30:15.451+0000] {processor.py:830} INFO - Processing file /opt/airflow/dags/flights-pipeline.py for tasks to queue
[2026-04-27T08:30:15.459+0000] {logging_mixin.py:188} INFO - [2026-04-27T08:30:15.458+0000] {dagbag.py:545} INFO - Filling up the DagBag from /opt/airflow/dags/flights-pipeline.py
[2026-04-27T08:30:15.548+0000] {logging_mixin.py:188} INFO - [2026-04-27T08:30:15.532+0000] {dagbag.py:355} ERROR - Failed to import: /opt/airflow/dags/flights-pipeline.py
Traceback (most recent call last):
  File "/home/airflow/.local/lib/python3.12/site-packages/airflow/models/dagbag.py", line 351, in parse
    loader.exec_module(new_module)
  File "<frozen importlib._bootstrap_external>", line 995, in exec_module
  File "<frozen importlib._bootstrap>", line 488, in _call_with_frames_removed
  File "/opt/airflow/dags/flights-pipeline.py", line 12, in <module>
    from scripts.bronze_layer import run_bronze_ingestion
ModuleNotFoundError: No module named 'scripts.bronze_layer'
[2026-04-27T08:30:15.554+0000] {processor.py:842} WARNING - No viable dags retrieved from /opt/airflow/dags/flights-pipeline.py
[2026-04-27T08:30:15.649+0000] {processor.py:183} INFO - Processing /opt/airflow/dags/flights-pipeline.py took 0.225 seconds
[2026-04-27T08:30:45.913+0000] {processor.py:161} INFO - Started process (PID=204) to work on /opt/airflow/dags/flights-pipeline.py
[2026-04-27T08:30:45.917+0000] {processor.py:830} INFO - Processing file /opt/airflow/dags/flights-pipeline.py for tasks to queue
[2026-04-27T08:30:45.923+0000] {logging_mixin.py:188} INFO - [2026-04-27T08:30:45.922+0000] {dagbag.py:545} INFO - Filling up the DagBag from /opt/airflow/dags/flights-pipeline.py
[2026-04-27T08:30:46.005+0000] {logging_mixin.py:188} INFO - [2026-04-27T08:30:45.990+0000] {dagbag.py:355} ERROR - Failed to import: /opt/airflow/dags/flights-pipeline.py
Traceback (most recent call last):
  File "/home/airflow/.local/lib/python3.12/site-packages/airflow/models/dagbag.py", line 351, in parse
    loader.exec_module(new_module)
  File "<frozen importlib._bootstrap_external>", line 995, in exec_module
  File "<frozen importlib._bootstrap>", line 488, in _call_with_frames_removed
  File "/opt/airflow/dags/flights-pipeline.py", line 12, in <module>
    from scripts.bronze_layer import run_bronze_ingestion
ModuleNotFoundError: No module named 'scripts.bronze_layer'
[2026-04-27T08:30:46.010+0000] {processor.py:842} WARNING - No viable dags retrieved from /opt/airflow/dags/flights-pipeline.py
[2026-04-27T08:30:46.090+0000] {processor.py:183} INFO - Processing /opt/airflow/dags/flights-pipeline.py took 0.199 seconds
[2026-04-27T08:31:16.601+0000] {processor.py:161} INFO - Started process (PID=205) to work on /opt/airflow/dags/flights-pipeline.py
[2026-04-27T08:31:16.605+0000] {processor.py:830} INFO - Processing file /opt/airflow/dags/flights-pipeline.py for tasks to queue
[2026-04-27T08:31:16.612+0000] {logging_mixin.py:188} INFO - [2026-04-27T08:31:16.611+0000] {dagbag.py:545} INFO - Filling up the DagBag from /opt/airflow/dags/flights-pipeline.py
[2026-04-27T08:31:16.704+0000] {logging_mixin.py:188} INFO - [2026-04-27T08:31:16.688+0000] {dagbag.py:355} ERROR - Failed to import: /opt/airflow/dags/flights-pipeline.py
Traceback (most recent call last):
  File "/home/airflow/.local/lib/python3.12/site-packages/airflow/models/dagbag.py", line 351, in parse
    loader.exec_module(new_module)
  File "<frozen importlib._bootstrap_external>", line 995, in exec_module
  File "<frozen importlib._bootstrap>", line 488, in _call_with_frames_removed
  File "/opt/airflow/dags/flights-pipeline.py", line 12, in <module>
    from scripts.bronze_layer import run_bronze_ingestion
ModuleNotFoundError: No module named 'scripts.bronze_layer'
[2026-04-27T08:31:16.711+0000] {processor.py:842} WARNING - No viable dags retrieved from /opt/airflow/dags/flights-pipeline.py
[2026-04-27T08:31:16.801+0000] {processor.py:183} INFO - Processing /opt/airflow/dags/flights-pipeline.py took 0.219 seconds
[2026-04-27T08:31:47.291+0000] {processor.py:161} INFO - Started process (PID=206) to work on /opt/airflow/dags/flights-pipeline.py
[2026-04-27T08:31:47.295+0000] {processor.py:830} INFO - Processing file /opt/airflow/dags/flights-pipeline.py for tasks to queue
[2026-04-27T08:31:47.302+0000] {logging_mixin.py:188} INFO - [2026-04-27T08:31:47.301+0000] {dagbag.py:545} INFO - Filling up the DagBag from /opt/airflow/dags/flights-pipeline.py
[2026-04-27T08:31:47.434+0000] {logging_mixin.py:188} INFO - [2026-04-27T08:31:47.417+0000] {dagbag.py:355} ERROR - Failed to import: /opt/airflow/dags/flights-pipeline.py
Traceback (most recent call last):
  File "/home/airflow/.local/lib/python3.12/site-packages/airflow/models/dagbag.py", line 351, in parse
    loader.exec_module(new_module)
  File "<frozen importlib._bootstrap_external>", line 995, in exec_module
  File "<frozen importlib._bootstrap>", line 488, in _call_with_frames_removed
  File "/opt/airflow/dags/flights-pipeline.py", line 12, in <module>
    from scripts.bronze_layer import run_bronze_ingestion
ModuleNotFoundError: No module named 'scripts.bronze_layer'
[2026-04-27T08:31:47.439+0000] {processor.py:842} WARNING - No viable dags retrieved from /opt/airflow/dags/flights-pipeline.py
[2026-04-27T08:31:47.523+0000] {processor.py:183} INFO - Processing /opt/airflow/dags/flights-pipeline.py took 0.258 seconds
[2026-04-27T08:39:33.649+0000] {processor.py:161} INFO - Started process (PID=207) to work on /opt/airflow/dags/flights-pipeline.py
[2026-04-27T08:39:33.665+0000] {processor.py:830} INFO - Processing file /opt/airflow/dags/flights-pipeline.py for tasks to queue
[2026-04-27T08:39:33.676+0000] {logging_mixin.py:188} INFO - [2026-04-27T08:39:33.675+0000] {dagbag.py:545} INFO - Filling up the DagBag from /opt/airflow/dags/flights-pipeline.py
[2026-04-27T08:39:34.022+0000] {logging_mixin.py:188} INFO - [2026-04-27T08:39:33.972+0000] {dagbag.py:355} ERROR - Failed to import: /opt/airflow/dags/flights-pipeline.py
Traceback (most recent call last):
  File "/home/airflow/.local/lib/python3.12/site-packages/airflow/models/dagbag.py", line 351, in parse
    loader.exec_module(new_module)
  File "<frozen importlib._bootstrap_external>", line 995, in exec_module
  File "<frozen importlib._bootstrap>", line 488, in _call_with_frames_removed
  File "/opt/airflow/dags/flights-pipeline.py", line 12, in <module>
    from scripts.bronze_layer import run_bronze_ingestion
ModuleNotFoundError: No module named 'scripts.bronze_layer'
[2026-04-27T08:39:34.051+0000] {processor.py:842} WARNING - No viable dags retrieved from /opt/airflow/dags/flights-pipeline.py
[2026-04-27T08:39:34.341+0000] {processor.py:183} INFO - Processing /opt/airflow/dags/flights-pipeline.py took 0.721 seconds
[2026-04-27T08:40:06.267+0000] {processor.py:161} INFO - Started process (PID=208) to work on /opt/airflow/dags/flights-pipeline.py
[2026-04-27T08:40:06.279+0000] {processor.py:830} INFO - Processing file /opt/airflow/dags/flights-pipeline.py for tasks to queue
[2026-04-27T08:40:06.326+0000] {logging_mixin.py:188} INFO - [2026-04-27T08:40:06.318+0000] {dagbag.py:545} INFO - Filling up the DagBag from /opt/airflow/dags/flights-pipeline.py
[2026-04-27T08:40:06.462+0000] {logging_mixin.py:188} INFO - [2026-04-27T08:40:06.439+0000] {dagbag.py:355} ERROR - Failed to import: /opt/airflow/dags/flights-pipeline.py
Traceback (most recent call last):
  File "/home/airflow/.local/lib/python3.12/site-packages/airflow/models/dagbag.py", line 351, in parse
    loader.exec_module(new_module)
  File "<frozen importlib._bootstrap_external>", line 995, in exec_module
  File "<frozen importlib._bootstrap>", line 488, in _call_with_frames_removed
  File "/opt/airflow/dags/flights-pipeline.py", line 12, in <module>
    from scripts.bronze_layer import run_bronze_ingestion
ModuleNotFoundError: No module named 'scripts.bronze_layer'
[2026-04-27T08:40:06.468+0000] {processor.py:842} WARNING - No viable dags retrieved from /opt/airflow/dags/flights-pipeline.py
[2026-04-27T08:40:06.824+0000] {processor.py:183} INFO - Processing /opt/airflow/dags/flights-pipeline.py took 0.688 seconds
[2026-04-27T08:40:37.245+0000] {processor.py:161} INFO - Started process (PID=209) to work on /opt/airflow/dags/flights-pipeline.py
[2026-04-27T08:40:37.248+0000] {processor.py:830} INFO - Processing file /opt/airflow/dags/flights-pipeline.py for tasks to queue
[2026-04-27T08:40:37.254+0000] {logging_mixin.py:188} INFO - [2026-04-27T08:40:37.253+0000] {dagbag.py:545} INFO - Filling up the DagBag from /opt/airflow/dags/flights-pipeline.py
[2026-04-27T08:40:37.314+0000] {logging_mixin.py:188} INFO - [2026-04-27T08:40:37.304+0000] {dagbag.py:355} ERROR - Failed to import: /opt/airflow/dags/flights-pipeline.py
Traceback (most recent call last):
  File "/home/airflow/.local/lib/python3.12/site-packages/airflow/models/dagbag.py", line 351, in parse
    loader.exec_module(new_module)
  File "<frozen importlib._bootstrap_external>", line 995, in exec_module
  File "<frozen importlib._bootstrap>", line 488, in _call_with_frames_removed
  File "/opt/airflow/dags/flights-pipeline.py", line 12, in <module>
    from scripts.bronze_layer import run_bronze_ingestion
ModuleNotFoundError: No module named 'scripts.bronze_layer'
[2026-04-27T08:40:37.318+0000] {processor.py:842} WARNING - No viable dags retrieved from /opt/airflow/dags/flights-pipeline.py
[2026-04-27T08:40:37.389+0000] {processor.py:183} INFO - Processing /opt/airflow/dags/flights-pipeline.py took 0.159 seconds
[2026-04-27T08:41:07.797+0000] {processor.py:161} INFO - Started process (PID=210) to work on /opt/airflow/dags/flights-pipeline.py
[2026-04-27T08:41:07.801+0000] {processor.py:830} INFO - Processing file /opt/airflow/dags/flights-pipeline.py for tasks to queue
[2026-04-27T08:41:07.809+0000] {logging_mixin.py:188} INFO - [2026-04-27T08:41:07.808+0000] {dagbag.py:545} INFO - Filling up the DagBag from /opt/airflow/dags/flights-pipeline.py
[2026-04-27T08:41:07.901+0000] {logging_mixin.py:188} INFO - [2026-04-27T08:41:07.881+0000] {dagbag.py:355} ERROR - Failed to import: /opt/airflow/dags/flights-pipeline.py
Traceback (most recent call last):
  File "/home/airflow/.local/lib/python3.12/site-packages/airflow/models/dagbag.py", line 351, in parse
    loader.exec_module(new_module)
  File "<frozen importlib._bootstrap_external>", line 995, in exec_module
  File "<frozen importlib._bootstrap>", line 488, in _call_with_frames_removed
  File "/opt/airflow/dags/flights-pipeline.py", line 12, in <module>
    from scripts.bronze_layer import run_bronze_ingestion
ModuleNotFoundError: No module named 'scripts.bronze_layer'
[2026-04-27T08:41:07.907+0000] {processor.py:842} WARNING - No viable dags retrieved from /opt/airflow/dags/flights-pipeline.py
[2026-04-27T08:41:08.007+0000] {processor.py:183} INFO - Processing /opt/airflow/dags/flights-pipeline.py took 0.235 seconds
[2026-04-27T08:41:38.227+0000] {processor.py:161} INFO - Started process (PID=211) to work on /opt/airflow/dags/flights-pipeline.py
[2026-04-27T08:41:38.232+0000] {processor.py:830} INFO - Processing file /opt/airflow/dags/flights-pipeline.py for tasks to queue
[2026-04-27T08:41:38.239+0000] {logging_mixin.py:188} INFO - [2026-04-27T08:41:38.238+0000] {dagbag.py:545} INFO - Filling up the DagBag from /opt/airflow/dags/flights-pipeline.py
[2026-04-27T08:41:38.327+0000] {logging_mixin.py:188} INFO - [2026-04-27T08:41:38.312+0000] {dagbag.py:355} ERROR - Failed to import: /opt/airflow/dags/flights-pipeline.py
Traceback (most recent call last):
  File "/home/airflow/.local/lib/python3.12/site-packages/airflow/models/dagbag.py", line 351, in parse
    loader.exec_module(new_module)
  File "<frozen importlib._bootstrap_external>", line 995, in exec_module
  File "<frozen importlib._bootstrap>", line 488, in _call_with_frames_removed
  File "/opt/airflow/dags/flights-pipeline.py", line 12, in <module>
    from scripts.bronze_layer import run_bronze_ingestion
ModuleNotFoundError: No module named 'scripts.bronze_layer'
[2026-04-27T08:41:38.333+0000] {processor.py:842} WARNING - No viable dags retrieved from /opt/airflow/dags/flights-pipeline.py
[2026-04-27T08:41:38.435+0000] {processor.py:183} INFO - Processing /opt/airflow/dags/flights-pipeline.py took 0.239 seconds
[2026-04-27T08:42:08.879+0000] {processor.py:161} INFO - Started process (PID=212) to work on /opt/airflow/dags/flights-pipeline.py
[2026-04-27T08:42:08.883+0000] {processor.py:830} INFO - Processing file /opt/airflow/dags/flights-pipeline.py for tasks to queue
[2026-04-27T08:42:08.889+0000] {logging_mixin.py:188} INFO - [2026-04-27T08:42:08.888+0000] {dagbag.py:545} INFO - Filling up the DagBag from /opt/airflow/dags/flights-pipeline.py
[2026-04-27T08:42:08.967+0000] {logging_mixin.py:188} INFO - [2026-04-27T08:42:08.952+0000] {dagbag.py:355} ERROR - Failed to import: /opt/airflow/dags/flights-pipeline.py
Traceback (most recent call last):
  File "/home/airflow/.local/lib/python3.12/site-packages/airflow/models/dagbag.py", line 351, in parse
    loader.exec_module(new_module)
  File "<frozen importlib._bootstrap_external>", line 995, in exec_module
  File "<frozen importlib._bootstrap>", line 488, in _call_with_frames_removed
  File "/opt/airflow/dags/flights-pipeline.py", line 12, in <module>
    from scripts.bronze_layer import run_bronze_ingestion
ModuleNotFoundError: No module named 'scripts.bronze_layer'
[2026-04-27T08:42:08.971+0000] {processor.py:842} WARNING - No viable dags retrieved from /opt/airflow/dags/flights-pipeline.py
[2026-04-27T08:42:09.048+0000] {processor.py:183} INFO - Processing /opt/airflow/dags/flights-pipeline.py took 0.189 seconds
[2026-04-27T08:42:39.356+0000] {processor.py:161} INFO - Started process (PID=213) to work on /opt/airflow/dags/flights-pipeline.py
[2026-04-27T08:42:39.361+0000] {processor.py:830} INFO - Processing file /opt/airflow/dags/flights-pipeline.py for tasks to queue
[2026-04-27T08:42:39.373+0000] {logging_mixin.py:188} INFO - [2026-04-27T08:42:39.372+0000] {dagbag.py:545} INFO - Filling up the DagBag from /opt/airflow/dags/flights-pipeline.py
[2026-04-27T08:42:39.460+0000] {logging_mixin.py:188} INFO - [2026-04-27T08:42:39.445+0000] {dagbag.py:355} ERROR - Failed to import: /opt/airflow/dags/flights-pipeline.py
Traceback (most recent call last):
  File "/home/airflow/.local/lib/python3.12/site-packages/airflow/models/dagbag.py", line 351, in parse
    loader.exec_module(new_module)
  File "<frozen importlib._bootstrap_external>", line 995, in exec_module
  File "<frozen importlib._bootstrap>", line 488, in _call_with_frames_removed
  File "/opt/airflow/dags/flights-pipeline.py", line 12, in <module>
    from scripts.bronze_layer import run_bronze_ingestion
ModuleNotFoundError: No module named 'scripts.bronze_layer'
[2026-04-27T08:42:39.465+0000] {processor.py:842} WARNING - No viable dags retrieved from /opt/airflow/dags/flights-pipeline.py
[2026-04-27T08:42:39.550+0000] {processor.py:183} INFO - Processing /opt/airflow/dags/flights-pipeline.py took 0.225 seconds
[2026-04-27T08:43:09.966+0000] {processor.py:161} INFO - Started process (PID=214) to work on /opt/airflow/dags/flights-pipeline.py
[2026-04-27T08:43:09.970+0000] {processor.py:830} INFO - Processing file /opt/airflow/dags/flights-pipeline.py for tasks to queue
[2026-04-27T08:43:09.977+0000] {logging_mixin.py:188} INFO - [2026-04-27T08:43:09.975+0000] {dagbag.py:545} INFO - Filling up the DagBag from /opt/airflow/dags/flights-pipeline.py
[2026-04-27T08:43:10.064+0000] {logging_mixin.py:188} INFO - [2026-04-27T08:43:10.049+0000] {dagbag.py:355} ERROR - Failed to import: /opt/airflow/dags/flights-pipeline.py
Traceback (most recent call last):
  File "/home/airflow/.local/lib/python3.12/site-packages/airflow/models/dagbag.py", line 351, in parse
    loader.exec_module(new_module)
  File "<frozen importlib._bootstrap_external>", line 995, in exec_module
  File "<frozen importlib._bootstrap>", line 488, in _call_with_frames_removed
  File "/opt/airflow/dags/flights-pipeline.py", line 12, in <module>
    from scripts.bronze_layer import run_bronze_ingestion
ModuleNotFoundError: No module named 'scripts.bronze_layer'
[2026-04-27T08:43:10.069+0000] {processor.py:842} WARNING - No viable dags retrieved from /opt/airflow/dags/flights-pipeline.py
[2026-04-27T08:43:10.161+0000] {processor.py:183} INFO - Processing /opt/airflow/dags/flights-pipeline.py took 0.218 seconds
[2026-04-27T08:43:40.452+0000] {processor.py:161} INFO - Started process (PID=215) to work on /opt/airflow/dags/flights-pipeline.py
[2026-04-27T08:43:40.457+0000] {processor.py:830} INFO - Processing file /opt/airflow/dags/flights-pipeline.py for tasks to queue
[2026-04-27T08:43:40.465+0000] {logging_mixin.py:188} INFO - [2026-04-27T08:43:40.464+0000] {dagbag.py:545} INFO - Filling up the DagBag from /opt/airflow/dags/flights-pipeline.py
[2026-04-27T08:43:40.559+0000] {logging_mixin.py:188} INFO - [2026-04-27T08:43:40.540+0000] {dagbag.py:355} ERROR - Failed to import: /opt/airflow/dags/flights-pipeline.py
Traceback (most recent call last):
  File "/home/airflow/.local/lib/python3.12/site-packages/airflow/models/dagbag.py", line 351, in parse
    loader.exec_module(new_module)
  File "<frozen importlib._bootstrap_external>", line 995, in exec_module
  File "<frozen importlib._bootstrap>", line 488, in _call_with_frames_removed
  File "/opt/airflow/dags/flights-pipeline.py", line 12, in <module>
    from scripts.bronze_layer import run_bronze_ingestion
ModuleNotFoundError: No module named 'scripts.bronze_layer'
[2026-04-27T08:43:40.564+0000] {processor.py:842} WARNING - No viable dags retrieved from /opt/airflow/dags/flights-pipeline.py
[2026-04-27T08:43:40.644+0000] {processor.py:183} INFO - Processing /opt/airflow/dags/flights-pipeline.py took 0.216 seconds
[2026-04-27T08:44:11.033+0000] {processor.py:161} INFO - Started process (PID=216) to work on /opt/airflow/dags/flights-pipeline.py
[2026-04-27T08:44:11.036+0000] {processor.py:830} INFO - Processing file /opt/airflow/dags/flights-pipeline.py for tasks to queue
[2026-04-27T08:44:11.043+0000] {logging_mixin.py:188} INFO - [2026-04-27T08:44:11.042+0000] {dagbag.py:545} INFO - Filling up the DagBag from /opt/airflow/dags/flights-pipeline.py
[2026-04-27T08:44:11.127+0000] {logging_mixin.py:188} INFO - [2026-04-27T08:44:11.113+0000] {dagbag.py:355} ERROR - Failed to import: /opt/airflow/dags/flights-pipeline.py
Traceback (most recent call last):
  File "/home/airflow/.local/lib/python3.12/site-packages/airflow/models/dagbag.py", line 351, in parse
    loader.exec_module(new_module)
  File "<frozen importlib._bootstrap_external>", line 995, in exec_module
  File "<frozen importlib._bootstrap>", line 488, in _call_with_frames_removed
  File "/opt/airflow/dags/flights-pipeline.py", line 12, in <module>
    from scripts.bronze_layer import run_bronze_ingestion
ModuleNotFoundError: No module named 'scripts.bronze_layer'
[2026-04-27T08:44:11.133+0000] {processor.py:842} WARNING - No viable dags retrieved from /opt/airflow/dags/flights-pipeline.py
[2026-04-27T08:44:11.210+0000] {processor.py:183} INFO - Processing /opt/airflow/dags/flights-pipeline.py took 0.197 seconds
[2026-04-27T08:44:41.889+0000] {processor.py:161} INFO - Started process (PID=217) to work on /opt/airflow/dags/flights-pipeline.py
[2026-04-27T08:44:41.892+0000] {processor.py:830} INFO - Processing file /opt/airflow/dags/flights-pipeline.py for tasks to queue
[2026-04-27T08:44:41.900+0000] {logging_mixin.py:188} INFO - [2026-04-27T08:44:41.899+0000] {dagbag.py:545} INFO - Filling up the DagBag from /opt/airflow/dags/flights-pipeline.py
[2026-04-27T08:44:41.987+0000] {logging_mixin.py:188} INFO - [2026-04-27T08:44:41.972+0000] {dagbag.py:355} ERROR - Failed to import: /opt/airflow/dags/flights-pipeline.py
Traceback (most recent call last):
  File "/home/airflow/.local/lib/python3.12/site-packages/airflow/models/dagbag.py", line 351, in parse
    loader.exec_module(new_module)
  File "<frozen importlib._bootstrap_external>", line 995, in exec_module
  File "<frozen importlib._bootstrap>", line 488, in _call_with_frames_removed
  File "/opt/airflow/dags/flights-pipeline.py", line 12, in <module>
    from scripts.bronze_layer import run_bronze_ingestion
ModuleNotFoundError: No module named 'scripts.bronze_layer'
[2026-04-27T08:44:41.993+0000] {processor.py:842} WARNING - No viable dags retrieved from /opt/airflow/dags/flights-pipeline.py
[2026-04-27T08:44:42.072+0000] {processor.py:183} INFO - Processing /opt/airflow/dags/flights-pipeline.py took 0.206 seconds
[2026-04-27T08:45:12.323+0000] {processor.py:161} INFO - Started process (PID=218) to work on /opt/airflow/dags/flights-pipeline.py
[2026-04-27T08:45:12.328+0000] {processor.py:830} INFO - Processing file /opt/airflow/dags/flights-pipeline.py for tasks to queue
[2026-04-27T08:45:12.337+0000] {logging_mixin.py:188} INFO - [2026-04-27T08:45:12.335+0000] {dagbag.py:545} INFO - Filling up the DagBag from /opt/airflow/dags/flights-pipeline.py
[2026-04-27T08:45:12.431+0000] {logging_mixin.py:188} INFO - [2026-04-27T08:45:12.413+0000] {dagbag.py:355} ERROR - Failed to import: /opt/airflow/dags/flights-pipeline.py
Traceback (most recent call last):
  File "/home/airflow/.local/lib/python3.12/site-packages/airflow/models/dagbag.py", line 351, in parse
    loader.exec_module(new_module)
  File "<frozen importlib._bootstrap_external>", line 995, in exec_module
  File "<frozen importlib._bootstrap>", line 488, in _call_with_frames_removed
  File "/opt/airflow/dags/flights-pipeline.py", line 12, in <module>
    from scripts.bronze_layer import run_bronze_ingestion
ModuleNotFoundError: No module named 'scripts.bronze_layer'
[2026-04-27T08:45:12.437+0000] {processor.py:842} WARNING - No viable dags retrieved from /opt/airflow/dags/flights-pipeline.py
[2026-04-27T08:45:12.542+0000] {processor.py:183} INFO - Processing /opt/airflow/dags/flights-pipeline.py took 0.254 seconds
[2026-04-27T08:45:42.950+0000] {processor.py:161} INFO - Started process (PID=219) to work on /opt/airflow/dags/flights-pipeline.py
[2026-04-27T08:45:42.955+0000] {processor.py:830} INFO - Processing file /opt/airflow/dags/flights-pipeline.py for tasks to queue
[2026-04-27T08:45:42.964+0000] {logging_mixin.py:188} INFO - [2026-04-27T08:45:42.962+0000] {dagbag.py:545} INFO - Filling up the DagBag from /opt/airflow/dags/flights-pipeline.py
[2026-04-27T08:45:43.059+0000] {logging_mixin.py:188} INFO - [2026-04-27T08:45:43.042+0000] {dagbag.py:355} ERROR - Failed to import: /opt/airflow/dags/flights-pipeline.py
Traceback (most recent call last):
  File "/home/airflow/.local/lib/python3.12/site-packages/airflow/models/dagbag.py", line 351, in parse
    loader.exec_module(new_module)
  File "<frozen importlib._bootstrap_external>", line 995, in exec_module
  File "<frozen importlib._bootstrap>", line 488, in _call_with_frames_removed
  File "/opt/airflow/dags/flights-pipeline.py", line 12, in <module>
    from scripts.bronze_layer import run_bronze_ingestion
ModuleNotFoundError: No module named 'scripts.bronze_layer'
[2026-04-27T08:45:43.065+0000] {processor.py:842} WARNING - No viable dags retrieved from /opt/airflow/dags/flights-pipeline.py
[2026-04-27T08:45:43.148+0000] {processor.py:183} INFO - Processing /opt/airflow/dags/flights-pipeline.py took 0.228 seconds
[2026-04-27T08:46:13.553+0000] {processor.py:161} INFO - Started process (PID=220) to work on /opt/airflow/dags/flights-pipeline.py
[2026-04-27T08:46:13.566+0000] {processor.py:830} INFO - Processing file /opt/airflow/dags/flights-pipeline.py for tasks to queue
[2026-04-27T08:46:13.580+0000] {logging_mixin.py:188} INFO - [2026-04-27T08:46:13.576+0000] {dagbag.py:545} INFO - Filling up the DagBag from /opt/airflow/dags/flights-pipeline.py
[2026-04-27T08:46:13.718+0000] {logging_mixin.py:188} INFO - [2026-04-27T08:46:13.696+0000] {dagbag.py:355} ERROR - Failed to import: /opt/airflow/dags/flights-pipeline.py
Traceback (most recent call last):
  File "/home/airflow/.local/lib/python3.12/site-packages/airflow/models/dagbag.py", line 351, in parse
    loader.exec_module(new_module)
  File "<frozen importlib._bootstrap_external>", line 995, in exec_module
  File "<frozen importlib._bootstrap>", line 488, in _call_with_frames_removed
  File "/opt/airflow/dags/flights-pipeline.py", line 12, in <module>
    from scripts.bronze_layer import run_bronze_ingestion
ModuleNotFoundError: No module named 'scripts.bronze_layer'
[2026-04-27T08:46:13.725+0000] {processor.py:842} WARNING - No viable dags retrieved from /opt/airflow/dags/flights-pipeline.py
[2026-04-27T08:46:13.811+0000] {processor.py:183} INFO - Processing /opt/airflow/dags/flights-pipeline.py took 0.321 seconds
[2026-04-27T08:46:44.013+0000] {processor.py:161} INFO - Started process (PID=221) to work on /opt/airflow/dags/flights-pipeline.py
[2026-04-27T08:46:44.017+0000] {processor.py:830} INFO - Processing file /opt/airflow/dags/flights-pipeline.py for tasks to queue
[2026-04-27T08:46:44.025+0000] {logging_mixin.py:188} INFO - [2026-04-27T08:46:44.023+0000] {dagbag.py:545} INFO - Filling up the DagBag from /opt/airflow/dags/flights-pipeline.py
[2026-04-27T08:46:44.117+0000] {logging_mixin.py:188} INFO - [2026-04-27T08:46:44.103+0000] {dagbag.py:355} ERROR - Failed to import: /opt/airflow/dags/flights-pipeline.py
Traceback (most recent call last):
  File "/home/airflow/.local/lib/python3.12/site-packages/airflow/models/dagbag.py", line 351, in parse
    loader.exec_module(new_module)
  File "<frozen importlib._bootstrap_external>", line 995, in exec_module
  File "<frozen importlib._bootstrap>", line 488, in _call_with_frames_removed
  File "/opt/airflow/dags/flights-pipeline.py", line 12, in <module>
    from scripts.bronze_layer import run_bronze_ingestion
ModuleNotFoundError: No module named 'scripts.bronze_layer'
[2026-04-27T08:46:44.123+0000] {processor.py:842} WARNING - No viable dags retrieved from /opt/airflow/dags/flights-pipeline.py
[2026-04-27T08:46:44.198+0000] {processor.py:183} INFO - Processing /opt/airflow/dags/flights-pipeline.py took 0.208 seconds
[2026-04-27T08:47:14.684+0000] {processor.py:161} INFO - Started process (PID=222) to work on /opt/airflow/dags/flights-pipeline.py
[2026-04-27T08:47:14.689+0000] {processor.py:830} INFO - Processing file /opt/airflow/dags/flights-pipeline.py for tasks to queue
[2026-04-27T08:47:14.698+0000] {logging_mixin.py:188} INFO - [2026-04-27T08:47:14.696+0000] {dagbag.py:545} INFO - Filling up the DagBag from /opt/airflow/dags/flights-pipeline.py
[2026-04-27T08:47:14.777+0000] {logging_mixin.py:188} INFO - [2026-04-27T08:47:14.764+0000] {dagbag.py:355} ERROR - Failed to import: /opt/airflow/dags/flights-pipeline.py
Traceback (most recent call last):
  File "/home/airflow/.local/lib/python3.12/site-packages/airflow/models/dagbag.py", line 351, in parse
    loader.exec_module(new_module)
  File "<frozen importlib._bootstrap_external>", line 995, in exec_module
  File "<frozen importlib._bootstrap>", line 488, in _call_with_frames_removed
  File "/opt/airflow/dags/flights-pipeline.py", line 12, in <module>
    from scripts.bronze_layer import run_bronze_ingestion
ModuleNotFoundError: No module named 'scripts.bronze_layer'
[2026-04-27T08:47:14.782+0000] {processor.py:842} WARNING - No viable dags retrieved from /opt/airflow/dags/flights-pipeline.py
[2026-04-27T08:47:14.861+0000] {processor.py:183} INFO - Processing /opt/airflow/dags/flights-pipeline.py took 0.217 seconds
[2026-04-27T08:47:45.090+0000] {processor.py:161} INFO - Started process (PID=223) to work on /opt/airflow/dags/flights-pipeline.py
[2026-04-27T08:47:45.093+0000] {processor.py:830} INFO - Processing file /opt/airflow/dags/flights-pipeline.py for tasks to queue
[2026-04-27T08:47:45.100+0000] {logging_mixin.py:188} INFO - [2026-04-27T08:47:45.099+0000] {dagbag.py:545} INFO - Filling up the DagBag from /opt/airflow/dags/flights-pipeline.py
[2026-04-27T08:47:45.190+0000] {logging_mixin.py:188} INFO - [2026-04-27T08:47:45.172+0000] {dagbag.py:355} ERROR - Failed to import: /opt/airflow/dags/flights-pipeline.py
Traceback (most recent call last):
  File "/home/airflow/.local/lib/python3.12/site-packages/airflow/models/dagbag.py", line 351, in parse
    loader.exec_module(new_module)
  File "<frozen importlib._bootstrap_external>", line 995, in exec_module
  File "<frozen importlib._bootstrap>", line 488, in _call_with_frames_removed
  File "/opt/airflow/dags/flights-pipeline.py", line 12, in <module>
    from scripts.bronze_layer import run_bronze_ingestion
ModuleNotFoundError: No module named 'scripts.bronze_layer'
[2026-04-27T08:47:45.196+0000] {processor.py:842} WARNING - No viable dags retrieved from /opt/airflow/dags/flights-pipeline.py
[2026-04-27T08:47:45.281+0000] {processor.py:183} INFO - Processing /opt/airflow/dags/flights-pipeline.py took 0.214 seconds
[2026-04-27T08:48:15.715+0000] {processor.py:161} INFO - Started process (PID=224) to work on /opt/airflow/dags/flights-pipeline.py
[2026-04-27T08:48:15.719+0000] {processor.py:830} INFO - Processing file /opt/airflow/dags/flights-pipeline.py for tasks to queue
[2026-04-27T08:48:15.726+0000] {logging_mixin.py:188} INFO - [2026-04-27T08:48:15.725+0000] {dagbag.py:545} INFO - Filling up the DagBag from /opt/airflow/dags/flights-pipeline.py
[2026-04-27T08:48:15.853+0000] {logging_mixin.py:188} INFO - [2026-04-27T08:48:15.839+0000] {dagbag.py:355} ERROR - Failed to import: /opt/airflow/dags/flights-pipeline.py
Traceback (most recent call last):
  File "/home/airflow/.local/lib/python3.12/site-packages/airflow/models/dagbag.py", line 351, in parse
    loader.exec_module(new_module)
  File "<frozen importlib._bootstrap_external>", line 995, in exec_module
  File "<frozen importlib._bootstrap>", line 488, in _call_with_frames_removed
  File "/opt/airflow/dags/flights-pipeline.py", line 12, in <module>
    from scripts.bronze_layer import run_bronze_ingestion
ModuleNotFoundError: No module named 'scripts.bronze_layer'
[2026-04-27T08:48:15.857+0000] {processor.py:842} WARNING - No viable dags retrieved from /opt/airflow/dags/flights-pipeline.py
[2026-04-27T08:48:15.940+0000] {processor.py:183} INFO - Processing /opt/airflow/dags/flights-pipeline.py took 0.247 seconds
[2026-04-27T08:48:46.190+0000] {processor.py:161} INFO - Started process (PID=225) to work on /opt/airflow/dags/flights-pipeline.py
[2026-04-27T08:48:46.194+0000] {processor.py:830} INFO - Processing file /opt/airflow/dags/flights-pipeline.py for tasks to queue
[2026-04-27T08:48:46.202+0000] {logging_mixin.py:188} INFO - [2026-04-27T08:48:46.201+0000] {dagbag.py:545} INFO - Filling up the DagBag from /opt/airflow/dags/flights-pipeline.py
[2026-04-27T08:48:46.278+0000] {logging_mixin.py:188} INFO - [2026-04-27T08:48:46.266+0000] {dagbag.py:355} ERROR - Failed to import: /opt/airflow/dags/flights-pipeline.py
Traceback (most recent call last):
  File "/home/airflow/.local/lib/python3.12/site-packages/airflow/models/dagbag.py", line 351, in parse
    loader.exec_module(new_module)
  File "<frozen importlib._bootstrap_external>", line 995, in exec_module
  File "<frozen importlib._bootstrap>", line 488, in _call_with_frames_removed
  File "/opt/airflow/dags/flights-pipeline.py", line 12, in <module>
    from scripts.bronze_layer import run_bronze_ingestion
ModuleNotFoundError: No module named 'scripts.bronze_layer'
[2026-04-27T08:48:46.283+0000] {processor.py:842} WARNING - No viable dags retrieved from /opt/airflow/dags/flights-pipeline.py
[2026-04-27T08:48:46.365+0000] {processor.py:183} INFO - Processing /opt/airflow/dags/flights-pipeline.py took 0.207 seconds
[2026-04-27T08:49:16.819+0000] {processor.py:161} INFO - Started process (PID=226) to work on /opt/airflow/dags/flights-pipeline.py
[2026-04-27T08:49:16.823+0000] {processor.py:830} INFO - Processing file /opt/airflow/dags/flights-pipeline.py for tasks to queue
[2026-04-27T08:49:16.830+0000] {logging_mixin.py:188} INFO - [2026-04-27T08:49:16.829+0000] {dagbag.py:545} INFO - Filling up the DagBag from /opt/airflow/dags/flights-pipeline.py
[2026-04-27T08:49:16.911+0000] {logging_mixin.py:188} INFO - [2026-04-27T08:49:16.897+0000] {dagbag.py:355} ERROR - Failed to import: /opt/airflow/dags/flights-pipeline.py
Traceback (most recent call last):
  File "/home/airflow/.local/lib/python3.12/site-packages/airflow/models/dagbag.py", line 351, in parse
    loader.exec_module(new_module)
  File "<frozen importlib._bootstrap_external>", line 995, in exec_module
  File "<frozen importlib._bootstrap>", line 488, in _call_with_frames_removed
  File "/opt/airflow/dags/flights-pipeline.py", line 12, in <module>
    from scripts.bronze_layer import run_bronze_ingestion
ModuleNotFoundError: No module named 'scripts.bronze_layer'
[2026-04-27T08:49:16.917+0000] {processor.py:842} WARNING - No viable dags retrieved from /opt/airflow/dags/flights-pipeline.py
[2026-04-27T08:49:17.002+0000] {processor.py:183} INFO - Processing /opt/airflow/dags/flights-pipeline.py took 0.205 seconds
[2026-04-27T08:49:47.359+0000] {processor.py:161} INFO - Started process (PID=227) to work on /opt/airflow/dags/flights-pipeline.py
[2026-04-27T08:49:47.362+0000] {processor.py:830} INFO - Processing file /opt/airflow/dags/flights-pipeline.py for tasks to queue
[2026-04-27T08:49:47.371+0000] {logging_mixin.py:188} INFO - [2026-04-27T08:49:47.370+0000] {dagbag.py:545} INFO - Filling up the DagBag from /opt/airflow/dags/flights-pipeline.py
[2026-04-27T08:49:47.449+0000] {logging_mixin.py:188} INFO - [2026-04-27T08:49:47.434+0000] {dagbag.py:355} ERROR - Failed to import: /opt/airflow/dags/flights-pipeline.py
Traceback (most recent call last):
  File "/home/airflow/.local/lib/python3.12/site-packages/airflow/models/dagbag.py", line 351, in parse
    loader.exec_module(new_module)
  File "<frozen importlib._bootstrap_external>", line 995, in exec_module
  File "<frozen importlib._bootstrap>", line 488, in _call_with_frames_removed
  File "/opt/airflow/dags/flights-pipeline.py", line 12, in <module>
    from scripts.bronze_layer import run_bronze_ingestion
ModuleNotFoundError: No module named 'scripts.bronze_layer'
[2026-04-27T08:49:47.455+0000] {processor.py:842} WARNING - No viable dags retrieved from /opt/airflow/dags/flights-pipeline.py
[2026-04-27T08:49:47.540+0000] {processor.py:183} INFO - Processing /opt/airflow/dags/flights-pipeline.py took 0.206 seconds
[2026-04-27T09:02:21.783+0000] {processor.py:161} INFO - Started process (PID=228) to work on /opt/airflow/dags/flights-pipeline.py
[2026-04-27T09:02:21.799+0000] {processor.py:830} INFO - Processing file /opt/airflow/dags/flights-pipeline.py for tasks to queue
[2026-04-27T09:02:21.809+0000] {logging_mixin.py:188} INFO - [2026-04-27T09:02:21.808+0000] {dagbag.py:545} INFO - Filling up the DagBag from /opt/airflow/dags/flights-pipeline.py
[2026-04-27T09:02:22.050+0000] {logging_mixin.py:188} INFO - [2026-04-27T09:02:22.020+0000] {dagbag.py:355} ERROR - Failed to import: /opt/airflow/dags/flights-pipeline.py
Traceback (most recent call last):
  File "/home/airflow/.local/lib/python3.12/site-packages/airflow/models/dagbag.py", line 351, in parse
    loader.exec_module(new_module)
  File "<frozen importlib._bootstrap_external>", line 995, in exec_module
  File "<frozen importlib._bootstrap>", line 488, in _call_with_frames_removed
  File "/opt/airflow/dags/flights-pipeline.py", line 12, in <module>
    from scripts.bronze_layer import run_bronze_ingestion
ModuleNotFoundError: No module named 'scripts.bronze_layer'
[2026-04-27T09:02:22.064+0000] {processor.py:842} WARNING - No viable dags retrieved from /opt/airflow/dags/flights-pipeline.py
[2026-04-27T09:02:22.158+0000] {processor.py:183} INFO - Processing /opt/airflow/dags/flights-pipeline.py took 0.396 seconds
