[2026-04-29T11:29:14.504+0000] {processor.py:161} INFO - Started process (PID=229) to work on /opt/airflow/dags/flights-pipeline.py
[2026-04-29T11:29:14.557+0000] {processor.py:830} INFO - Processing file /opt/airflow/dags/flights-pipeline.py for tasks to queue
[2026-04-29T11:29:15.032+0000] {logging_mixin.py:188} INFO - [2026-04-29T11:29:14.981+0000] {dagbag.py:545} INFO - Filling up the DagBag from /opt/airflow/dags/flights-pipeline.py
[2026-04-29T11:29:15.740+0000] {logging_mixin.py:188} INFO - [2026-04-29T11:29:15.617+0000] {dagbag.py:355} ERROR - Failed to import: /opt/airflow/dags/flights-pipeline.py
Traceback (most recent call last):
  File "/home/airflow/.local/lib/python3.12/site-packages/airflow/models/dagbag.py", line 351, in parse
    loader.exec_module(new_module)
  File "<frozen importlib._bootstrap_external>", line 995, in exec_module
  File "<frozen importlib._bootstrap>", line 488, in _call_with_frames_removed
  File "/opt/airflow/dags/flights-pipeline.py", line 12, in <module>
    from scripts.bronze_layer import run_bronze_ingestion
ModuleNotFoundError: No module named 'scripts.bronze_layer'
[2026-04-29T11:29:47.167+0000] {processor.py:161} INFO - Started process (PID=230) to work on /opt/airflow/dags/flights-pipeline.py
[2026-04-29T11:29:47.184+0000] {processor.py:830} INFO - Processing file /opt/airflow/dags/flights-pipeline.py for tasks to queue
[2026-04-29T11:29:47.211+0000] {logging_mixin.py:188} INFO - [2026-04-29T11:29:47.206+0000] {dagbag.py:545} INFO - Filling up the DagBag from /opt/airflow/dags/flights-pipeline.py
[2026-04-29T11:29:47.303+0000] {logging_mixin.py:188} INFO - [2026-04-29T11:29:47.291+0000] {dagbag.py:355} ERROR - Failed to import: /opt/airflow/dags/flights-pipeline.py
Traceback (most recent call last):
  File "/home/airflow/.local/lib/python3.12/site-packages/airflow/models/dagbag.py", line 351, in parse
    loader.exec_module(new_module)
  File "<frozen importlib._bootstrap_external>", line 995, in exec_module
  File "<frozen importlib._bootstrap>", line 488, in _call_with_frames_removed
  File "/opt/airflow/dags/flights-pipeline.py", line 12, in <module>
    from scripts.bronze_layer import run_bronze_ingestion
ModuleNotFoundError: No module named 'scripts.bronze_layer'
[2026-04-29T11:29:47.322+0000] {processor.py:842} WARNING - No viable dags retrieved from /opt/airflow/dags/flights-pipeline.py
[2026-04-29T11:29:48.192+0000] {processor.py:183} INFO - Processing /opt/airflow/dags/flights-pipeline.py took 1.167 seconds
[2026-04-29T11:30:19.248+0000] {processor.py:161} INFO - Started process (PID=231) to work on /opt/airflow/dags/flights-pipeline.py
[2026-04-29T11:30:19.274+0000] {processor.py:830} INFO - Processing file /opt/airflow/dags/flights-pipeline.py for tasks to queue
[2026-04-29T11:30:19.653+0000] {logging_mixin.py:188} INFO - [2026-04-29T11:30:19.631+0000] {dagbag.py:545} INFO - Filling up the DagBag from /opt/airflow/dags/flights-pipeline.py
[2026-04-29T11:30:20.460+0000] {logging_mixin.py:188} INFO - [2026-04-29T11:30:20.365+0000] {dagbag.py:355} ERROR - Failed to import: /opt/airflow/dags/flights-pipeline.py
Traceback (most recent call last):
  File "/home/airflow/.local/lib/python3.12/site-packages/airflow/models/dagbag.py", line 351, in parse
    loader.exec_module(new_module)
  File "<frozen importlib._bootstrap_external>", line 995, in exec_module
  File "<frozen importlib._bootstrap>", line 488, in _call_with_frames_removed
  File "/opt/airflow/dags/flights-pipeline.py", line 12, in <module>
    from scripts.bronze_layer import run_bronze_ingestion
ModuleNotFoundError: No module named 'scripts.bronze_layer'
[2026-04-29T11:30:20.487+0000] {processor.py:842} WARNING - No viable dags retrieved from /opt/airflow/dags/flights-pipeline.py
[2026-04-29T11:30:22.611+0000] {processor.py:183} INFO - Processing /opt/airflow/dags/flights-pipeline.py took 3.678 seconds
[2026-04-29T11:30:53.256+0000] {processor.py:161} INFO - Started process (PID=232) to work on /opt/airflow/dags/flights-pipeline.py
[2026-04-29T11:30:53.258+0000] {processor.py:830} INFO - Processing file /opt/airflow/dags/flights-pipeline.py for tasks to queue
[2026-04-29T11:30:53.262+0000] {logging_mixin.py:188} INFO - [2026-04-29T11:30:53.261+0000] {dagbag.py:545} INFO - Filling up the DagBag from /opt/airflow/dags/flights-pipeline.py
[2026-04-29T11:30:53.307+0000] {logging_mixin.py:188} INFO - [2026-04-29T11:30:53.304+0000] {dagbag.py:355} ERROR - Failed to import: /opt/airflow/dags/flights-pipeline.py
Traceback (most recent call last):
  File "/home/airflow/.local/lib/python3.12/site-packages/airflow/models/dagbag.py", line 351, in parse
    loader.exec_module(new_module)
  File "<frozen importlib._bootstrap_external>", line 995, in exec_module
  File "<frozen importlib._bootstrap>", line 488, in _call_with_frames_removed
  File "/opt/airflow/dags/flights-pipeline.py", line 12, in <module>
    from scripts.bronze_layer import run_bronze_ingestion
ModuleNotFoundError: No module named 'scripts.bronze_layer'
[2026-04-29T11:30:53.311+0000] {processor.py:842} WARNING - No viable dags retrieved from /opt/airflow/dags/flights-pipeline.py
[2026-04-29T11:30:53.383+0000] {processor.py:183} INFO - Processing /opt/airflow/dags/flights-pipeline.py took 0.140 seconds
[2026-04-29T11:31:23.796+0000] {processor.py:161} INFO - Started process (PID=233) to work on /opt/airflow/dags/flights-pipeline.py
[2026-04-29T11:31:23.798+0000] {processor.py:830} INFO - Processing file /opt/airflow/dags/flights-pipeline.py for tasks to queue
[2026-04-29T11:31:23.801+0000] {logging_mixin.py:188} INFO - [2026-04-29T11:31:23.801+0000] {dagbag.py:545} INFO - Filling up the DagBag from /opt/airflow/dags/flights-pipeline.py
[2026-04-29T11:31:23.842+0000] {logging_mixin.py:188} INFO - [2026-04-29T11:31:23.836+0000] {dagbag.py:355} ERROR - Failed to import: /opt/airflow/dags/flights-pipeline.py
Traceback (most recent call last):
  File "/home/airflow/.local/lib/python3.12/site-packages/airflow/models/dagbag.py", line 351, in parse
    loader.exec_module(new_module)
  File "<frozen importlib._bootstrap_external>", line 995, in exec_module
  File "<frozen importlib._bootstrap>", line 488, in _call_with_frames_removed
  File "/opt/airflow/dags/flights-pipeline.py", line 12, in <module>
    from scripts.bronze_layer import run_bronze_ingestion
ModuleNotFoundError: No module named 'scripts.bronze_layer'
[2026-04-29T11:31:23.846+0000] {processor.py:842} WARNING - No viable dags retrieved from /opt/airflow/dags/flights-pipeline.py
[2026-04-29T11:31:23.890+0000] {processor.py:183} INFO - Processing /opt/airflow/dags/flights-pipeline.py took 0.102 seconds
[2026-04-29T11:31:54.056+0000] {processor.py:161} INFO - Started process (PID=234) to work on /opt/airflow/dags/flights-pipeline.py
[2026-04-29T11:31:54.058+0000] {processor.py:830} INFO - Processing file /opt/airflow/dags/flights-pipeline.py for tasks to queue
[2026-04-29T11:31:54.063+0000] {logging_mixin.py:188} INFO - [2026-04-29T11:31:54.062+0000] {dagbag.py:545} INFO - Filling up the DagBag from /opt/airflow/dags/flights-pipeline.py
[2026-04-29T11:31:54.091+0000] {logging_mixin.py:188} INFO - [2026-04-29T11:31:54.085+0000] {dagbag.py:355} ERROR - Failed to import: /opt/airflow/dags/flights-pipeline.py
Traceback (most recent call last):
  File "/home/airflow/.local/lib/python3.12/site-packages/airflow/models/dagbag.py", line 351, in parse
    loader.exec_module(new_module)
  File "<frozen importlib._bootstrap_external>", line 995, in exec_module
  File "<frozen importlib._bootstrap>", line 488, in _call_with_frames_removed
  File "/opt/airflow/dags/flights-pipeline.py", line 12, in <module>
    from scripts.bronze_layer import run_bronze_ingestion
ModuleNotFoundError: No module named 'scripts.bronze_layer'
[2026-04-29T11:31:54.092+0000] {processor.py:842} WARNING - No viable dags retrieved from /opt/airflow/dags/flights-pipeline.py
[2026-04-29T11:31:54.139+0000] {processor.py:183} INFO - Processing /opt/airflow/dags/flights-pipeline.py took 0.093 seconds
[2026-04-29T11:32:24.441+0000] {processor.py:161} INFO - Started process (PID=235) to work on /opt/airflow/dags/flights-pipeline.py
[2026-04-29T11:32:24.442+0000] {processor.py:830} INFO - Processing file /opt/airflow/dags/flights-pipeline.py for tasks to queue
[2026-04-29T11:32:24.445+0000] {logging_mixin.py:188} INFO - [2026-04-29T11:32:24.444+0000] {dagbag.py:545} INFO - Filling up the DagBag from /opt/airflow/dags/flights-pipeline.py
[2026-04-29T11:32:24.492+0000] {logging_mixin.py:188} INFO - [2026-04-29T11:32:24.484+0000] {dagbag.py:355} ERROR - Failed to import: /opt/airflow/dags/flights-pipeline.py
Traceback (most recent call last):
  File "/home/airflow/.local/lib/python3.12/site-packages/airflow/models/dagbag.py", line 351, in parse
    loader.exec_module(new_module)
  File "<frozen importlib._bootstrap_external>", line 995, in exec_module
  File "<frozen importlib._bootstrap>", line 488, in _call_with_frames_removed
  File "/opt/airflow/dags/flights-pipeline.py", line 12, in <module>
    from scripts.bronze_layer import run_bronze_ingestion
ModuleNotFoundError: No module named 'scripts.bronze_layer'
[2026-04-29T11:32:24.502+0000] {processor.py:842} WARNING - No viable dags retrieved from /opt/airflow/dags/flights-pipeline.py
[2026-04-29T11:32:24.564+0000] {processor.py:183} INFO - Processing /opt/airflow/dags/flights-pipeline.py took 0.132 seconds
[2026-04-29T11:32:54.862+0000] {processor.py:161} INFO - Started process (PID=236) to work on /opt/airflow/dags/flights-pipeline.py
[2026-04-29T11:32:54.864+0000] {processor.py:830} INFO - Processing file /opt/airflow/dags/flights-pipeline.py for tasks to queue
[2026-04-29T11:32:54.867+0000] {logging_mixin.py:188} INFO - [2026-04-29T11:32:54.867+0000] {dagbag.py:545} INFO - Filling up the DagBag from /opt/airflow/dags/flights-pipeline.py
[2026-04-29T11:32:54.936+0000] {logging_mixin.py:188} INFO - [2026-04-29T11:32:54.926+0000] {dagbag.py:355} ERROR - Failed to import: /opt/airflow/dags/flights-pipeline.py
Traceback (most recent call last):
  File "/home/airflow/.local/lib/python3.12/site-packages/airflow/models/dagbag.py", line 351, in parse
    loader.exec_module(new_module)
  File "<frozen importlib._bootstrap_external>", line 995, in exec_module
  File "<frozen importlib._bootstrap>", line 488, in _call_with_frames_removed
  File "/opt/airflow/dags/flights-pipeline.py", line 12, in <module>
    from scripts.bronze_layer import run_bronze_ingestion
ModuleNotFoundError: No module named 'scripts.bronze_layer'
[2026-04-29T11:32:54.939+0000] {processor.py:842} WARNING - No viable dags retrieved from /opt/airflow/dags/flights-pipeline.py
[2026-04-29T11:32:55.053+0000] {processor.py:183} INFO - Processing /opt/airflow/dags/flights-pipeline.py took 0.206 seconds
[2026-04-29T11:33:25.238+0000] {processor.py:161} INFO - Started process (PID=237) to work on /opt/airflow/dags/flights-pipeline.py
[2026-04-29T11:33:25.241+0000] {processor.py:830} INFO - Processing file /opt/airflow/dags/flights-pipeline.py for tasks to queue
[2026-04-29T11:33:25.245+0000] {logging_mixin.py:188} INFO - [2026-04-29T11:33:25.245+0000] {dagbag.py:545} INFO - Filling up the DagBag from /opt/airflow/dags/flights-pipeline.py
[2026-04-29T11:33:25.294+0000] {logging_mixin.py:188} INFO - [2026-04-29T11:33:25.279+0000] {dagbag.py:355} ERROR - Failed to import: /opt/airflow/dags/flights-pipeline.py
Traceback (most recent call last):
  File "/home/airflow/.local/lib/python3.12/site-packages/airflow/models/dagbag.py", line 351, in parse
    loader.exec_module(new_module)
  File "<frozen importlib._bootstrap_external>", line 995, in exec_module
  File "<frozen importlib._bootstrap>", line 488, in _call_with_frames_removed
  File "/opt/airflow/dags/flights-pipeline.py", line 12, in <module>
    from scripts.bronze_layer import run_bronze_ingestion
ModuleNotFoundError: No module named 'scripts.bronze_layer'
[2026-04-29T11:33:25.297+0000] {processor.py:842} WARNING - No viable dags retrieved from /opt/airflow/dags/flights-pipeline.py
[2026-04-29T11:33:25.346+0000] {processor.py:183} INFO - Processing /opt/airflow/dags/flights-pipeline.py took 0.119 seconds
[2026-04-29T11:33:55.646+0000] {processor.py:161} INFO - Started process (PID=238) to work on /opt/airflow/dags/flights-pipeline.py
[2026-04-29T11:33:55.649+0000] {processor.py:830} INFO - Processing file /opt/airflow/dags/flights-pipeline.py for tasks to queue
[2026-04-29T11:33:55.652+0000] {logging_mixin.py:188} INFO - [2026-04-29T11:33:55.652+0000] {dagbag.py:545} INFO - Filling up the DagBag from /opt/airflow/dags/flights-pipeline.py
[2026-04-29T11:33:55.701+0000] {logging_mixin.py:188} INFO - [2026-04-29T11:33:55.691+0000] {dagbag.py:355} ERROR - Failed to import: /opt/airflow/dags/flights-pipeline.py
Traceback (most recent call last):
  File "/home/airflow/.local/lib/python3.12/site-packages/airflow/models/dagbag.py", line 351, in parse
    loader.exec_module(new_module)
  File "<frozen importlib._bootstrap_external>", line 995, in exec_module
  File "<frozen importlib._bootstrap>", line 488, in _call_with_frames_removed
  File "/opt/airflow/dags/flights-pipeline.py", line 12, in <module>
    from scripts.bronze_layer import run_bronze_ingestion
ModuleNotFoundError: No module named 'scripts.bronze_layer'
[2026-04-29T11:33:55.706+0000] {processor.py:842} WARNING - No viable dags retrieved from /opt/airflow/dags/flights-pipeline.py
[2026-04-29T11:33:55.757+0000] {processor.py:183} INFO - Processing /opt/airflow/dags/flights-pipeline.py took 0.120 seconds
[2026-04-29T11:34:26.171+0000] {processor.py:161} INFO - Started process (PID=239) to work on /opt/airflow/dags/flights-pipeline.py
[2026-04-29T11:34:26.175+0000] {processor.py:830} INFO - Processing file /opt/airflow/dags/flights-pipeline.py for tasks to queue
[2026-04-29T11:34:26.180+0000] {logging_mixin.py:188} INFO - [2026-04-29T11:34:26.180+0000] {dagbag.py:545} INFO - Filling up the DagBag from /opt/airflow/dags/flights-pipeline.py
[2026-04-29T11:34:26.234+0000] {logging_mixin.py:188} INFO - [2026-04-29T11:34:26.219+0000] {dagbag.py:355} ERROR - Failed to import: /opt/airflow/dags/flights-pipeline.py
Traceback (most recent call last):
  File "/home/airflow/.local/lib/python3.12/site-packages/airflow/models/dagbag.py", line 351, in parse
    loader.exec_module(new_module)
  File "<frozen importlib._bootstrap_external>", line 995, in exec_module
  File "<frozen importlib._bootstrap>", line 488, in _call_with_frames_removed
  File "/opt/airflow/dags/flights-pipeline.py", line 12, in <module>
    from scripts.bronze_layer import run_bronze_ingestion
ModuleNotFoundError: No module named 'scripts.bronze_layer'
[2026-04-29T11:34:26.237+0000] {processor.py:842} WARNING - No viable dags retrieved from /opt/airflow/dags/flights-pipeline.py
[2026-04-29T11:34:26.332+0000] {processor.py:183} INFO - Processing /opt/airflow/dags/flights-pipeline.py took 0.176 seconds
[2026-04-29T11:34:56.582+0000] {processor.py:161} INFO - Started process (PID=240) to work on /opt/airflow/dags/flights-pipeline.py
[2026-04-29T11:34:56.584+0000] {processor.py:830} INFO - Processing file /opt/airflow/dags/flights-pipeline.py for tasks to queue
[2026-04-29T11:34:56.589+0000] {logging_mixin.py:188} INFO - [2026-04-29T11:34:56.589+0000] {dagbag.py:545} INFO - Filling up the DagBag from /opt/airflow/dags/flights-pipeline.py
[2026-04-29T11:34:56.660+0000] {logging_mixin.py:188} INFO - [2026-04-29T11:34:56.650+0000] {dagbag.py:355} ERROR - Failed to import: /opt/airflow/dags/flights-pipeline.py
Traceback (most recent call last):
  File "/home/airflow/.local/lib/python3.12/site-packages/airflow/models/dagbag.py", line 351, in parse
    loader.exec_module(new_module)
  File "<frozen importlib._bootstrap_external>", line 995, in exec_module
  File "<frozen importlib._bootstrap>", line 488, in _call_with_frames_removed
  File "/opt/airflow/dags/flights-pipeline.py", line 12, in <module>
    from scripts.bronze_layer import run_bronze_ingestion
ModuleNotFoundError: No module named 'scripts.bronze_layer'
[2026-04-29T11:34:56.662+0000] {processor.py:842} WARNING - No viable dags retrieved from /opt/airflow/dags/flights-pipeline.py
[2026-04-29T11:34:56.728+0000] {processor.py:183} INFO - Processing /opt/airflow/dags/flights-pipeline.py took 0.171 seconds
[2026-04-29T11:35:27.245+0000] {processor.py:161} INFO - Started process (PID=241) to work on /opt/airflow/dags/flights-pipeline.py
[2026-04-29T11:35:27.266+0000] {processor.py:830} INFO - Processing file /opt/airflow/dags/flights-pipeline.py for tasks to queue
[2026-04-29T11:35:27.298+0000] {logging_mixin.py:188} INFO - [2026-04-29T11:35:27.294+0000] {dagbag.py:545} INFO - Filling up the DagBag from /opt/airflow/dags/flights-pipeline.py
[2026-04-29T11:35:27.439+0000] {logging_mixin.py:188} INFO - [2026-04-29T11:35:27.424+0000] {dagbag.py:355} ERROR - Failed to import: /opt/airflow/dags/flights-pipeline.py
Traceback (most recent call last):
  File "/home/airflow/.local/lib/python3.12/site-packages/airflow/models/dagbag.py", line 351, in parse
    loader.exec_module(new_module)
  File "<frozen importlib._bootstrap_external>", line 995, in exec_module
  File "<frozen importlib._bootstrap>", line 488, in _call_with_frames_removed
  File "/opt/airflow/dags/flights-pipeline.py", line 12, in <module>
    from scripts.bronze_layer import run_bronze_ingestion
ModuleNotFoundError: No module named 'scripts.bronze_layer'
[2026-04-29T11:35:27.448+0000] {processor.py:842} WARNING - No viable dags retrieved from /opt/airflow/dags/flights-pipeline.py
[2026-04-29T11:35:27.545+0000] {processor.py:183} INFO - Processing /opt/airflow/dags/flights-pipeline.py took 0.330 seconds
[2026-04-29T11:35:57.979+0000] {processor.py:161} INFO - Started process (PID=242) to work on /opt/airflow/dags/flights-pipeline.py
[2026-04-29T11:35:57.982+0000] {processor.py:830} INFO - Processing file /opt/airflow/dags/flights-pipeline.py for tasks to queue
[2026-04-29T11:35:57.987+0000] {logging_mixin.py:188} INFO - [2026-04-29T11:35:57.987+0000] {dagbag.py:545} INFO - Filling up the DagBag from /opt/airflow/dags/flights-pipeline.py
[2026-04-29T11:35:58.039+0000] {logging_mixin.py:188} INFO - [2026-04-29T11:35:58.032+0000] {dagbag.py:355} ERROR - Failed to import: /opt/airflow/dags/flights-pipeline.py
Traceback (most recent call last):
  File "/home/airflow/.local/lib/python3.12/site-packages/airflow/models/dagbag.py", line 351, in parse
    loader.exec_module(new_module)
  File "<frozen importlib._bootstrap_external>", line 995, in exec_module
  File "<frozen importlib._bootstrap>", line 488, in _call_with_frames_removed
  File "/opt/airflow/dags/flights-pipeline.py", line 12, in <module>
    from scripts.bronze_layer import run_bronze_ingestion
ModuleNotFoundError: No module named 'scripts.bronze_layer'
[2026-04-29T11:35:58.048+0000] {processor.py:842} WARNING - No viable dags retrieved from /opt/airflow/dags/flights-pipeline.py
[2026-04-29T11:35:58.128+0000] {processor.py:183} INFO - Processing /opt/airflow/dags/flights-pipeline.py took 0.174 seconds
[2026-04-29T11:36:28.284+0000] {processor.py:161} INFO - Started process (PID=243) to work on /opt/airflow/dags/flights-pipeline.py
[2026-04-29T11:36:28.287+0000] {processor.py:830} INFO - Processing file /opt/airflow/dags/flights-pipeline.py for tasks to queue
[2026-04-29T11:36:28.299+0000] {logging_mixin.py:188} INFO - [2026-04-29T11:36:28.296+0000] {dagbag.py:545} INFO - Filling up the DagBag from /opt/airflow/dags/flights-pipeline.py
[2026-04-29T11:36:28.364+0000] {logging_mixin.py:188} INFO - [2026-04-29T11:36:28.357+0000] {dagbag.py:355} ERROR - Failed to import: /opt/airflow/dags/flights-pipeline.py
Traceback (most recent call last):
  File "/home/airflow/.local/lib/python3.12/site-packages/airflow/models/dagbag.py", line 351, in parse
    loader.exec_module(new_module)
  File "<frozen importlib._bootstrap_external>", line 995, in exec_module
  File "<frozen importlib._bootstrap>", line 488, in _call_with_frames_removed
  File "/opt/airflow/dags/flights-pipeline.py", line 12, in <module>
    from scripts.bronze_layer import run_bronze_ingestion
ModuleNotFoundError: No module named 'scripts.bronze_layer'
[2026-04-29T11:36:28.366+0000] {processor.py:842} WARNING - No viable dags retrieved from /opt/airflow/dags/flights-pipeline.py
[2026-04-29T11:36:28.454+0000] {processor.py:183} INFO - Processing /opt/airflow/dags/flights-pipeline.py took 0.192 seconds
[2026-04-29T11:36:59.359+0000] {processor.py:161} INFO - Started process (PID=244) to work on /opt/airflow/dags/flights-pipeline.py
[2026-04-29T11:36:59.370+0000] {processor.py:830} INFO - Processing file /opt/airflow/dags/flights-pipeline.py for tasks to queue
[2026-04-29T11:36:59.406+0000] {logging_mixin.py:188} INFO - [2026-04-29T11:36:59.397+0000] {dagbag.py:545} INFO - Filling up the DagBag from /opt/airflow/dags/flights-pipeline.py
[2026-04-29T11:36:59.524+0000] {logging_mixin.py:188} INFO - [2026-04-29T11:36:59.498+0000] {dagbag.py:355} ERROR - Failed to import: /opt/airflow/dags/flights-pipeline.py
Traceback (most recent call last):
  File "/home/airflow/.local/lib/python3.12/site-packages/airflow/models/dagbag.py", line 351, in parse
    loader.exec_module(new_module)
  File "<frozen importlib._bootstrap_external>", line 995, in exec_module
  File "<frozen importlib._bootstrap>", line 488, in _call_with_frames_removed
  File "/opt/airflow/dags/flights-pipeline.py", line 12, in <module>
    from scripts.bronze_layer import run_bronze_ingestion
ModuleNotFoundError: No module named 'scripts.bronze_layer'
[2026-04-29T11:36:59.537+0000] {processor.py:842} WARNING - No viable dags retrieved from /opt/airflow/dags/flights-pipeline.py
[2026-04-29T11:36:59.887+0000] {processor.py:183} INFO - Processing /opt/airflow/dags/flights-pipeline.py took 0.616 seconds
[2026-04-29T11:37:30.603+0000] {processor.py:161} INFO - Started process (PID=245) to work on /opt/airflow/dags/flights-pipeline.py
[2026-04-29T11:37:30.605+0000] {processor.py:830} INFO - Processing file /opt/airflow/dags/flights-pipeline.py for tasks to queue
[2026-04-29T11:37:30.631+0000] {logging_mixin.py:188} INFO - [2026-04-29T11:37:30.630+0000] {dagbag.py:545} INFO - Filling up the DagBag from /opt/airflow/dags/flights-pipeline.py
[2026-04-29T11:37:30.703+0000] {logging_mixin.py:188} INFO - [2026-04-29T11:37:30.688+0000] {dagbag.py:355} ERROR - Failed to import: /opt/airflow/dags/flights-pipeline.py
Traceback (most recent call last):
  File "/home/airflow/.local/lib/python3.12/site-packages/airflow/models/dagbag.py", line 351, in parse
    loader.exec_module(new_module)
  File "<frozen importlib._bootstrap_external>", line 995, in exec_module
  File "<frozen importlib._bootstrap>", line 488, in _call_with_frames_removed
  File "/opt/airflow/dags/flights-pipeline.py", line 12, in <module>
    from scripts.bronze_layer import run_bronze_ingestion
ModuleNotFoundError: No module named 'scripts.bronze_layer'
[2026-04-29T11:37:30.707+0000] {processor.py:842} WARNING - No viable dags retrieved from /opt/airflow/dags/flights-pipeline.py
[2026-04-29T11:37:30.821+0000] {processor.py:183} INFO - Processing /opt/airflow/dags/flights-pipeline.py took 0.243 seconds
[2026-04-29T11:38:00.969+0000] {processor.py:161} INFO - Started process (PID=246) to work on /opt/airflow/dags/flights-pipeline.py
[2026-04-29T11:38:00.971+0000] {processor.py:830} INFO - Processing file /opt/airflow/dags/flights-pipeline.py for tasks to queue
[2026-04-29T11:38:00.977+0000] {logging_mixin.py:188} INFO - [2026-04-29T11:38:00.976+0000] {dagbag.py:545} INFO - Filling up the DagBag from /opt/airflow/dags/flights-pipeline.py
[2026-04-29T11:38:01.023+0000] {logging_mixin.py:188} INFO - [2026-04-29T11:38:01.017+0000] {dagbag.py:355} ERROR - Failed to import: /opt/airflow/dags/flights-pipeline.py
Traceback (most recent call last):
  File "/home/airflow/.local/lib/python3.12/site-packages/airflow/models/dagbag.py", line 351, in parse
    loader.exec_module(new_module)
  File "<frozen importlib._bootstrap_external>", line 995, in exec_module
  File "<frozen importlib._bootstrap>", line 488, in _call_with_frames_removed
  File "/opt/airflow/dags/flights-pipeline.py", line 12, in <module>
    from scripts.bronze_layer import run_bronze_ingestion
ModuleNotFoundError: No module named 'scripts.bronze_layer'
[2026-04-29T11:38:01.025+0000] {processor.py:842} WARNING - No viable dags retrieved from /opt/airflow/dags/flights-pipeline.py
[2026-04-29T11:38:01.077+0000] {processor.py:183} INFO - Processing /opt/airflow/dags/flights-pipeline.py took 0.126 seconds
[2026-04-29T11:38:31.191+0000] {processor.py:161} INFO - Started process (PID=247) to work on /opt/airflow/dags/flights-pipeline.py
[2026-04-29T11:38:31.193+0000] {processor.py:830} INFO - Processing file /opt/airflow/dags/flights-pipeline.py for tasks to queue
[2026-04-29T11:38:31.198+0000] {logging_mixin.py:188} INFO - [2026-04-29T11:38:31.198+0000] {dagbag.py:545} INFO - Filling up the DagBag from /opt/airflow/dags/flights-pipeline.py
[2026-04-29T11:38:31.230+0000] {logging_mixin.py:188} INFO - [2026-04-29T11:38:31.225+0000] {dagbag.py:355} ERROR - Failed to import: /opt/airflow/dags/flights-pipeline.py
Traceback (most recent call last):
  File "/home/airflow/.local/lib/python3.12/site-packages/airflow/models/dagbag.py", line 351, in parse
    loader.exec_module(new_module)
  File "<frozen importlib._bootstrap_external>", line 995, in exec_module
  File "<frozen importlib._bootstrap>", line 488, in _call_with_frames_removed
  File "/opt/airflow/dags/flights-pipeline.py", line 12, in <module>
    from scripts.bronze_layer import run_bronze_ingestion
ModuleNotFoundError: No module named 'scripts.bronze_layer'
[2026-04-29T11:38:31.233+0000] {processor.py:842} WARNING - No viable dags retrieved from /opt/airflow/dags/flights-pipeline.py
[2026-04-29T11:38:31.272+0000] {processor.py:183} INFO - Processing /opt/airflow/dags/flights-pipeline.py took 0.090 seconds
[2026-04-29T11:39:01.423+0000] {processor.py:161} INFO - Started process (PID=248) to work on /opt/airflow/dags/flights-pipeline.py
[2026-04-29T11:39:01.425+0000] {processor.py:830} INFO - Processing file /opt/airflow/dags/flights-pipeline.py for tasks to queue
[2026-04-29T11:39:01.429+0000] {logging_mixin.py:188} INFO - [2026-04-29T11:39:01.428+0000] {dagbag.py:545} INFO - Filling up the DagBag from /opt/airflow/dags/flights-pipeline.py
[2026-04-29T11:39:01.458+0000] {logging_mixin.py:188} INFO - [2026-04-29T11:39:01.454+0000] {dagbag.py:355} ERROR - Failed to import: /opt/airflow/dags/flights-pipeline.py
Traceback (most recent call last):
  File "/home/airflow/.local/lib/python3.12/site-packages/airflow/models/dagbag.py", line 351, in parse
    loader.exec_module(new_module)
  File "<frozen importlib._bootstrap_external>", line 995, in exec_module
  File "<frozen importlib._bootstrap>", line 488, in _call_with_frames_removed
  File "/opt/airflow/dags/flights-pipeline.py", line 12, in <module>
    from scripts.bronze_layer import run_bronze_ingestion
ModuleNotFoundError: No module named 'scripts.bronze_layer'
[2026-04-29T11:39:01.460+0000] {processor.py:842} WARNING - No viable dags retrieved from /opt/airflow/dags/flights-pipeline.py
[2026-04-29T11:39:01.496+0000] {processor.py:183} INFO - Processing /opt/airflow/dags/flights-pipeline.py took 0.082 seconds
[2026-04-29T11:39:31.773+0000] {processor.py:161} INFO - Started process (PID=249) to work on /opt/airflow/dags/flights-pipeline.py
[2026-04-29T11:39:31.775+0000] {processor.py:830} INFO - Processing file /opt/airflow/dags/flights-pipeline.py for tasks to queue
[2026-04-29T11:39:31.778+0000] {logging_mixin.py:188} INFO - [2026-04-29T11:39:31.777+0000] {dagbag.py:545} INFO - Filling up the DagBag from /opt/airflow/dags/flights-pipeline.py
[2026-04-29T11:39:31.808+0000] {logging_mixin.py:188} INFO - [2026-04-29T11:39:31.802+0000] {dagbag.py:355} ERROR - Failed to import: /opt/airflow/dags/flights-pipeline.py
Traceback (most recent call last):
  File "/home/airflow/.local/lib/python3.12/site-packages/airflow/models/dagbag.py", line 351, in parse
    loader.exec_module(new_module)
  File "<frozen importlib._bootstrap_external>", line 995, in exec_module
  File "<frozen importlib._bootstrap>", line 488, in _call_with_frames_removed
  File "/opt/airflow/dags/flights-pipeline.py", line 12, in <module>
    from scripts.bronze_layer import run_bronze_ingestion
ModuleNotFoundError: No module named 'scripts.bronze_layer'
[2026-04-29T11:39:31.810+0000] {processor.py:842} WARNING - No viable dags retrieved from /opt/airflow/dags/flights-pipeline.py
[2026-04-29T11:39:31.860+0000] {processor.py:183} INFO - Processing /opt/airflow/dags/flights-pipeline.py took 0.096 seconds
[2026-04-29T11:40:02.068+0000] {processor.py:161} INFO - Started process (PID=250) to work on /opt/airflow/dags/flights-pipeline.py
[2026-04-29T11:40:02.070+0000] {processor.py:830} INFO - Processing file /opt/airflow/dags/flights-pipeline.py for tasks to queue
[2026-04-29T11:40:02.073+0000] {logging_mixin.py:188} INFO - [2026-04-29T11:40:02.073+0000] {dagbag.py:545} INFO - Filling up the DagBag from /opt/airflow/dags/flights-pipeline.py
[2026-04-29T11:40:02.115+0000] {logging_mixin.py:188} INFO - [2026-04-29T11:40:02.112+0000] {dagbag.py:355} ERROR - Failed to import: /opt/airflow/dags/flights-pipeline.py
Traceback (most recent call last):
  File "/home/airflow/.local/lib/python3.12/site-packages/airflow/models/dagbag.py", line 351, in parse
    loader.exec_module(new_module)
  File "<frozen importlib._bootstrap_external>", line 995, in exec_module
  File "<frozen importlib._bootstrap>", line 488, in _call_with_frames_removed
  File "/opt/airflow/dags/flights-pipeline.py", line 12, in <module>
    from scripts.bronze_layer import run_bronze_ingestion
ModuleNotFoundError: No module named 'scripts.bronze_layer'
[2026-04-29T11:40:02.117+0000] {processor.py:842} WARNING - No viable dags retrieved from /opt/airflow/dags/flights-pipeline.py
[2026-04-29T11:40:02.155+0000] {processor.py:183} INFO - Processing /opt/airflow/dags/flights-pipeline.py took 0.096 seconds
[2026-04-29T11:40:32.324+0000] {processor.py:161} INFO - Started process (PID=251) to work on /opt/airflow/dags/flights-pipeline.py
[2026-04-29T11:40:32.325+0000] {processor.py:830} INFO - Processing file /opt/airflow/dags/flights-pipeline.py for tasks to queue
[2026-04-29T11:40:32.328+0000] {logging_mixin.py:188} INFO - [2026-04-29T11:40:32.328+0000] {dagbag.py:545} INFO - Filling up the DagBag from /opt/airflow/dags/flights-pipeline.py
[2026-04-29T11:40:32.356+0000] {logging_mixin.py:188} INFO - [2026-04-29T11:40:32.352+0000] {dagbag.py:355} ERROR - Failed to import: /opt/airflow/dags/flights-pipeline.py
Traceback (most recent call last):
  File "/home/airflow/.local/lib/python3.12/site-packages/airflow/models/dagbag.py", line 351, in parse
    loader.exec_module(new_module)
  File "<frozen importlib._bootstrap_external>", line 995, in exec_module
  File "<frozen importlib._bootstrap>", line 488, in _call_with_frames_removed
  File "/opt/airflow/dags/flights-pipeline.py", line 12, in <module>
    from scripts.bronze_layer import run_bronze_ingestion
ModuleNotFoundError: No module named 'scripts.bronze_layer'
[2026-04-29T11:40:32.358+0000] {processor.py:842} WARNING - No viable dags retrieved from /opt/airflow/dags/flights-pipeline.py
[2026-04-29T11:40:32.391+0000] {processor.py:183} INFO - Processing /opt/airflow/dags/flights-pipeline.py took 0.076 seconds
[2026-04-29T11:41:02.657+0000] {processor.py:161} INFO - Started process (PID=252) to work on /opt/airflow/dags/flights-pipeline.py
[2026-04-29T11:41:02.658+0000] {processor.py:830} INFO - Processing file /opt/airflow/dags/flights-pipeline.py for tasks to queue
[2026-04-29T11:41:02.668+0000] {logging_mixin.py:188} INFO - [2026-04-29T11:41:02.664+0000] {dagbag.py:545} INFO - Filling up the DagBag from /opt/airflow/dags/flights-pipeline.py
[2026-04-29T11:41:02.722+0000] {logging_mixin.py:188} INFO - [2026-04-29T11:41:02.717+0000] {dagbag.py:355} ERROR - Failed to import: /opt/airflow/dags/flights-pipeline.py
Traceback (most recent call last):
  File "/home/airflow/.local/lib/python3.12/site-packages/airflow/models/dagbag.py", line 351, in parse
    loader.exec_module(new_module)
  File "<frozen importlib._bootstrap_external>", line 995, in exec_module
  File "<frozen importlib._bootstrap>", line 488, in _call_with_frames_removed
  File "/opt/airflow/dags/flights-pipeline.py", line 12, in <module>
    from scripts.bronze_layer import run_bronze_ingestion
ModuleNotFoundError: No module named 'scripts.bronze_layer'
[2026-04-29T11:41:02.724+0000] {processor.py:842} WARNING - No viable dags retrieved from /opt/airflow/dags/flights-pipeline.py
[2026-04-29T11:41:02.756+0000] {processor.py:183} INFO - Processing /opt/airflow/dags/flights-pipeline.py took 0.107 seconds
[2026-04-29T11:41:33.012+0000] {processor.py:161} INFO - Started process (PID=253) to work on /opt/airflow/dags/flights-pipeline.py
[2026-04-29T11:41:33.015+0000] {processor.py:830} INFO - Processing file /opt/airflow/dags/flights-pipeline.py for tasks to queue
[2026-04-29T11:41:33.020+0000] {logging_mixin.py:188} INFO - [2026-04-29T11:41:33.019+0000] {dagbag.py:545} INFO - Filling up the DagBag from /opt/airflow/dags/flights-pipeline.py
[2026-04-29T11:41:33.078+0000] {logging_mixin.py:188} INFO - [2026-04-29T11:41:33.064+0000] {dagbag.py:355} ERROR - Failed to import: /opt/airflow/dags/flights-pipeline.py
Traceback (most recent call last):
  File "/home/airflow/.local/lib/python3.12/site-packages/airflow/models/dagbag.py", line 351, in parse
    loader.exec_module(new_module)
  File "<frozen importlib._bootstrap_external>", line 995, in exec_module
  File "<frozen importlib._bootstrap>", line 488, in _call_with_frames_removed
  File "/opt/airflow/dags/flights-pipeline.py", line 12, in <module>
    from scripts.bronze_layer import run_bronze_ingestion
ModuleNotFoundError: No module named 'scripts.bronze_layer'
[2026-04-29T11:41:33.082+0000] {processor.py:842} WARNING - No viable dags retrieved from /opt/airflow/dags/flights-pipeline.py
[2026-04-29T11:41:33.162+0000] {processor.py:183} INFO - Processing /opt/airflow/dags/flights-pipeline.py took 0.169 seconds
[2026-04-29T11:42:03.336+0000] {processor.py:161} INFO - Started process (PID=254) to work on /opt/airflow/dags/flights-pipeline.py
[2026-04-29T11:42:03.338+0000] {processor.py:830} INFO - Processing file /opt/airflow/dags/flights-pipeline.py for tasks to queue
[2026-04-29T11:42:03.341+0000] {logging_mixin.py:188} INFO - [2026-04-29T11:42:03.341+0000] {dagbag.py:545} INFO - Filling up the DagBag from /opt/airflow/dags/flights-pipeline.py
[2026-04-29T11:42:03.383+0000] {logging_mixin.py:188} INFO - [2026-04-29T11:42:03.377+0000] {dagbag.py:355} ERROR - Failed to import: /opt/airflow/dags/flights-pipeline.py
Traceback (most recent call last):
  File "/home/airflow/.local/lib/python3.12/site-packages/airflow/models/dagbag.py", line 351, in parse
    loader.exec_module(new_module)
  File "<frozen importlib._bootstrap_external>", line 995, in exec_module
  File "<frozen importlib._bootstrap>", line 488, in _call_with_frames_removed
  File "/opt/airflow/dags/flights-pipeline.py", line 12, in <module>
    from scripts.bronze_layer import run_bronze_ingestion
ModuleNotFoundError: No module named 'scripts.bronze_layer'
[2026-04-29T11:42:03.385+0000] {processor.py:842} WARNING - No viable dags retrieved from /opt/airflow/dags/flights-pipeline.py
[2026-04-29T11:42:03.418+0000] {processor.py:183} INFO - Processing /opt/airflow/dags/flights-pipeline.py took 0.096 seconds
[2026-04-29T11:42:33.678+0000] {processor.py:161} INFO - Started process (PID=255) to work on /opt/airflow/dags/flights-pipeline.py
[2026-04-29T11:42:33.680+0000] {processor.py:830} INFO - Processing file /opt/airflow/dags/flights-pipeline.py for tasks to queue
[2026-04-29T11:42:33.683+0000] {logging_mixin.py:188} INFO - [2026-04-29T11:42:33.682+0000] {dagbag.py:545} INFO - Filling up the DagBag from /opt/airflow/dags/flights-pipeline.py
[2026-04-29T11:42:33.712+0000] {logging_mixin.py:188} INFO - [2026-04-29T11:42:33.708+0000] {dagbag.py:355} ERROR - Failed to import: /opt/airflow/dags/flights-pipeline.py
Traceback (most recent call last):
  File "/home/airflow/.local/lib/python3.12/site-packages/airflow/models/dagbag.py", line 351, in parse
    loader.exec_module(new_module)
  File "<frozen importlib._bootstrap_external>", line 995, in exec_module
  File "<frozen importlib._bootstrap>", line 488, in _call_with_frames_removed
  File "/opt/airflow/dags/flights-pipeline.py", line 12, in <module>
    from scripts.bronze_layer import run_bronze_ingestion
ModuleNotFoundError: No module named 'scripts.bronze_layer'
[2026-04-29T11:42:33.714+0000] {processor.py:842} WARNING - No viable dags retrieved from /opt/airflow/dags/flights-pipeline.py
[2026-04-29T11:42:33.750+0000] {processor.py:183} INFO - Processing /opt/airflow/dags/flights-pipeline.py took 0.080 seconds
[2026-04-29T11:43:03.901+0000] {processor.py:161} INFO - Started process (PID=256) to work on /opt/airflow/dags/flights-pipeline.py
[2026-04-29T11:43:03.903+0000] {processor.py:830} INFO - Processing file /opt/airflow/dags/flights-pipeline.py for tasks to queue
[2026-04-29T11:43:03.905+0000] {logging_mixin.py:188} INFO - [2026-04-29T11:43:03.905+0000] {dagbag.py:545} INFO - Filling up the DagBag from /opt/airflow/dags/flights-pipeline.py
[2026-04-29T11:43:03.936+0000] {logging_mixin.py:188} INFO - [2026-04-29T11:43:03.932+0000] {dagbag.py:355} ERROR - Failed to import: /opt/airflow/dags/flights-pipeline.py
Traceback (most recent call last):
  File "/home/airflow/.local/lib/python3.12/site-packages/airflow/models/dagbag.py", line 351, in parse
    loader.exec_module(new_module)
  File "<frozen importlib._bootstrap_external>", line 995, in exec_module
  File "<frozen importlib._bootstrap>", line 488, in _call_with_frames_removed
  File "/opt/airflow/dags/flights-pipeline.py", line 12, in <module>
    from scripts.bronze_layer import run_bronze_ingestion
ModuleNotFoundError: No module named 'scripts.bronze_layer'
[2026-04-29T11:43:03.938+0000] {processor.py:842} WARNING - No viable dags retrieved from /opt/airflow/dags/flights-pipeline.py
[2026-04-29T11:43:03.977+0000] {processor.py:183} INFO - Processing /opt/airflow/dags/flights-pipeline.py took 0.084 seconds
[2026-04-29T11:43:34.427+0000] {processor.py:161} INFO - Started process (PID=257) to work on /opt/airflow/dags/flights-pipeline.py
[2026-04-29T11:43:34.431+0000] {processor.py:830} INFO - Processing file /opt/airflow/dags/flights-pipeline.py for tasks to queue
[2026-04-29T11:43:34.463+0000] {logging_mixin.py:188} INFO - [2026-04-29T11:43:34.462+0000] {dagbag.py:545} INFO - Filling up the DagBag from /opt/airflow/dags/flights-pipeline.py
[2026-04-29T11:43:34.568+0000] {logging_mixin.py:188} INFO - [2026-04-29T11:43:34.516+0000] {dagbag.py:355} ERROR - Failed to import: /opt/airflow/dags/flights-pipeline.py
Traceback (most recent call last):
  File "/home/airflow/.local/lib/python3.12/site-packages/airflow/models/dagbag.py", line 351, in parse
    loader.exec_module(new_module)
  File "<frozen importlib._bootstrap_external>", line 995, in exec_module
  File "<frozen importlib._bootstrap>", line 488, in _call_with_frames_removed
  File "/opt/airflow/dags/flights-pipeline.py", line 12, in <module>
    from scripts.bronze_layer import run_bronze_ingestion
ModuleNotFoundError: No module named 'scripts.bronze_layer'
[2026-04-29T11:43:34.573+0000] {processor.py:842} WARNING - No viable dags retrieved from /opt/airflow/dags/flights-pipeline.py
[2026-04-29T11:43:35.771+0000] {processor.py:183} INFO - Processing /opt/airflow/dags/flights-pipeline.py took 1.374 seconds
[2026-04-29T11:44:06.224+0000] {processor.py:161} INFO - Started process (PID=258) to work on /opt/airflow/dags/flights-pipeline.py
[2026-04-29T11:44:06.227+0000] {processor.py:830} INFO - Processing file /opt/airflow/dags/flights-pipeline.py for tasks to queue
[2026-04-29T11:44:06.232+0000] {logging_mixin.py:188} INFO - [2026-04-29T11:44:06.231+0000] {dagbag.py:545} INFO - Filling up the DagBag from /opt/airflow/dags/flights-pipeline.py
[2026-04-29T11:44:06.294+0000] {logging_mixin.py:188} INFO - [2026-04-29T11:44:06.286+0000] {dagbag.py:355} ERROR - Failed to import: /opt/airflow/dags/flights-pipeline.py
Traceback (most recent call last):
  File "/home/airflow/.local/lib/python3.12/site-packages/airflow/models/dagbag.py", line 351, in parse
    loader.exec_module(new_module)
  File "<frozen importlib._bootstrap_external>", line 995, in exec_module
  File "<frozen importlib._bootstrap>", line 488, in _call_with_frames_removed
  File "/opt/airflow/dags/flights-pipeline.py", line 12, in <module>
    from scripts.bronze_layer import run_bronze_ingestion
ModuleNotFoundError: No module named 'scripts.bronze_layer'
[2026-04-29T11:44:06.296+0000] {processor.py:842} WARNING - No viable dags retrieved from /opt/airflow/dags/flights-pipeline.py
[2026-04-29T11:44:06.359+0000] {processor.py:183} INFO - Processing /opt/airflow/dags/flights-pipeline.py took 0.154 seconds
[2026-04-29T11:44:36.567+0000] {processor.py:161} INFO - Started process (PID=259) to work on /opt/airflow/dags/flights-pipeline.py
[2026-04-29T11:44:36.569+0000] {processor.py:830} INFO - Processing file /opt/airflow/dags/flights-pipeline.py for tasks to queue
[2026-04-29T11:44:36.573+0000] {logging_mixin.py:188} INFO - [2026-04-29T11:44:36.572+0000] {dagbag.py:545} INFO - Filling up the DagBag from /opt/airflow/dags/flights-pipeline.py
[2026-04-29T11:44:36.600+0000] {logging_mixin.py:188} INFO - [2026-04-29T11:44:36.596+0000] {dagbag.py:355} ERROR - Failed to import: /opt/airflow/dags/flights-pipeline.py
Traceback (most recent call last):
  File "/home/airflow/.local/lib/python3.12/site-packages/airflow/models/dagbag.py", line 351, in parse
    loader.exec_module(new_module)
  File "<frozen importlib._bootstrap_external>", line 995, in exec_module
  File "<frozen importlib._bootstrap>", line 488, in _call_with_frames_removed
  File "/opt/airflow/dags/flights-pipeline.py", line 12, in <module>
    from scripts.bronze_layer import run_bronze_ingestion
ModuleNotFoundError: No module named 'scripts.bronze_layer'
[2026-04-29T11:44:36.601+0000] {processor.py:842} WARNING - No viable dags retrieved from /opt/airflow/dags/flights-pipeline.py
[2026-04-29T11:44:36.640+0000] {processor.py:183} INFO - Processing /opt/airflow/dags/flights-pipeline.py took 0.081 seconds
[2026-04-29T11:45:06.985+0000] {processor.py:161} INFO - Started process (PID=260) to work on /opt/airflow/dags/flights-pipeline.py
[2026-04-29T11:45:06.987+0000] {processor.py:830} INFO - Processing file /opt/airflow/dags/flights-pipeline.py for tasks to queue
[2026-04-29T11:45:06.991+0000] {logging_mixin.py:188} INFO - [2026-04-29T11:45:06.990+0000] {dagbag.py:545} INFO - Filling up the DagBag from /opt/airflow/dags/flights-pipeline.py
[2026-04-29T11:45:07.035+0000] {logging_mixin.py:188} INFO - [2026-04-29T11:45:07.030+0000] {dagbag.py:355} ERROR - Failed to import: /opt/airflow/dags/flights-pipeline.py
Traceback (most recent call last):
  File "/home/airflow/.local/lib/python3.12/site-packages/airflow/models/dagbag.py", line 351, in parse
    loader.exec_module(new_module)
  File "<frozen importlib._bootstrap_external>", line 995, in exec_module
  File "<frozen importlib._bootstrap>", line 488, in _call_with_frames_removed
  File "/opt/airflow/dags/flights-pipeline.py", line 12, in <module>
    from scripts.bronze_layer import run_bronze_ingestion
ModuleNotFoundError: No module named 'scripts.bronze_layer'
[2026-04-29T11:45:07.037+0000] {processor.py:842} WARNING - No viable dags retrieved from /opt/airflow/dags/flights-pipeline.py
[2026-04-29T11:45:07.068+0000] {processor.py:183} INFO - Processing /opt/airflow/dags/flights-pipeline.py took 0.090 seconds
[2026-04-29T11:45:37.240+0000] {processor.py:161} INFO - Started process (PID=261) to work on /opt/airflow/dags/flights-pipeline.py
[2026-04-29T11:45:37.242+0000] {processor.py:830} INFO - Processing file /opt/airflow/dags/flights-pipeline.py for tasks to queue
[2026-04-29T11:45:37.246+0000] {logging_mixin.py:188} INFO - [2026-04-29T11:45:37.245+0000] {dagbag.py:545} INFO - Filling up the DagBag from /opt/airflow/dags/flights-pipeline.py
[2026-04-29T11:45:37.274+0000] {logging_mixin.py:188} INFO - [2026-04-29T11:45:37.269+0000] {dagbag.py:355} ERROR - Failed to import: /opt/airflow/dags/flights-pipeline.py
Traceback (most recent call last):
  File "/home/airflow/.local/lib/python3.12/site-packages/airflow/models/dagbag.py", line 351, in parse
    loader.exec_module(new_module)
  File "<frozen importlib._bootstrap_external>", line 995, in exec_module
  File "<frozen importlib._bootstrap>", line 488, in _call_with_frames_removed
  File "/opt/airflow/dags/flights-pipeline.py", line 12, in <module>
    from scripts.bronze_layer import run_bronze_ingestion
ModuleNotFoundError: No module named 'scripts.bronze_layer'
[2026-04-29T11:45:37.285+0000] {processor.py:842} WARNING - No viable dags retrieved from /opt/airflow/dags/flights-pipeline.py
[2026-04-29T11:45:37.327+0000] {processor.py:183} INFO - Processing /opt/airflow/dags/flights-pipeline.py took 0.095 seconds
[2026-04-29T11:46:07.550+0000] {processor.py:161} INFO - Started process (PID=262) to work on /opt/airflow/dags/flights-pipeline.py
[2026-04-29T11:46:07.552+0000] {processor.py:830} INFO - Processing file /opt/airflow/dags/flights-pipeline.py for tasks to queue
[2026-04-29T11:46:07.554+0000] {logging_mixin.py:188} INFO - [2026-04-29T11:46:07.554+0000] {dagbag.py:545} INFO - Filling up the DagBag from /opt/airflow/dags/flights-pipeline.py
[2026-04-29T11:46:07.581+0000] {logging_mixin.py:188} INFO - [2026-04-29T11:46:07.577+0000] {dagbag.py:355} ERROR - Failed to import: /opt/airflow/dags/flights-pipeline.py
Traceback (most recent call last):
  File "/home/airflow/.local/lib/python3.12/site-packages/airflow/models/dagbag.py", line 351, in parse
    loader.exec_module(new_module)
  File "<frozen importlib._bootstrap_external>", line 995, in exec_module
  File "<frozen importlib._bootstrap>", line 488, in _call_with_frames_removed
  File "/opt/airflow/dags/flights-pipeline.py", line 12, in <module>
    from scripts.bronze_layer import run_bronze_ingestion
ModuleNotFoundError: No module named 'scripts.bronze_layer'
[2026-04-29T11:46:07.583+0000] {processor.py:842} WARNING - No viable dags retrieved from /opt/airflow/dags/flights-pipeline.py
[2026-04-29T11:46:07.617+0000] {processor.py:183} INFO - Processing /opt/airflow/dags/flights-pipeline.py took 0.074 seconds
[2026-04-29T11:46:37.782+0000] {processor.py:161} INFO - Started process (PID=263) to work on /opt/airflow/dags/flights-pipeline.py
[2026-04-29T11:46:37.784+0000] {processor.py:830} INFO - Processing file /opt/airflow/dags/flights-pipeline.py for tasks to queue
[2026-04-29T11:46:37.787+0000] {logging_mixin.py:188} INFO - [2026-04-29T11:46:37.787+0000] {dagbag.py:545} INFO - Filling up the DagBag from /opt/airflow/dags/flights-pipeline.py
[2026-04-29T11:46:37.818+0000] {logging_mixin.py:188} INFO - [2026-04-29T11:46:37.814+0000] {dagbag.py:355} ERROR - Failed to import: /opt/airflow/dags/flights-pipeline.py
Traceback (most recent call last):
  File "/home/airflow/.local/lib/python3.12/site-packages/airflow/models/dagbag.py", line 351, in parse
    loader.exec_module(new_module)
  File "<frozen importlib._bootstrap_external>", line 995, in exec_module
  File "<frozen importlib._bootstrap>", line 488, in _call_with_frames_removed
  File "/opt/airflow/dags/flights-pipeline.py", line 12, in <module>
    from scripts.bronze_layer import run_bronze_ingestion
ModuleNotFoundError: No module named 'scripts.bronze_layer'
[2026-04-29T11:46:37.820+0000] {processor.py:842} WARNING - No viable dags retrieved from /opt/airflow/dags/flights-pipeline.py
[2026-04-29T11:46:37.854+0000] {processor.py:183} INFO - Processing /opt/airflow/dags/flights-pipeline.py took 0.079 seconds
[2026-04-29T11:47:08.109+0000] {processor.py:161} INFO - Started process (PID=264) to work on /opt/airflow/dags/flights-pipeline.py
[2026-04-29T11:47:08.111+0000] {processor.py:830} INFO - Processing file /opt/airflow/dags/flights-pipeline.py for tasks to queue
[2026-04-29T11:47:08.114+0000] {logging_mixin.py:188} INFO - [2026-04-29T11:47:08.114+0000] {dagbag.py:545} INFO - Filling up the DagBag from /opt/airflow/dags/flights-pipeline.py
[2026-04-29T11:47:08.146+0000] {logging_mixin.py:188} INFO - [2026-04-29T11:47:08.139+0000] {dagbag.py:355} ERROR - Failed to import: /opt/airflow/dags/flights-pipeline.py
Traceback (most recent call last):
  File "/home/airflow/.local/lib/python3.12/site-packages/airflow/models/dagbag.py", line 351, in parse
    loader.exec_module(new_module)
  File "<frozen importlib._bootstrap_external>", line 995, in exec_module
  File "<frozen importlib._bootstrap>", line 488, in _call_with_frames_removed
  File "/opt/airflow/dags/flights-pipeline.py", line 12, in <module>
    from scripts.bronze_layer import run_bronze_ingestion
ModuleNotFoundError: No module named 'scripts.bronze_layer'
[2026-04-29T11:47:08.148+0000] {processor.py:842} WARNING - No viable dags retrieved from /opt/airflow/dags/flights-pipeline.py
[2026-04-29T11:47:08.185+0000] {processor.py:183} INFO - Processing /opt/airflow/dags/flights-pipeline.py took 0.083 seconds
[2026-04-29T11:47:38.370+0000] {processor.py:161} INFO - Started process (PID=265) to work on /opt/airflow/dags/flights-pipeline.py
[2026-04-29T11:47:38.373+0000] {processor.py:830} INFO - Processing file /opt/airflow/dags/flights-pipeline.py for tasks to queue
[2026-04-29T11:47:38.376+0000] {logging_mixin.py:188} INFO - [2026-04-29T11:47:38.376+0000] {dagbag.py:545} INFO - Filling up the DagBag from /opt/airflow/dags/flights-pipeline.py
[2026-04-29T11:47:38.406+0000] {logging_mixin.py:188} INFO - [2026-04-29T11:47:38.401+0000] {dagbag.py:355} ERROR - Failed to import: /opt/airflow/dags/flights-pipeline.py
Traceback (most recent call last):
  File "/home/airflow/.local/lib/python3.12/site-packages/airflow/models/dagbag.py", line 351, in parse
    loader.exec_module(new_module)
  File "<frozen importlib._bootstrap_external>", line 995, in exec_module
  File "<frozen importlib._bootstrap>", line 488, in _call_with_frames_removed
  File "/opt/airflow/dags/flights-pipeline.py", line 12, in <module>
    from scripts.bronze_layer import run_bronze_ingestion
ModuleNotFoundError: No module named 'scripts.bronze_layer'
[2026-04-29T11:47:38.408+0000] {processor.py:842} WARNING - No viable dags retrieved from /opt/airflow/dags/flights-pipeline.py
[2026-04-29T11:47:38.445+0000] {processor.py:183} INFO - Processing /opt/airflow/dags/flights-pipeline.py took 0.096 seconds
[2026-04-29T11:48:08.703+0000] {processor.py:161} INFO - Started process (PID=266) to work on /opt/airflow/dags/flights-pipeline.py
[2026-04-29T11:48:08.705+0000] {processor.py:830} INFO - Processing file /opt/airflow/dags/flights-pipeline.py for tasks to queue
[2026-04-29T11:48:08.708+0000] {logging_mixin.py:188} INFO - [2026-04-29T11:48:08.708+0000] {dagbag.py:545} INFO - Filling up the DagBag from /opt/airflow/dags/flights-pipeline.py
[2026-04-29T11:48:08.755+0000] {logging_mixin.py:188} INFO - [2026-04-29T11:48:08.750+0000] {dagbag.py:355} ERROR - Failed to import: /opt/airflow/dags/flights-pipeline.py
Traceback (most recent call last):
  File "/home/airflow/.local/lib/python3.12/site-packages/airflow/models/dagbag.py", line 351, in parse
    loader.exec_module(new_module)
  File "<frozen importlib._bootstrap_external>", line 995, in exec_module
  File "<frozen importlib._bootstrap>", line 488, in _call_with_frames_removed
  File "/opt/airflow/dags/flights-pipeline.py", line 12, in <module>
    from scripts.bronze_layer import run_bronze_ingestion
ModuleNotFoundError: No module named 'scripts.bronze_layer'
[2026-04-29T11:48:08.757+0000] {processor.py:842} WARNING - No viable dags retrieved from /opt/airflow/dags/flights-pipeline.py
[2026-04-29T11:48:08.791+0000] {processor.py:183} INFO - Processing /opt/airflow/dags/flights-pipeline.py took 0.109 seconds
[2026-04-29T11:48:38.941+0000] {processor.py:161} INFO - Started process (PID=267) to work on /opt/airflow/dags/flights-pipeline.py
[2026-04-29T11:48:38.942+0000] {processor.py:830} INFO - Processing file /opt/airflow/dags/flights-pipeline.py for tasks to queue
[2026-04-29T11:48:38.945+0000] {logging_mixin.py:188} INFO - [2026-04-29T11:48:38.945+0000] {dagbag.py:545} INFO - Filling up the DagBag from /opt/airflow/dags/flights-pipeline.py
[2026-04-29T11:48:38.974+0000] {logging_mixin.py:188} INFO - [2026-04-29T11:48:38.970+0000] {dagbag.py:355} ERROR - Failed to import: /opt/airflow/dags/flights-pipeline.py
Traceback (most recent call last):
  File "/home/airflow/.local/lib/python3.12/site-packages/airflow/models/dagbag.py", line 351, in parse
    loader.exec_module(new_module)
  File "<frozen importlib._bootstrap_external>", line 995, in exec_module
  File "<frozen importlib._bootstrap>", line 488, in _call_with_frames_removed
  File "/opt/airflow/dags/flights-pipeline.py", line 12, in <module>
    from scripts.bronze_layer import run_bronze_ingestion
ModuleNotFoundError: No module named 'scripts.bronze_layer'
[2026-04-29T11:48:38.977+0000] {processor.py:842} WARNING - No viable dags retrieved from /opt/airflow/dags/flights-pipeline.py
[2026-04-29T11:48:39.028+0000] {processor.py:183} INFO - Processing /opt/airflow/dags/flights-pipeline.py took 0.095 seconds
[2026-04-29T11:49:09.295+0000] {processor.py:161} INFO - Started process (PID=268) to work on /opt/airflow/dags/flights-pipeline.py
[2026-04-29T11:49:09.297+0000] {processor.py:830} INFO - Processing file /opt/airflow/dags/flights-pipeline.py for tasks to queue
[2026-04-29T11:49:09.300+0000] {logging_mixin.py:188} INFO - [2026-04-29T11:49:09.300+0000] {dagbag.py:545} INFO - Filling up the DagBag from /opt/airflow/dags/flights-pipeline.py
[2026-04-29T11:49:09.330+0000] {logging_mixin.py:188} INFO - [2026-04-29T11:49:09.325+0000] {dagbag.py:355} ERROR - Failed to import: /opt/airflow/dags/flights-pipeline.py
Traceback (most recent call last):
  File "/home/airflow/.local/lib/python3.12/site-packages/airflow/models/dagbag.py", line 351, in parse
    loader.exec_module(new_module)
  File "<frozen importlib._bootstrap_external>", line 995, in exec_module
  File "<frozen importlib._bootstrap>", line 488, in _call_with_frames_removed
  File "/opt/airflow/dags/flights-pipeline.py", line 12, in <module>
    from scripts.bronze_layer import run_bronze_ingestion
ModuleNotFoundError: No module named 'scripts.bronze_layer'
[2026-04-29T11:49:09.332+0000] {processor.py:842} WARNING - No viable dags retrieved from /opt/airflow/dags/flights-pipeline.py
[2026-04-29T11:49:09.365+0000] {processor.py:183} INFO - Processing /opt/airflow/dags/flights-pipeline.py took 0.077 seconds
[2026-04-29T11:49:39.574+0000] {processor.py:161} INFO - Started process (PID=269) to work on /opt/airflow/dags/flights-pipeline.py
[2026-04-29T11:49:39.576+0000] {processor.py:830} INFO - Processing file /opt/airflow/dags/flights-pipeline.py for tasks to queue
[2026-04-29T11:49:39.579+0000] {logging_mixin.py:188} INFO - [2026-04-29T11:49:39.578+0000] {dagbag.py:545} INFO - Filling up the DagBag from /opt/airflow/dags/flights-pipeline.py
[2026-04-29T11:49:39.606+0000] {logging_mixin.py:188} INFO - [2026-04-29T11:49:39.600+0000] {dagbag.py:355} ERROR - Failed to import: /opt/airflow/dags/flights-pipeline.py
Traceback (most recent call last):
  File "/home/airflow/.local/lib/python3.12/site-packages/airflow/models/dagbag.py", line 351, in parse
    loader.exec_module(new_module)
  File "<frozen importlib._bootstrap_external>", line 995, in exec_module
  File "<frozen importlib._bootstrap>", line 488, in _call_with_frames_removed
  File "/opt/airflow/dags/flights-pipeline.py", line 12, in <module>
    from scripts.bronze_layer import run_bronze_ingestion
ModuleNotFoundError: No module named 'scripts.bronze_layer'
[2026-04-29T11:49:39.607+0000] {processor.py:842} WARNING - No viable dags retrieved from /opt/airflow/dags/flights-pipeline.py
[2026-04-29T11:49:39.645+0000] {processor.py:183} INFO - Processing /opt/airflow/dags/flights-pipeline.py took 0.078 seconds
[2026-04-29T11:50:09.844+0000] {processor.py:161} INFO - Started process (PID=270) to work on /opt/airflow/dags/flights-pipeline.py
[2026-04-29T11:50:09.846+0000] {processor.py:830} INFO - Processing file /opt/airflow/dags/flights-pipeline.py for tasks to queue
[2026-04-29T11:50:09.849+0000] {logging_mixin.py:188} INFO - [2026-04-29T11:50:09.848+0000] {dagbag.py:545} INFO - Filling up the DagBag from /opt/airflow/dags/flights-pipeline.py
[2026-04-29T11:50:09.880+0000] {logging_mixin.py:188} INFO - [2026-04-29T11:50:09.874+0000] {dagbag.py:355} ERROR - Failed to import: /opt/airflow/dags/flights-pipeline.py
Traceback (most recent call last):
  File "/home/airflow/.local/lib/python3.12/site-packages/airflow/models/dagbag.py", line 351, in parse
    loader.exec_module(new_module)
  File "<frozen importlib._bootstrap_external>", line 995, in exec_module
  File "<frozen importlib._bootstrap>", line 488, in _call_with_frames_removed
  File "/opt/airflow/dags/flights-pipeline.py", line 12, in <module>
    from scripts.bronze_layer import run_bronze_ingestion
ModuleNotFoundError: No module named 'scripts.bronze_layer'
[2026-04-29T11:50:09.882+0000] {processor.py:842} WARNING - No viable dags retrieved from /opt/airflow/dags/flights-pipeline.py
[2026-04-29T11:50:09.918+0000] {processor.py:183} INFO - Processing /opt/airflow/dags/flights-pipeline.py took 0.082 seconds
[2026-04-29T11:50:40.150+0000] {processor.py:161} INFO - Started process (PID=271) to work on /opt/airflow/dags/flights-pipeline.py
[2026-04-29T11:50:40.151+0000] {processor.py:830} INFO - Processing file /opt/airflow/dags/flights-pipeline.py for tasks to queue
[2026-04-29T11:50:40.154+0000] {logging_mixin.py:188} INFO - [2026-04-29T11:50:40.153+0000] {dagbag.py:545} INFO - Filling up the DagBag from /opt/airflow/dags/flights-pipeline.py
[2026-04-29T11:50:40.182+0000] {logging_mixin.py:188} INFO - [2026-04-29T11:50:40.176+0000] {dagbag.py:355} ERROR - Failed to import: /opt/airflow/dags/flights-pipeline.py
Traceback (most recent call last):
  File "/home/airflow/.local/lib/python3.12/site-packages/airflow/models/dagbag.py", line 351, in parse
    loader.exec_module(new_module)
  File "<frozen importlib._bootstrap_external>", line 995, in exec_module
  File "<frozen importlib._bootstrap>", line 488, in _call_with_frames_removed
  File "/opt/airflow/dags/flights-pipeline.py", line 12, in <module>
    from scripts.bronze_layer import run_bronze_ingestion
ModuleNotFoundError: No module named 'scripts.bronze_layer'
[2026-04-29T11:50:40.184+0000] {processor.py:842} WARNING - No viable dags retrieved from /opt/airflow/dags/flights-pipeline.py
[2026-04-29T11:50:40.219+0000] {processor.py:183} INFO - Processing /opt/airflow/dags/flights-pipeline.py took 0.078 seconds
[2026-04-29T11:51:10.454+0000] {processor.py:161} INFO - Started process (PID=272) to work on /opt/airflow/dags/flights-pipeline.py
[2026-04-29T11:51:10.457+0000] {processor.py:830} INFO - Processing file /opt/airflow/dags/flights-pipeline.py for tasks to queue
[2026-04-29T11:51:10.461+0000] {logging_mixin.py:188} INFO - [2026-04-29T11:51:10.460+0000] {dagbag.py:545} INFO - Filling up the DagBag from /opt/airflow/dags/flights-pipeline.py
[2026-04-29T11:51:10.537+0000] {logging_mixin.py:188} INFO - [2026-04-29T11:51:10.528+0000] {dagbag.py:355} ERROR - Failed to import: /opt/airflow/dags/flights-pipeline.py
Traceback (most recent call last):
  File "/home/airflow/.local/lib/python3.12/site-packages/airflow/models/dagbag.py", line 351, in parse
    loader.exec_module(new_module)
  File "<frozen importlib._bootstrap_external>", line 995, in exec_module
  File "<frozen importlib._bootstrap>", line 488, in _call_with_frames_removed
  File "/opt/airflow/dags/flights-pipeline.py", line 12, in <module>
    from scripts.bronze_layer import run_bronze_ingestion
ModuleNotFoundError: No module named 'scripts.bronze_layer'
[2026-04-29T11:51:10.539+0000] {processor.py:842} WARNING - No viable dags retrieved from /opt/airflow/dags/flights-pipeline.py
[2026-04-29T11:51:10.580+0000] {processor.py:183} INFO - Processing /opt/airflow/dags/flights-pipeline.py took 0.147 seconds
[2026-04-29T11:51:40.730+0000] {processor.py:161} INFO - Started process (PID=273) to work on /opt/airflow/dags/flights-pipeline.py
[2026-04-29T11:51:40.732+0000] {processor.py:830} INFO - Processing file /opt/airflow/dags/flights-pipeline.py for tasks to queue
[2026-04-29T11:51:40.736+0000] {logging_mixin.py:188} INFO - [2026-04-29T11:51:40.735+0000] {dagbag.py:545} INFO - Filling up the DagBag from /opt/airflow/dags/flights-pipeline.py
[2026-04-29T11:51:40.781+0000] {logging_mixin.py:188} INFO - [2026-04-29T11:51:40.776+0000] {dagbag.py:355} ERROR - Failed to import: /opt/airflow/dags/flights-pipeline.py
Traceback (most recent call last):
  File "/home/airflow/.local/lib/python3.12/site-packages/airflow/models/dagbag.py", line 351, in parse
    loader.exec_module(new_module)
  File "<frozen importlib._bootstrap_external>", line 995, in exec_module
  File "<frozen importlib._bootstrap>", line 488, in _call_with_frames_removed
  File "/opt/airflow/dags/flights-pipeline.py", line 12, in <module>
    from scripts.bronze_layer import run_bronze_ingestion
ModuleNotFoundError: No module named 'scripts.bronze_layer'
[2026-04-29T11:51:40.783+0000] {processor.py:842} WARNING - No viable dags retrieved from /opt/airflow/dags/flights-pipeline.py
[2026-04-29T11:51:40.830+0000] {processor.py:183} INFO - Processing /opt/airflow/dags/flights-pipeline.py took 0.108 seconds
[2026-04-29T11:52:11.315+0000] {processor.py:161} INFO - Started process (PID=274) to work on /opt/airflow/dags/flights-pipeline.py
[2026-04-29T11:52:11.317+0000] {processor.py:830} INFO - Processing file /opt/airflow/dags/flights-pipeline.py for tasks to queue
[2026-04-29T11:52:11.335+0000] {logging_mixin.py:188} INFO - [2026-04-29T11:52:11.334+0000] {dagbag.py:545} INFO - Filling up the DagBag from /opt/airflow/dags/flights-pipeline.py
[2026-04-29T11:52:11.440+0000] {logging_mixin.py:188} INFO - [2026-04-29T11:52:11.395+0000] {dagbag.py:355} ERROR - Failed to import: /opt/airflow/dags/flights-pipeline.py
Traceback (most recent call last):
  File "/home/airflow/.local/lib/python3.12/site-packages/airflow/models/dagbag.py", line 351, in parse
    loader.exec_module(new_module)
  File "<frozen importlib._bootstrap_external>", line 995, in exec_module
  File "<frozen importlib._bootstrap>", line 488, in _call_with_frames_removed
  File "/opt/airflow/dags/flights-pipeline.py", line 12, in <module>
    from scripts.bronze_layer import run_bronze_ingestion
ModuleNotFoundError: No module named 'scripts.bronze_layer'
[2026-04-29T11:52:11.444+0000] {processor.py:842} WARNING - No viable dags retrieved from /opt/airflow/dags/flights-pipeline.py
[2026-04-29T11:52:11.581+0000] {processor.py:183} INFO - Processing /opt/airflow/dags/flights-pipeline.py took 0.301 seconds
[2026-04-29T11:52:42.100+0000] {processor.py:161} INFO - Started process (PID=275) to work on /opt/airflow/dags/flights-pipeline.py
[2026-04-29T11:52:42.102+0000] {processor.py:830} INFO - Processing file /opt/airflow/dags/flights-pipeline.py for tasks to queue
[2026-04-29T11:52:42.109+0000] {logging_mixin.py:188} INFO - [2026-04-29T11:52:42.108+0000] {dagbag.py:545} INFO - Filling up the DagBag from /opt/airflow/dags/flights-pipeline.py
[2026-04-29T11:52:42.188+0000] {logging_mixin.py:188} INFO - [2026-04-29T11:52:42.181+0000] {dagbag.py:355} ERROR - Failed to import: /opt/airflow/dags/flights-pipeline.py
Traceback (most recent call last):
  File "/home/airflow/.local/lib/python3.12/site-packages/airflow/models/dagbag.py", line 351, in parse
    loader.exec_module(new_module)
  File "<frozen importlib._bootstrap_external>", line 995, in exec_module
  File "<frozen importlib._bootstrap>", line 488, in _call_with_frames_removed
  File "/opt/airflow/dags/flights-pipeline.py", line 12, in <module>
    from scripts.bronze_layer import run_bronze_ingestion
ModuleNotFoundError: No module named 'scripts.bronze_layer'
[2026-04-29T11:52:42.192+0000] {processor.py:842} WARNING - No viable dags retrieved from /opt/airflow/dags/flights-pipeline.py
[2026-04-29T11:52:42.281+0000] {processor.py:183} INFO - Processing /opt/airflow/dags/flights-pipeline.py took 0.190 seconds
[2026-04-29T11:53:12.499+0000] {processor.py:161} INFO - Started process (PID=276) to work on /opt/airflow/dags/flights-pipeline.py
[2026-04-29T11:53:12.501+0000] {processor.py:830} INFO - Processing file /opt/airflow/dags/flights-pipeline.py for tasks to queue
[2026-04-29T11:53:12.508+0000] {logging_mixin.py:188} INFO - [2026-04-29T11:53:12.507+0000] {dagbag.py:545} INFO - Filling up the DagBag from /opt/airflow/dags/flights-pipeline.py
[2026-04-29T11:53:12.650+0000] {logging_mixin.py:188} INFO - [2026-04-29T11:53:12.624+0000] {dagbag.py:355} ERROR - Failed to import: /opt/airflow/dags/flights-pipeline.py
Traceback (most recent call last):
  File "/home/airflow/.local/lib/python3.12/site-packages/airflow/models/dagbag.py", line 351, in parse
    loader.exec_module(new_module)
  File "<frozen importlib._bootstrap_external>", line 995, in exec_module
  File "<frozen importlib._bootstrap>", line 488, in _call_with_frames_removed
  File "/opt/airflow/dags/flights-pipeline.py", line 12, in <module>
    from scripts.bronze_layer import run_bronze_ingestion
ModuleNotFoundError: No module named 'scripts.bronze_layer'
[2026-04-29T11:53:12.657+0000] {processor.py:842} WARNING - No viable dags retrieved from /opt/airflow/dags/flights-pipeline.py
[2026-04-29T11:53:12.791+0000] {processor.py:183} INFO - Processing /opt/airflow/dags/flights-pipeline.py took 0.300 seconds
[2026-04-29T11:53:42.970+0000] {processor.py:161} INFO - Started process (PID=277) to work on /opt/airflow/dags/flights-pipeline.py
[2026-04-29T11:53:42.972+0000] {processor.py:830} INFO - Processing file /opt/airflow/dags/flights-pipeline.py for tasks to queue
[2026-04-29T11:53:42.985+0000] {logging_mixin.py:188} INFO - [2026-04-29T11:53:42.984+0000] {dagbag.py:545} INFO - Filling up the DagBag from /opt/airflow/dags/flights-pipeline.py
[2026-04-29T11:53:43.030+0000] {logging_mixin.py:188} INFO - [2026-04-29T11:53:43.023+0000] {dagbag.py:355} ERROR - Failed to import: /opt/airflow/dags/flights-pipeline.py
Traceback (most recent call last):
  File "/home/airflow/.local/lib/python3.12/site-packages/airflow/models/dagbag.py", line 351, in parse
    loader.exec_module(new_module)
  File "<frozen importlib._bootstrap_external>", line 995, in exec_module
  File "<frozen importlib._bootstrap>", line 488, in _call_with_frames_removed
  File "/opt/airflow/dags/flights-pipeline.py", line 12, in <module>
    from scripts.bronze_layer import run_bronze_ingestion
ModuleNotFoundError: No module named 'scripts.bronze_layer'
[2026-04-29T11:53:43.032+0000] {processor.py:842} WARNING - No viable dags retrieved from /opt/airflow/dags/flights-pipeline.py
[2026-04-29T11:53:43.068+0000] {processor.py:183} INFO - Processing /opt/airflow/dags/flights-pipeline.py took 0.108 seconds
[2026-04-29T11:54:13.202+0000] {processor.py:161} INFO - Started process (PID=278) to work on /opt/airflow/dags/flights-pipeline.py
[2026-04-29T11:54:13.204+0000] {processor.py:830} INFO - Processing file /opt/airflow/dags/flights-pipeline.py for tasks to queue
[2026-04-29T11:54:13.209+0000] {logging_mixin.py:188} INFO - [2026-04-29T11:54:13.207+0000] {dagbag.py:545} INFO - Filling up the DagBag from /opt/airflow/dags/flights-pipeline.py
[2026-04-29T11:54:13.257+0000] {logging_mixin.py:188} INFO - [2026-04-29T11:54:13.252+0000] {dagbag.py:355} ERROR - Failed to import: /opt/airflow/dags/flights-pipeline.py
Traceback (most recent call last):
  File "/home/airflow/.local/lib/python3.12/site-packages/airflow/models/dagbag.py", line 351, in parse
    loader.exec_module(new_module)
  File "<frozen importlib._bootstrap_external>", line 995, in exec_module
  File "<frozen importlib._bootstrap>", line 488, in _call_with_frames_removed
  File "/opt/airflow/dags/flights-pipeline.py", line 12, in <module>
    from scripts.bronze_layer import run_bronze_ingestion
ModuleNotFoundError: No module named 'scripts.bronze_layer'
[2026-04-29T11:54:13.260+0000] {processor.py:842} WARNING - No viable dags retrieved from /opt/airflow/dags/flights-pipeline.py
[2026-04-29T11:54:13.300+0000] {processor.py:183} INFO - Processing /opt/airflow/dags/flights-pipeline.py took 0.107 seconds
[2026-04-29T11:54:43.550+0000] {processor.py:161} INFO - Started process (PID=279) to work on /opt/airflow/dags/flights-pipeline.py
[2026-04-29T11:54:43.552+0000] {processor.py:830} INFO - Processing file /opt/airflow/dags/flights-pipeline.py for tasks to queue
[2026-04-29T11:54:43.554+0000] {logging_mixin.py:188} INFO - [2026-04-29T11:54:43.554+0000] {dagbag.py:545} INFO - Filling up the DagBag from /opt/airflow/dags/flights-pipeline.py
[2026-04-29T11:54:43.597+0000] {logging_mixin.py:188} INFO - [2026-04-29T11:54:43.590+0000] {dagbag.py:355} ERROR - Failed to import: /opt/airflow/dags/flights-pipeline.py
Traceback (most recent call last):
  File "/home/airflow/.local/lib/python3.12/site-packages/airflow/models/dagbag.py", line 351, in parse
    loader.exec_module(new_module)
  File "<frozen importlib._bootstrap_external>", line 995, in exec_module
  File "<frozen importlib._bootstrap>", line 488, in _call_with_frames_removed
  File "/opt/airflow/dags/flights-pipeline.py", line 12, in <module>
    from scripts.bronze_layer import run_bronze_ingestion
ModuleNotFoundError: No module named 'scripts.bronze_layer'
[2026-04-29T11:54:43.599+0000] {processor.py:842} WARNING - No viable dags retrieved from /opt/airflow/dags/flights-pipeline.py
[2026-04-29T11:54:43.633+0000] {processor.py:183} INFO - Processing /opt/airflow/dags/flights-pipeline.py took 0.092 seconds
[2026-04-29T11:55:13.863+0000] {processor.py:161} INFO - Started process (PID=280) to work on /opt/airflow/dags/flights-pipeline.py
[2026-04-29T11:55:13.865+0000] {processor.py:830} INFO - Processing file /opt/airflow/dags/flights-pipeline.py for tasks to queue
[2026-04-29T11:55:13.868+0000] {logging_mixin.py:188} INFO - [2026-04-29T11:55:13.867+0000] {dagbag.py:545} INFO - Filling up the DagBag from /opt/airflow/dags/flights-pipeline.py
[2026-04-29T11:55:13.896+0000] {logging_mixin.py:188} INFO - [2026-04-29T11:55:13.891+0000] {dagbag.py:355} ERROR - Failed to import: /opt/airflow/dags/flights-pipeline.py
Traceback (most recent call last):
  File "/home/airflow/.local/lib/python3.12/site-packages/airflow/models/dagbag.py", line 351, in parse
    loader.exec_module(new_module)
  File "<frozen importlib._bootstrap_external>", line 995, in exec_module
  File "<frozen importlib._bootstrap>", line 488, in _call_with_frames_removed
  File "/opt/airflow/dags/flights-pipeline.py", line 12, in <module>
    from scripts.bronze_layer import run_bronze_ingestion
ModuleNotFoundError: No module named 'scripts.bronze_layer'
[2026-04-29T11:55:13.898+0000] {processor.py:842} WARNING - No viable dags retrieved from /opt/airflow/dags/flights-pipeline.py
[2026-04-29T11:55:13.934+0000] {processor.py:183} INFO - Processing /opt/airflow/dags/flights-pipeline.py took 0.079 seconds
[2026-04-29T11:55:44.114+0000] {processor.py:161} INFO - Started process (PID=281) to work on /opt/airflow/dags/flights-pipeline.py
[2026-04-29T11:55:44.116+0000] {processor.py:830} INFO - Processing file /opt/airflow/dags/flights-pipeline.py for tasks to queue
[2026-04-29T11:55:44.119+0000] {logging_mixin.py:188} INFO - [2026-04-29T11:55:44.118+0000] {dagbag.py:545} INFO - Filling up the DagBag from /opt/airflow/dags/flights-pipeline.py
[2026-04-29T11:55:44.144+0000] {logging_mixin.py:188} INFO - [2026-04-29T11:55:44.141+0000] {dagbag.py:355} ERROR - Failed to import: /opt/airflow/dags/flights-pipeline.py
Traceback (most recent call last):
  File "/home/airflow/.local/lib/python3.12/site-packages/airflow/models/dagbag.py", line 351, in parse
    loader.exec_module(new_module)
  File "<frozen importlib._bootstrap_external>", line 995, in exec_module
  File "<frozen importlib._bootstrap>", line 488, in _call_with_frames_removed
  File "/opt/airflow/dags/flights-pipeline.py", line 12, in <module>
    from scripts.bronze_layer import run_bronze_ingestion
ModuleNotFoundError: No module named 'scripts.bronze_layer'
[2026-04-29T11:55:44.146+0000] {processor.py:842} WARNING - No viable dags retrieved from /opt/airflow/dags/flights-pipeline.py
[2026-04-29T11:55:44.179+0000] {processor.py:183} INFO - Processing /opt/airflow/dags/flights-pipeline.py took 0.074 seconds
[2026-04-29T11:56:14.419+0000] {processor.py:161} INFO - Started process (PID=282) to work on /opt/airflow/dags/flights-pipeline.py
[2026-04-29T11:56:14.421+0000] {processor.py:830} INFO - Processing file /opt/airflow/dags/flights-pipeline.py for tasks to queue
[2026-04-29T11:56:14.423+0000] {logging_mixin.py:188} INFO - [2026-04-29T11:56:14.423+0000] {dagbag.py:545} INFO - Filling up the DagBag from /opt/airflow/dags/flights-pipeline.py
[2026-04-29T11:56:14.448+0000] {logging_mixin.py:188} INFO - [2026-04-29T11:56:14.443+0000] {dagbag.py:355} ERROR - Failed to import: /opt/airflow/dags/flights-pipeline.py
Traceback (most recent call last):
  File "/home/airflow/.local/lib/python3.12/site-packages/airflow/models/dagbag.py", line 351, in parse
    loader.exec_module(new_module)
  File "<frozen importlib._bootstrap_external>", line 995, in exec_module
  File "<frozen importlib._bootstrap>", line 488, in _call_with_frames_removed
  File "/opt/airflow/dags/flights-pipeline.py", line 12, in <module>
    from scripts.bronze_layer import run_bronze_ingestion
ModuleNotFoundError: No module named 'scripts.bronze_layer'
[2026-04-29T11:56:14.449+0000] {processor.py:842} WARNING - No viable dags retrieved from /opt/airflow/dags/flights-pipeline.py
[2026-04-29T11:56:14.483+0000] {processor.py:183} INFO - Processing /opt/airflow/dags/flights-pipeline.py took 0.071 seconds
[2026-04-29T11:56:44.699+0000] {processor.py:161} INFO - Started process (PID=283) to work on /opt/airflow/dags/flights-pipeline.py
[2026-04-29T11:56:44.702+0000] {processor.py:830} INFO - Processing file /opt/airflow/dags/flights-pipeline.py for tasks to queue
[2026-04-29T11:56:44.706+0000] {logging_mixin.py:188} INFO - [2026-04-29T11:56:44.706+0000] {dagbag.py:545} INFO - Filling up the DagBag from /opt/airflow/dags/flights-pipeline.py
[2026-04-29T11:56:44.752+0000] {logging_mixin.py:188} INFO - [2026-04-29T11:56:44.747+0000] {dagbag.py:355} ERROR - Failed to import: /opt/airflow/dags/flights-pipeline.py
Traceback (most recent call last):
  File "/home/airflow/.local/lib/python3.12/site-packages/airflow/models/dagbag.py", line 351, in parse
    loader.exec_module(new_module)
  File "<frozen importlib._bootstrap_external>", line 995, in exec_module
  File "<frozen importlib._bootstrap>", line 488, in _call_with_frames_removed
  File "/opt/airflow/dags/flights-pipeline.py", line 12, in <module>
    from scripts.bronze_layer import run_bronze_ingestion
ModuleNotFoundError: No module named 'scripts.bronze_layer'
[2026-04-29T11:56:44.753+0000] {processor.py:842} WARNING - No viable dags retrieved from /opt/airflow/dags/flights-pipeline.py
[2026-04-29T11:56:44.785+0000] {processor.py:183} INFO - Processing /opt/airflow/dags/flights-pipeline.py took 0.103 seconds
[2026-04-29T11:57:14.964+0000] {processor.py:161} INFO - Started process (PID=284) to work on /opt/airflow/dags/flights-pipeline.py
[2026-04-29T11:57:14.965+0000] {processor.py:830} INFO - Processing file /opt/airflow/dags/flights-pipeline.py for tasks to queue
[2026-04-29T11:57:14.969+0000] {logging_mixin.py:188} INFO - [2026-04-29T11:57:14.968+0000] {dagbag.py:545} INFO - Filling up the DagBag from /opt/airflow/dags/flights-pipeline.py
[2026-04-29T11:57:15.001+0000] {logging_mixin.py:188} INFO - [2026-04-29T11:57:14.995+0000] {dagbag.py:355} ERROR - Failed to import: /opt/airflow/dags/flights-pipeline.py
Traceback (most recent call last):
  File "/home/airflow/.local/lib/python3.12/site-packages/airflow/models/dagbag.py", line 351, in parse
    loader.exec_module(new_module)
  File "<frozen importlib._bootstrap_external>", line 995, in exec_module
  File "<frozen importlib._bootstrap>", line 488, in _call_with_frames_removed
  File "/opt/airflow/dags/flights-pipeline.py", line 12, in <module>
    from scripts.bronze_layer import run_bronze_ingestion
ModuleNotFoundError: No module named 'scripts.bronze_layer'
[2026-04-29T11:57:15.003+0000] {processor.py:842} WARNING - No viable dags retrieved from /opt/airflow/dags/flights-pipeline.py
[2026-04-29T11:57:15.039+0000] {processor.py:183} INFO - Processing /opt/airflow/dags/flights-pipeline.py took 0.084 seconds
[2026-04-29T11:57:45.266+0000] {processor.py:161} INFO - Started process (PID=285) to work on /opt/airflow/dags/flights-pipeline.py
[2026-04-29T11:57:45.271+0000] {processor.py:830} INFO - Processing file /opt/airflow/dags/flights-pipeline.py for tasks to queue
[2026-04-29T11:57:45.276+0000] {logging_mixin.py:188} INFO - [2026-04-29T11:57:45.275+0000] {dagbag.py:545} INFO - Filling up the DagBag from /opt/airflow/dags/flights-pipeline.py
[2026-04-29T11:57:45.303+0000] {logging_mixin.py:188} INFO - [2026-04-29T11:57:45.299+0000] {dagbag.py:355} ERROR - Failed to import: /opt/airflow/dags/flights-pipeline.py
Traceback (most recent call last):
  File "/home/airflow/.local/lib/python3.12/site-packages/airflow/models/dagbag.py", line 351, in parse
    loader.exec_module(new_module)
  File "<frozen importlib._bootstrap_external>", line 995, in exec_module
  File "<frozen importlib._bootstrap>", line 488, in _call_with_frames_removed
  File "/opt/airflow/dags/flights-pipeline.py", line 12, in <module>
    from scripts.bronze_layer import run_bronze_ingestion
ModuleNotFoundError: No module named 'scripts.bronze_layer'
[2026-04-29T11:57:45.305+0000] {processor.py:842} WARNING - No viable dags retrieved from /opt/airflow/dags/flights-pipeline.py
[2026-04-29T11:57:45.338+0000] {processor.py:183} INFO - Processing /opt/airflow/dags/flights-pipeline.py took 0.084 seconds
[2026-04-29T11:58:15.502+0000] {processor.py:161} INFO - Started process (PID=286) to work on /opt/airflow/dags/flights-pipeline.py
[2026-04-29T11:58:15.504+0000] {processor.py:830} INFO - Processing file /opt/airflow/dags/flights-pipeline.py for tasks to queue
[2026-04-29T11:58:15.507+0000] {logging_mixin.py:188} INFO - [2026-04-29T11:58:15.506+0000] {dagbag.py:545} INFO - Filling up the DagBag from /opt/airflow/dags/flights-pipeline.py
[2026-04-29T11:58:15.532+0000] {logging_mixin.py:188} INFO - [2026-04-29T11:58:15.529+0000] {dagbag.py:355} ERROR - Failed to import: /opt/airflow/dags/flights-pipeline.py
Traceback (most recent call last):
  File "/home/airflow/.local/lib/python3.12/site-packages/airflow/models/dagbag.py", line 351, in parse
    loader.exec_module(new_module)
  File "<frozen importlib._bootstrap_external>", line 995, in exec_module
  File "<frozen importlib._bootstrap>", line 488, in _call_with_frames_removed
  File "/opt/airflow/dags/flights-pipeline.py", line 12, in <module>
    from scripts.bronze_layer import run_bronze_ingestion
ModuleNotFoundError: No module named 'scripts.bronze_layer'
[2026-04-29T11:58:15.534+0000] {processor.py:842} WARNING - No viable dags retrieved from /opt/airflow/dags/flights-pipeline.py
[2026-04-29T11:58:15.569+0000] {processor.py:183} INFO - Processing /opt/airflow/dags/flights-pipeline.py took 0.075 seconds
[2026-04-29T11:58:45.840+0000] {processor.py:161} INFO - Started process (PID=287) to work on /opt/airflow/dags/flights-pipeline.py
[2026-04-29T11:58:45.842+0000] {processor.py:830} INFO - Processing file /opt/airflow/dags/flights-pipeline.py for tasks to queue
[2026-04-29T11:58:45.845+0000] {logging_mixin.py:188} INFO - [2026-04-29T11:58:45.844+0000] {dagbag.py:545} INFO - Filling up the DagBag from /opt/airflow/dags/flights-pipeline.py
[2026-04-29T11:58:45.874+0000] {logging_mixin.py:188} INFO - [2026-04-29T11:58:45.869+0000] {dagbag.py:355} ERROR - Failed to import: /opt/airflow/dags/flights-pipeline.py
Traceback (most recent call last):
  File "/home/airflow/.local/lib/python3.12/site-packages/airflow/models/dagbag.py", line 351, in parse
    loader.exec_module(new_module)
  File "<frozen importlib._bootstrap_external>", line 995, in exec_module
  File "<frozen importlib._bootstrap>", line 488, in _call_with_frames_removed
  File "/opt/airflow/dags/flights-pipeline.py", line 12, in <module>
    from scripts.bronze_layer import run_bronze_ingestion
ModuleNotFoundError: No module named 'scripts.bronze_layer'
[2026-04-29T11:58:45.876+0000] {processor.py:842} WARNING - No viable dags retrieved from /opt/airflow/dags/flights-pipeline.py
[2026-04-29T11:58:45.921+0000] {processor.py:183} INFO - Processing /opt/airflow/dags/flights-pipeline.py took 0.100 seconds
[2026-04-29T11:59:16.757+0000] {processor.py:161} INFO - Started process (PID=288) to work on /opt/airflow/dags/flights-pipeline.py
[2026-04-29T11:59:16.797+0000] {processor.py:830} INFO - Processing file /opt/airflow/dags/flights-pipeline.py for tasks to queue
[2026-04-29T11:59:16.885+0000] {logging_mixin.py:188} INFO - [2026-04-29T11:59:16.877+0000] {dagbag.py:545} INFO - Filling up the DagBag from /opt/airflow/dags/flights-pipeline.py
[2026-04-29T11:59:17.080+0000] {logging_mixin.py:188} INFO - [2026-04-29T11:59:17.025+0000] {dagbag.py:355} ERROR - Failed to import: /opt/airflow/dags/flights-pipeline.py
Traceback (most recent call last):
  File "/home/airflow/.local/lib/python3.12/site-packages/airflow/models/dagbag.py", line 351, in parse
    loader.exec_module(new_module)
  File "<frozen importlib._bootstrap_external>", line 995, in exec_module
  File "<frozen importlib._bootstrap>", line 488, in _call_with_frames_removed
  File "/opt/airflow/dags/flights-pipeline.py", line 12, in <module>
    from scripts.bronze_layer import run_bronze_ingestion
ModuleNotFoundError: No module named 'scripts.bronze_layer'
[2026-04-29T11:59:17.085+0000] {processor.py:842} WARNING - No viable dags retrieved from /opt/airflow/dags/flights-pipeline.py
[2026-04-29T11:59:17.673+0000] {processor.py:183} INFO - Processing /opt/airflow/dags/flights-pipeline.py took 1.348 seconds
[2026-04-29T11:59:48.069+0000] {processor.py:161} INFO - Started process (PID=289) to work on /opt/airflow/dags/flights-pipeline.py
[2026-04-29T11:59:48.071+0000] {processor.py:830} INFO - Processing file /opt/airflow/dags/flights-pipeline.py for tasks to queue
[2026-04-29T11:59:48.074+0000] {logging_mixin.py:188} INFO - [2026-04-29T11:59:48.073+0000] {dagbag.py:545} INFO - Filling up the DagBag from /opt/airflow/dags/flights-pipeline.py
[2026-04-29T11:59:48.180+0000] {logging_mixin.py:188} INFO - [2026-04-29T11:59:48.151+0000] {dagbag.py:355} ERROR - Failed to import: /opt/airflow/dags/flights-pipeline.py
Traceback (most recent call last):
  File "/home/airflow/.local/lib/python3.12/site-packages/airflow/models/dagbag.py", line 351, in parse
    loader.exec_module(new_module)
  File "<frozen importlib._bootstrap_external>", line 995, in exec_module
  File "<frozen importlib._bootstrap>", line 488, in _call_with_frames_removed
  File "/opt/airflow/dags/flights-pipeline.py", line 12, in <module>
    from scripts.bronze_layer import run_bronze_ingestion
ModuleNotFoundError: No module named 'scripts.bronze_layer'
[2026-04-29T11:59:48.184+0000] {processor.py:842} WARNING - No viable dags retrieved from /opt/airflow/dags/flights-pipeline.py
[2026-04-29T11:59:48.286+0000] {processor.py:183} INFO - Processing /opt/airflow/dags/flights-pipeline.py took 0.228 seconds
[2026-04-29T12:00:18.468+0000] {processor.py:161} INFO - Started process (PID=290) to work on /opt/airflow/dags/flights-pipeline.py
[2026-04-29T12:00:18.471+0000] {processor.py:830} INFO - Processing file /opt/airflow/dags/flights-pipeline.py for tasks to queue
[2026-04-29T12:00:18.495+0000] {logging_mixin.py:188} INFO - [2026-04-29T12:00:18.493+0000] {dagbag.py:545} INFO - Filling up the DagBag from /opt/airflow/dags/flights-pipeline.py
[2026-04-29T12:00:18.570+0000] {logging_mixin.py:188} INFO - [2026-04-29T12:00:18.564+0000] {dagbag.py:355} ERROR - Failed to import: /opt/airflow/dags/flights-pipeline.py
Traceback (most recent call last):
  File "/home/airflow/.local/lib/python3.12/site-packages/airflow/models/dagbag.py", line 351, in parse
    loader.exec_module(new_module)
  File "<frozen importlib._bootstrap_external>", line 995, in exec_module
  File "<frozen importlib._bootstrap>", line 488, in _call_with_frames_removed
  File "/opt/airflow/dags/flights-pipeline.py", line 12, in <module>
    from scripts.bronze_layer import run_bronze_ingestion
ModuleNotFoundError: No module named 'scripts.bronze_layer'
[2026-04-29T12:00:18.581+0000] {processor.py:842} WARNING - No viable dags retrieved from /opt/airflow/dags/flights-pipeline.py
[2026-04-29T12:00:18.657+0000] {processor.py:183} INFO - Processing /opt/airflow/dags/flights-pipeline.py took 0.212 seconds
[2026-04-29T12:00:49.019+0000] {processor.py:161} INFO - Started process (PID=291) to work on /opt/airflow/dags/flights-pipeline.py
[2026-04-29T12:00:49.023+0000] {processor.py:830} INFO - Processing file /opt/airflow/dags/flights-pipeline.py for tasks to queue
[2026-04-29T12:00:49.035+0000] {logging_mixin.py:188} INFO - [2026-04-29T12:00:49.033+0000] {dagbag.py:545} INFO - Filling up the DagBag from /opt/airflow/dags/flights-pipeline.py
[2026-04-29T12:00:49.095+0000] {logging_mixin.py:188} INFO - [2026-04-29T12:00:49.080+0000] {dagbag.py:355} ERROR - Failed to import: /opt/airflow/dags/flights-pipeline.py
Traceback (most recent call last):
  File "/home/airflow/.local/lib/python3.12/site-packages/airflow/models/dagbag.py", line 351, in parse
    loader.exec_module(new_module)
  File "<frozen importlib._bootstrap_external>", line 995, in exec_module
  File "<frozen importlib._bootstrap>", line 488, in _call_with_frames_removed
  File "/opt/airflow/dags/flights-pipeline.py", line 12, in <module>
    from scripts.bronze_layer import run_bronze_ingestion
ModuleNotFoundError: No module named 'scripts.bronze_layer'
[2026-04-29T12:00:49.098+0000] {processor.py:842} WARNING - No viable dags retrieved from /opt/airflow/dags/flights-pipeline.py
[2026-04-29T12:00:49.149+0000] {processor.py:183} INFO - Processing /opt/airflow/dags/flights-pipeline.py took 0.137 seconds
[2026-04-29T12:01:19.531+0000] {processor.py:161} INFO - Started process (PID=292) to work on /opt/airflow/dags/flights-pipeline.py
[2026-04-29T12:01:19.534+0000] {processor.py:830} INFO - Processing file /opt/airflow/dags/flights-pipeline.py for tasks to queue
[2026-04-29T12:01:19.563+0000] {logging_mixin.py:188} INFO - [2026-04-29T12:01:19.563+0000] {dagbag.py:545} INFO - Filling up the DagBag from /opt/airflow/dags/flights-pipeline.py
[2026-04-29T12:01:19.674+0000] {logging_mixin.py:188} INFO - [2026-04-29T12:01:19.649+0000] {dagbag.py:355} ERROR - Failed to import: /opt/airflow/dags/flights-pipeline.py
Traceback (most recent call last):
  File "/home/airflow/.local/lib/python3.12/site-packages/airflow/models/dagbag.py", line 351, in parse
    loader.exec_module(new_module)
  File "<frozen importlib._bootstrap_external>", line 995, in exec_module
  File "<frozen importlib._bootstrap>", line 488, in _call_with_frames_removed
  File "/opt/airflow/dags/flights-pipeline.py", line 12, in <module>
    from scripts.bronze_layer import run_bronze_ingestion
ModuleNotFoundError: No module named 'scripts.bronze_layer'
[2026-04-29T12:01:19.679+0000] {processor.py:842} WARNING - No viable dags retrieved from /opt/airflow/dags/flights-pipeline.py
[2026-04-29T12:01:19.823+0000] {processor.py:183} INFO - Processing /opt/airflow/dags/flights-pipeline.py took 0.359 seconds
[2026-04-29T12:01:49.945+0000] {processor.py:161} INFO - Started process (PID=293) to work on /opt/airflow/dags/flights-pipeline.py
[2026-04-29T12:01:49.948+0000] {processor.py:830} INFO - Processing file /opt/airflow/dags/flights-pipeline.py for tasks to queue
[2026-04-29T12:01:49.954+0000] {logging_mixin.py:188} INFO - [2026-04-29T12:01:49.953+0000] {dagbag.py:545} INFO - Filling up the DagBag from /opt/airflow/dags/flights-pipeline.py
[2026-04-29T12:01:50.011+0000] {logging_mixin.py:188} INFO - [2026-04-29T12:01:49.998+0000] {dagbag.py:355} ERROR - Failed to import: /opt/airflow/dags/flights-pipeline.py
Traceback (most recent call last):
  File "/home/airflow/.local/lib/python3.12/site-packages/airflow/models/dagbag.py", line 351, in parse
    loader.exec_module(new_module)
  File "<frozen importlib._bootstrap_external>", line 995, in exec_module
  File "<frozen importlib._bootstrap>", line 488, in _call_with_frames_removed
  File "/opt/airflow/dags/flights-pipeline.py", line 12, in <module>
    from scripts.bronze_layer import run_bronze_ingestion
ModuleNotFoundError: No module named 'scripts.bronze_layer'
[2026-04-29T12:01:50.014+0000] {processor.py:842} WARNING - No viable dags retrieved from /opt/airflow/dags/flights-pipeline.py
[2026-04-29T12:01:50.084+0000] {processor.py:183} INFO - Processing /opt/airflow/dags/flights-pipeline.py took 0.158 seconds
[2026-04-29T12:02:20.316+0000] {processor.py:161} INFO - Started process (PID=294) to work on /opt/airflow/dags/flights-pipeline.py
[2026-04-29T12:02:20.318+0000] {processor.py:830} INFO - Processing file /opt/airflow/dags/flights-pipeline.py for tasks to queue
[2026-04-29T12:02:20.322+0000] {logging_mixin.py:188} INFO - [2026-04-29T12:02:20.321+0000] {dagbag.py:545} INFO - Filling up the DagBag from /opt/airflow/dags/flights-pipeline.py
[2026-04-29T12:02:20.370+0000] {logging_mixin.py:188} INFO - [2026-04-29T12:02:20.356+0000] {dagbag.py:355} ERROR - Failed to import: /opt/airflow/dags/flights-pipeline.py
Traceback (most recent call last):
  File "/home/airflow/.local/lib/python3.12/site-packages/airflow/models/dagbag.py", line 351, in parse
    loader.exec_module(new_module)
  File "<frozen importlib._bootstrap_external>", line 995, in exec_module
  File "<frozen importlib._bootstrap>", line 488, in _call_with_frames_removed
  File "/opt/airflow/dags/flights-pipeline.py", line 12, in <module>
    from scripts.bronze_layer import run_bronze_ingestion
ModuleNotFoundError: No module named 'scripts.bronze_layer'
[2026-04-29T12:02:20.375+0000] {processor.py:842} WARNING - No viable dags retrieved from /opt/airflow/dags/flights-pipeline.py
[2026-04-29T12:02:20.429+0000] {processor.py:183} INFO - Processing /opt/airflow/dags/flights-pipeline.py took 0.138 seconds
[2026-04-29T12:02:50.858+0000] {processor.py:161} INFO - Started process (PID=295) to work on /opt/airflow/dags/flights-pipeline.py
[2026-04-29T12:02:50.860+0000] {processor.py:830} INFO - Processing file /opt/airflow/dags/flights-pipeline.py for tasks to queue
[2026-04-29T12:02:50.864+0000] {logging_mixin.py:188} INFO - [2026-04-29T12:02:50.863+0000] {dagbag.py:545} INFO - Filling up the DagBag from /opt/airflow/dags/flights-pipeline.py
[2026-04-29T12:02:50.924+0000] {logging_mixin.py:188} INFO - [2026-04-29T12:02:50.916+0000] {dagbag.py:355} ERROR - Failed to import: /opt/airflow/dags/flights-pipeline.py
Traceback (most recent call last):
  File "/home/airflow/.local/lib/python3.12/site-packages/airflow/models/dagbag.py", line 351, in parse
    loader.exec_module(new_module)
  File "<frozen importlib._bootstrap_external>", line 995, in exec_module
  File "<frozen importlib._bootstrap>", line 488, in _call_with_frames_removed
  File "/opt/airflow/dags/flights-pipeline.py", line 12, in <module>
    from scripts.bronze_layer import run_bronze_ingestion
ModuleNotFoundError: No module named 'scripts.bronze_layer'
[2026-04-29T12:02:50.925+0000] {processor.py:842} WARNING - No viable dags retrieved from /opt/airflow/dags/flights-pipeline.py
[2026-04-29T12:02:51.031+0000] {processor.py:183} INFO - Processing /opt/airflow/dags/flights-pipeline.py took 0.185 seconds
[2026-04-29T12:03:21.274+0000] {processor.py:161} INFO - Started process (PID=296) to work on /opt/airflow/dags/flights-pipeline.py
[2026-04-29T12:03:21.278+0000] {processor.py:830} INFO - Processing file /opt/airflow/dags/flights-pipeline.py for tasks to queue
[2026-04-29T12:03:21.286+0000] {logging_mixin.py:188} INFO - [2026-04-29T12:03:21.286+0000] {dagbag.py:545} INFO - Filling up the DagBag from /opt/airflow/dags/flights-pipeline.py
[2026-04-29T12:03:21.343+0000] {logging_mixin.py:188} INFO - [2026-04-29T12:03:21.337+0000] {dagbag.py:355} ERROR - Failed to import: /opt/airflow/dags/flights-pipeline.py
Traceback (most recent call last):
  File "/home/airflow/.local/lib/python3.12/site-packages/airflow/models/dagbag.py", line 351, in parse
    loader.exec_module(new_module)
  File "<frozen importlib._bootstrap_external>", line 995, in exec_module
  File "<frozen importlib._bootstrap>", line 488, in _call_with_frames_removed
  File "/opt/airflow/dags/flights-pipeline.py", line 12, in <module>
    from scripts.bronze_layer import run_bronze_ingestion
ModuleNotFoundError: No module named 'scripts.bronze_layer'
[2026-04-29T12:03:21.345+0000] {processor.py:842} WARNING - No viable dags retrieved from /opt/airflow/dags/flights-pipeline.py
[2026-04-29T12:03:21.411+0000] {processor.py:183} INFO - Processing /opt/airflow/dags/flights-pipeline.py took 0.163 seconds
[2026-04-29T12:03:51.781+0000] {processor.py:161} INFO - Started process (PID=297) to work on /opt/airflow/dags/flights-pipeline.py
[2026-04-29T12:03:51.784+0000] {processor.py:830} INFO - Processing file /opt/airflow/dags/flights-pipeline.py for tasks to queue
[2026-04-29T12:03:51.799+0000] {logging_mixin.py:188} INFO - [2026-04-29T12:03:51.790+0000] {dagbag.py:545} INFO - Filling up the DagBag from /opt/airflow/dags/flights-pipeline.py
[2026-04-29T12:03:51.910+0000] {logging_mixin.py:188} INFO - [2026-04-29T12:03:51.886+0000] {dagbag.py:355} ERROR - Failed to import: /opt/airflow/dags/flights-pipeline.py
Traceback (most recent call last):
  File "/home/airflow/.local/lib/python3.12/site-packages/airflow/models/dagbag.py", line 351, in parse
    loader.exec_module(new_module)
  File "<frozen importlib._bootstrap_external>", line 995, in exec_module
  File "<frozen importlib._bootstrap>", line 488, in _call_with_frames_removed
  File "/opt/airflow/dags/flights-pipeline.py", line 12, in <module>
    from scripts.bronze_layer import run_bronze_ingestion
ModuleNotFoundError: No module named 'scripts.bronze_layer'
[2026-04-29T12:03:51.927+0000] {processor.py:842} WARNING - No viable dags retrieved from /opt/airflow/dags/flights-pipeline.py
[2026-04-29T12:03:52.010+0000] {processor.py:183} INFO - Processing /opt/airflow/dags/flights-pipeline.py took 0.252 seconds
[2026-04-29T12:04:22.239+0000] {processor.py:161} INFO - Started process (PID=298) to work on /opt/airflow/dags/flights-pipeline.py
[2026-04-29T12:04:22.241+0000] {processor.py:830} INFO - Processing file /opt/airflow/dags/flights-pipeline.py for tasks to queue
[2026-04-29T12:04:22.253+0000] {logging_mixin.py:188} INFO - [2026-04-29T12:04:22.250+0000] {dagbag.py:545} INFO - Filling up the DagBag from /opt/airflow/dags/flights-pipeline.py
[2026-04-29T12:04:22.300+0000] {logging_mixin.py:188} INFO - [2026-04-29T12:04:22.285+0000] {dagbag.py:355} ERROR - Failed to import: /opt/airflow/dags/flights-pipeline.py
Traceback (most recent call last):
  File "/home/airflow/.local/lib/python3.12/site-packages/airflow/models/dagbag.py", line 351, in parse
    loader.exec_module(new_module)
  File "<frozen importlib._bootstrap_external>", line 995, in exec_module
  File "<frozen importlib._bootstrap>", line 488, in _call_with_frames_removed
  File "/opt/airflow/dags/flights-pipeline.py", line 12, in <module>
    from scripts.bronze_layer import run_bronze_ingestion
ModuleNotFoundError: No module named 'scripts.bronze_layer'
[2026-04-29T12:04:22.304+0000] {processor.py:842} WARNING - No viable dags retrieved from /opt/airflow/dags/flights-pipeline.py
[2026-04-29T12:04:22.373+0000] {processor.py:183} INFO - Processing /opt/airflow/dags/flights-pipeline.py took 0.143 seconds
[2026-04-29T12:04:52.751+0000] {processor.py:161} INFO - Started process (PID=299) to work on /opt/airflow/dags/flights-pipeline.py
[2026-04-29T12:04:52.754+0000] {processor.py:830} INFO - Processing file /opt/airflow/dags/flights-pipeline.py for tasks to queue
[2026-04-29T12:04:52.758+0000] {logging_mixin.py:188} INFO - [2026-04-29T12:04:52.757+0000] {dagbag.py:545} INFO - Filling up the DagBag from /opt/airflow/dags/flights-pipeline.py
[2026-04-29T12:04:52.805+0000] {logging_mixin.py:188} INFO - [2026-04-29T12:04:52.799+0000] {dagbag.py:355} ERROR - Failed to import: /opt/airflow/dags/flights-pipeline.py
Traceback (most recent call last):
  File "/home/airflow/.local/lib/python3.12/site-packages/airflow/models/dagbag.py", line 351, in parse
    loader.exec_module(new_module)
  File "<frozen importlib._bootstrap_external>", line 995, in exec_module
  File "<frozen importlib._bootstrap>", line 488, in _call_with_frames_removed
  File "/opt/airflow/dags/flights-pipeline.py", line 12, in <module>
    from scripts.bronze_layer import run_bronze_ingestion
ModuleNotFoundError: No module named 'scripts.bronze_layer'
[2026-04-29T12:04:52.806+0000] {processor.py:842} WARNING - No viable dags retrieved from /opt/airflow/dags/flights-pipeline.py
[2026-04-29T12:04:52.868+0000] {processor.py:183} INFO - Processing /opt/airflow/dags/flights-pipeline.py took 0.136 seconds
[2026-04-29T12:05:23.099+0000] {processor.py:161} INFO - Started process (PID=300) to work on /opt/airflow/dags/flights-pipeline.py
[2026-04-29T12:05:23.102+0000] {processor.py:830} INFO - Processing file /opt/airflow/dags/flights-pipeline.py for tasks to queue
[2026-04-29T12:05:23.106+0000] {logging_mixin.py:188} INFO - [2026-04-29T12:05:23.105+0000] {dagbag.py:545} INFO - Filling up the DagBag from /opt/airflow/dags/flights-pipeline.py
[2026-04-29T12:05:23.166+0000] {logging_mixin.py:188} INFO - [2026-04-29T12:05:23.160+0000] {dagbag.py:355} ERROR - Failed to import: /opt/airflow/dags/flights-pipeline.py
Traceback (most recent call last):
  File "/home/airflow/.local/lib/python3.12/site-packages/airflow/models/dagbag.py", line 351, in parse
    loader.exec_module(new_module)
  File "<frozen importlib._bootstrap_external>", line 995, in exec_module
  File "<frozen importlib._bootstrap>", line 488, in _call_with_frames_removed
  File "/opt/airflow/dags/flights-pipeline.py", line 12, in <module>
    from scripts.bronze_layer import run_bronze_ingestion
ModuleNotFoundError: No module named 'scripts.bronze_layer'
[2026-04-29T12:05:23.168+0000] {processor.py:842} WARNING - No viable dags retrieved from /opt/airflow/dags/flights-pipeline.py
[2026-04-29T12:05:23.225+0000] {processor.py:183} INFO - Processing /opt/airflow/dags/flights-pipeline.py took 0.147 seconds
[2026-04-29T12:05:53.633+0000] {processor.py:161} INFO - Started process (PID=301) to work on /opt/airflow/dags/flights-pipeline.py
[2026-04-29T12:05:53.636+0000] {processor.py:830} INFO - Processing file /opt/airflow/dags/flights-pipeline.py for tasks to queue
[2026-04-29T12:05:53.642+0000] {logging_mixin.py:188} INFO - [2026-04-29T12:05:53.641+0000] {dagbag.py:545} INFO - Filling up the DagBag from /opt/airflow/dags/flights-pipeline.py
[2026-04-29T12:05:53.692+0000] {logging_mixin.py:188} INFO - [2026-04-29T12:05:53.676+0000] {dagbag.py:355} ERROR - Failed to import: /opt/airflow/dags/flights-pipeline.py
Traceback (most recent call last):
  File "/home/airflow/.local/lib/python3.12/site-packages/airflow/models/dagbag.py", line 351, in parse
    loader.exec_module(new_module)
  File "<frozen importlib._bootstrap_external>", line 995, in exec_module
  File "<frozen importlib._bootstrap>", line 488, in _call_with_frames_removed
  File "/opt/airflow/dags/flights-pipeline.py", line 12, in <module>
    from scripts.bronze_layer import run_bronze_ingestion
ModuleNotFoundError: No module named 'scripts.bronze_layer'
[2026-04-29T12:05:53.696+0000] {processor.py:842} WARNING - No viable dags retrieved from /opt/airflow/dags/flights-pipeline.py
[2026-04-29T12:05:53.756+0000] {processor.py:183} INFO - Processing /opt/airflow/dags/flights-pipeline.py took 0.142 seconds
[2026-04-29T12:06:23.834+0000] {processor.py:161} INFO - Started process (PID=302) to work on /opt/airflow/dags/flights-pipeline.py
[2026-04-29T12:06:23.836+0000] {processor.py:830} INFO - Processing file /opt/airflow/dags/flights-pipeline.py for tasks to queue
[2026-04-29T12:06:23.839+0000] {logging_mixin.py:188} INFO - [2026-04-29T12:06:23.839+0000] {dagbag.py:545} INFO - Filling up the DagBag from /opt/airflow/dags/flights-pipeline.py
[2026-04-29T12:06:23.868+0000] {logging_mixin.py:188} INFO - [2026-04-29T12:06:23.864+0000] {dagbag.py:355} ERROR - Failed to import: /opt/airflow/dags/flights-pipeline.py
Traceback (most recent call last):
  File "/home/airflow/.local/lib/python3.12/site-packages/airflow/models/dagbag.py", line 351, in parse
    loader.exec_module(new_module)
  File "<frozen importlib._bootstrap_external>", line 995, in exec_module
  File "<frozen importlib._bootstrap>", line 488, in _call_with_frames_removed
  File "/opt/airflow/dags/flights-pipeline.py", line 12, in <module>
    from scripts.bronze_layer import run_bronze_ingestion
ModuleNotFoundError: No module named 'scripts.bronze_layer'
[2026-04-29T12:06:23.870+0000] {processor.py:842} WARNING - No viable dags retrieved from /opt/airflow/dags/flights-pipeline.py
[2026-04-29T12:06:23.911+0000] {processor.py:183} INFO - Processing /opt/airflow/dags/flights-pipeline.py took 0.086 seconds
[2026-04-29T12:06:54.055+0000] {processor.py:161} INFO - Started process (PID=303) to work on /opt/airflow/dags/flights-pipeline.py
[2026-04-29T12:06:54.057+0000] {processor.py:830} INFO - Processing file /opt/airflow/dags/flights-pipeline.py for tasks to queue
[2026-04-29T12:06:54.060+0000] {logging_mixin.py:188} INFO - [2026-04-29T12:06:54.059+0000] {dagbag.py:545} INFO - Filling up the DagBag from /opt/airflow/dags/flights-pipeline.py
[2026-04-29T12:06:54.094+0000] {logging_mixin.py:188} INFO - [2026-04-29T12:06:54.088+0000] {dagbag.py:355} ERROR - Failed to import: /opt/airflow/dags/flights-pipeline.py
Traceback (most recent call last):
  File "/home/airflow/.local/lib/python3.12/site-packages/airflow/models/dagbag.py", line 351, in parse
    loader.exec_module(new_module)
  File "<frozen importlib._bootstrap_external>", line 995, in exec_module
  File "<frozen importlib._bootstrap>", line 488, in _call_with_frames_removed
  File "/opt/airflow/dags/flights-pipeline.py", line 12, in <module>
    from scripts.bronze_layer import run_bronze_ingestion
ModuleNotFoundError: No module named 'scripts.bronze_layer'
[2026-04-29T12:06:54.095+0000] {processor.py:842} WARNING - No viable dags retrieved from /opt/airflow/dags/flights-pipeline.py
[2026-04-29T12:06:54.134+0000] {processor.py:183} INFO - Processing /opt/airflow/dags/flights-pipeline.py took 0.086 seconds
[2026-04-29T12:07:24.399+0000] {processor.py:161} INFO - Started process (PID=304) to work on /opt/airflow/dags/flights-pipeline.py
[2026-04-29T12:07:24.401+0000] {processor.py:830} INFO - Processing file /opt/airflow/dags/flights-pipeline.py for tasks to queue
[2026-04-29T12:07:24.405+0000] {logging_mixin.py:188} INFO - [2026-04-29T12:07:24.404+0000] {dagbag.py:545} INFO - Filling up the DagBag from /opt/airflow/dags/flights-pipeline.py
[2026-04-29T12:07:24.456+0000] {logging_mixin.py:188} INFO - [2026-04-29T12:07:24.449+0000] {dagbag.py:355} ERROR - Failed to import: /opt/airflow/dags/flights-pipeline.py
Traceback (most recent call last):
  File "/home/airflow/.local/lib/python3.12/site-packages/airflow/models/dagbag.py", line 351, in parse
    loader.exec_module(new_module)
  File "<frozen importlib._bootstrap_external>", line 995, in exec_module
  File "<frozen importlib._bootstrap>", line 488, in _call_with_frames_removed
  File "/opt/airflow/dags/flights-pipeline.py", line 12, in <module>
    from scripts.bronze_layer import run_bronze_ingestion
ModuleNotFoundError: No module named 'scripts.bronze_layer'
[2026-04-29T12:07:24.457+0000] {processor.py:842} WARNING - No viable dags retrieved from /opt/airflow/dags/flights-pipeline.py
[2026-04-29T12:07:24.504+0000] {processor.py:183} INFO - Processing /opt/airflow/dags/flights-pipeline.py took 0.113 seconds
[2026-04-29T12:07:54.683+0000] {processor.py:161} INFO - Started process (PID=305) to work on /opt/airflow/dags/flights-pipeline.py
[2026-04-29T12:07:54.686+0000] {processor.py:830} INFO - Processing file /opt/airflow/dags/flights-pipeline.py for tasks to queue
[2026-04-29T12:07:54.689+0000] {logging_mixin.py:188} INFO - [2026-04-29T12:07:54.689+0000] {dagbag.py:545} INFO - Filling up the DagBag from /opt/airflow/dags/flights-pipeline.py
[2026-04-29T12:07:54.723+0000] {logging_mixin.py:188} INFO - [2026-04-29T12:07:54.714+0000] {dagbag.py:355} ERROR - Failed to import: /opt/airflow/dags/flights-pipeline.py
Traceback (most recent call last):
  File "/home/airflow/.local/lib/python3.12/site-packages/airflow/models/dagbag.py", line 351, in parse
    loader.exec_module(new_module)
  File "<frozen importlib._bootstrap_external>", line 995, in exec_module
  File "<frozen importlib._bootstrap>", line 488, in _call_with_frames_removed
  File "/opt/airflow/dags/flights-pipeline.py", line 12, in <module>
    from scripts.bronze_layer import run_bronze_ingestion
ModuleNotFoundError: No module named 'scripts.bronze_layer'
[2026-04-29T12:07:54.725+0000] {processor.py:842} WARNING - No viable dags retrieved from /opt/airflow/dags/flights-pipeline.py
[2026-04-29T12:07:54.769+0000] {processor.py:183} INFO - Processing /opt/airflow/dags/flights-pipeline.py took 0.095 seconds
[2026-04-29T12:08:25.017+0000] {processor.py:161} INFO - Started process (PID=306) to work on /opt/airflow/dags/flights-pipeline.py
[2026-04-29T12:08:25.019+0000] {processor.py:830} INFO - Processing file /opt/airflow/dags/flights-pipeline.py for tasks to queue
[2026-04-29T12:08:25.023+0000] {logging_mixin.py:188} INFO - [2026-04-29T12:08:25.023+0000] {dagbag.py:545} INFO - Filling up the DagBag from /opt/airflow/dags/flights-pipeline.py
[2026-04-29T12:08:25.054+0000] {logging_mixin.py:188} INFO - [2026-04-29T12:08:25.050+0000] {dagbag.py:355} ERROR - Failed to import: /opt/airflow/dags/flights-pipeline.py
Traceback (most recent call last):
  File "/home/airflow/.local/lib/python3.12/site-packages/airflow/models/dagbag.py", line 351, in parse
    loader.exec_module(new_module)
  File "<frozen importlib._bootstrap_external>", line 995, in exec_module
  File "<frozen importlib._bootstrap>", line 488, in _call_with_frames_removed
  File "/opt/airflow/dags/flights-pipeline.py", line 12, in <module>
    from scripts.bronze_layer import run_bronze_ingestion
ModuleNotFoundError: No module named 'scripts.bronze_layer'
[2026-04-29T12:08:25.056+0000] {processor.py:842} WARNING - No viable dags retrieved from /opt/airflow/dags/flights-pipeline.py
[2026-04-29T12:08:25.092+0000] {processor.py:183} INFO - Processing /opt/airflow/dags/flights-pipeline.py took 0.083 seconds
[2026-04-29T12:08:55.269+0000] {processor.py:161} INFO - Started process (PID=307) to work on /opt/airflow/dags/flights-pipeline.py
[2026-04-29T12:08:55.271+0000] {processor.py:830} INFO - Processing file /opt/airflow/dags/flights-pipeline.py for tasks to queue
[2026-04-29T12:08:55.275+0000] {logging_mixin.py:188} INFO - [2026-04-29T12:08:55.274+0000] {dagbag.py:545} INFO - Filling up the DagBag from /opt/airflow/dags/flights-pipeline.py
[2026-04-29T12:08:55.322+0000] {logging_mixin.py:188} INFO - [2026-04-29T12:08:55.315+0000] {dagbag.py:355} ERROR - Failed to import: /opt/airflow/dags/flights-pipeline.py
Traceback (most recent call last):
  File "/home/airflow/.local/lib/python3.12/site-packages/airflow/models/dagbag.py", line 351, in parse
    loader.exec_module(new_module)
  File "<frozen importlib._bootstrap_external>", line 995, in exec_module
  File "<frozen importlib._bootstrap>", line 488, in _call_with_frames_removed
  File "/opt/airflow/dags/flights-pipeline.py", line 12, in <module>
    from scripts.bronze_layer import run_bronze_ingestion
ModuleNotFoundError: No module named 'scripts.bronze_layer'
[2026-04-29T12:08:55.324+0000] {processor.py:842} WARNING - No viable dags retrieved from /opt/airflow/dags/flights-pipeline.py
[2026-04-29T12:08:55.358+0000] {processor.py:183} INFO - Processing /opt/airflow/dags/flights-pipeline.py took 0.098 seconds
[2026-04-29T12:09:25.650+0000] {processor.py:161} INFO - Started process (PID=308) to work on /opt/airflow/dags/flights-pipeline.py
[2026-04-29T12:09:25.652+0000] {processor.py:830} INFO - Processing file /opt/airflow/dags/flights-pipeline.py for tasks to queue
[2026-04-29T12:09:25.656+0000] {logging_mixin.py:188} INFO - [2026-04-29T12:09:25.655+0000] {dagbag.py:545} INFO - Filling up the DagBag from /opt/airflow/dags/flights-pipeline.py
[2026-04-29T12:09:25.687+0000] {logging_mixin.py:188} INFO - [2026-04-29T12:09:25.683+0000] {dagbag.py:355} ERROR - Failed to import: /opt/airflow/dags/flights-pipeline.py
Traceback (most recent call last):
  File "/home/airflow/.local/lib/python3.12/site-packages/airflow/models/dagbag.py", line 351, in parse
    loader.exec_module(new_module)
  File "<frozen importlib._bootstrap_external>", line 995, in exec_module
  File "<frozen importlib._bootstrap>", line 488, in _call_with_frames_removed
  File "/opt/airflow/dags/flights-pipeline.py", line 12, in <module>
    from scripts.bronze_layer import run_bronze_ingestion
ModuleNotFoundError: No module named 'scripts.bronze_layer'
[2026-04-29T12:09:25.689+0000] {processor.py:842} WARNING - No viable dags retrieved from /opt/airflow/dags/flights-pipeline.py
[2026-04-29T12:09:25.728+0000] {processor.py:183} INFO - Processing /opt/airflow/dags/flights-pipeline.py took 0.086 seconds
[2026-04-29T12:09:55.906+0000] {processor.py:161} INFO - Started process (PID=309) to work on /opt/airflow/dags/flights-pipeline.py
[2026-04-29T12:09:55.909+0000] {processor.py:830} INFO - Processing file /opt/airflow/dags/flights-pipeline.py for tasks to queue
[2026-04-29T12:09:55.911+0000] {logging_mixin.py:188} INFO - [2026-04-29T12:09:55.911+0000] {dagbag.py:545} INFO - Filling up the DagBag from /opt/airflow/dags/flights-pipeline.py
[2026-04-29T12:09:55.942+0000] {logging_mixin.py:188} INFO - [2026-04-29T12:09:55.936+0000] {dagbag.py:355} ERROR - Failed to import: /opt/airflow/dags/flights-pipeline.py
Traceback (most recent call last):
  File "/home/airflow/.local/lib/python3.12/site-packages/airflow/models/dagbag.py", line 351, in parse
    loader.exec_module(new_module)
  File "<frozen importlib._bootstrap_external>", line 995, in exec_module
  File "<frozen importlib._bootstrap>", line 488, in _call_with_frames_removed
  File "/opt/airflow/dags/flights-pipeline.py", line 12, in <module>
    from scripts.bronze_layer import run_bronze_ingestion
ModuleNotFoundError: No module named 'scripts.bronze_layer'
[2026-04-29T12:09:55.944+0000] {processor.py:842} WARNING - No viable dags retrieved from /opt/airflow/dags/flights-pipeline.py
[2026-04-29T12:09:55.977+0000] {processor.py:183} INFO - Processing /opt/airflow/dags/flights-pipeline.py took 0.081 seconds
[2026-04-29T12:10:26.243+0000] {processor.py:161} INFO - Started process (PID=310) to work on /opt/airflow/dags/flights-pipeline.py
[2026-04-29T12:10:26.244+0000] {processor.py:830} INFO - Processing file /opt/airflow/dags/flights-pipeline.py for tasks to queue
[2026-04-29T12:10:26.247+0000] {logging_mixin.py:188} INFO - [2026-04-29T12:10:26.247+0000] {dagbag.py:545} INFO - Filling up the DagBag from /opt/airflow/dags/flights-pipeline.py
[2026-04-29T12:10:26.279+0000] {logging_mixin.py:188} INFO - [2026-04-29T12:10:26.272+0000] {dagbag.py:355} ERROR - Failed to import: /opt/airflow/dags/flights-pipeline.py
Traceback (most recent call last):
  File "/home/airflow/.local/lib/python3.12/site-packages/airflow/models/dagbag.py", line 351, in parse
    loader.exec_module(new_module)
  File "<frozen importlib._bootstrap_external>", line 995, in exec_module
  File "<frozen importlib._bootstrap>", line 488, in _call_with_frames_removed
  File "/opt/airflow/dags/flights-pipeline.py", line 12, in <module>
    from scripts.bronze_layer import run_bronze_ingestion
ModuleNotFoundError: No module named 'scripts.bronze_layer'
[2026-04-29T12:10:26.282+0000] {processor.py:842} WARNING - No viable dags retrieved from /opt/airflow/dags/flights-pipeline.py
[2026-04-29T12:10:26.330+0000] {processor.py:183} INFO - Processing /opt/airflow/dags/flights-pipeline.py took 0.112 seconds
[2026-04-29T12:10:56.483+0000] {processor.py:161} INFO - Started process (PID=311) to work on /opt/airflow/dags/flights-pipeline.py
[2026-04-29T12:10:56.485+0000] {processor.py:830} INFO - Processing file /opt/airflow/dags/flights-pipeline.py for tasks to queue
[2026-04-29T12:10:56.488+0000] {logging_mixin.py:188} INFO - [2026-04-29T12:10:56.487+0000] {dagbag.py:545} INFO - Filling up the DagBag from /opt/airflow/dags/flights-pipeline.py
[2026-04-29T12:10:56.516+0000] {logging_mixin.py:188} INFO - [2026-04-29T12:10:56.511+0000] {dagbag.py:355} ERROR - Failed to import: /opt/airflow/dags/flights-pipeline.py
Traceback (most recent call last):
  File "/home/airflow/.local/lib/python3.12/site-packages/airflow/models/dagbag.py", line 351, in parse
    loader.exec_module(new_module)
  File "<frozen importlib._bootstrap_external>", line 995, in exec_module
  File "<frozen importlib._bootstrap>", line 488, in _call_with_frames_removed
  File "/opt/airflow/dags/flights-pipeline.py", line 12, in <module>
    from scripts.bronze_layer import run_bronze_ingestion
ModuleNotFoundError: No module named 'scripts.bronze_layer'
[2026-04-29T12:10:56.518+0000] {processor.py:842} WARNING - No viable dags retrieved from /opt/airflow/dags/flights-pipeline.py
[2026-04-29T12:10:56.555+0000] {processor.py:183} INFO - Processing /opt/airflow/dags/flights-pipeline.py took 0.082 seconds
[2026-04-29T12:11:26.816+0000] {processor.py:161} INFO - Started process (PID=312) to work on /opt/airflow/dags/flights-pipeline.py
[2026-04-29T12:11:26.818+0000] {processor.py:830} INFO - Processing file /opt/airflow/dags/flights-pipeline.py for tasks to queue
[2026-04-29T12:11:26.821+0000] {logging_mixin.py:188} INFO - [2026-04-29T12:11:26.820+0000] {dagbag.py:545} INFO - Filling up the DagBag from /opt/airflow/dags/flights-pipeline.py
[2026-04-29T12:11:26.853+0000] {logging_mixin.py:188} INFO - [2026-04-29T12:11:26.848+0000] {dagbag.py:355} ERROR - Failed to import: /opt/airflow/dags/flights-pipeline.py
Traceback (most recent call last):
  File "/home/airflow/.local/lib/python3.12/site-packages/airflow/models/dagbag.py", line 351, in parse
    loader.exec_module(new_module)
  File "<frozen importlib._bootstrap_external>", line 995, in exec_module
  File "<frozen importlib._bootstrap>", line 488, in _call_with_frames_removed
  File "/opt/airflow/dags/flights-pipeline.py", line 12, in <module>
    from scripts.bronze_layer import run_bronze_ingestion
ModuleNotFoundError: No module named 'scripts.bronze_layer'
[2026-04-29T12:11:26.855+0000] {processor.py:842} WARNING - No viable dags retrieved from /opt/airflow/dags/flights-pipeline.py
[2026-04-29T12:11:26.889+0000] {processor.py:183} INFO - Processing /opt/airflow/dags/flights-pipeline.py took 0.083 seconds
[2026-04-29T12:11:57.074+0000] {processor.py:161} INFO - Started process (PID=313) to work on /opt/airflow/dags/flights-pipeline.py
[2026-04-29T12:11:57.078+0000] {processor.py:830} INFO - Processing file /opt/airflow/dags/flights-pipeline.py for tasks to queue
[2026-04-29T12:11:57.082+0000] {logging_mixin.py:188} INFO - [2026-04-29T12:11:57.081+0000] {dagbag.py:545} INFO - Filling up the DagBag from /opt/airflow/dags/flights-pipeline.py
[2026-04-29T12:11:57.114+0000] {logging_mixin.py:188} INFO - [2026-04-29T12:11:57.110+0000] {dagbag.py:355} ERROR - Failed to import: /opt/airflow/dags/flights-pipeline.py
Traceback (most recent call last):
  File "/home/airflow/.local/lib/python3.12/site-packages/airflow/models/dagbag.py", line 351, in parse
    loader.exec_module(new_module)
  File "<frozen importlib._bootstrap_external>", line 995, in exec_module
  File "<frozen importlib._bootstrap>", line 488, in _call_with_frames_removed
  File "/opt/airflow/dags/flights-pipeline.py", line 12, in <module>
    from scripts.bronze_layer import run_bronze_ingestion
ModuleNotFoundError: No module named 'scripts.bronze_layer'
[2026-04-29T12:11:57.115+0000] {processor.py:842} WARNING - No viable dags retrieved from /opt/airflow/dags/flights-pipeline.py
[2026-04-29T12:11:57.163+0000] {processor.py:183} INFO - Processing /opt/airflow/dags/flights-pipeline.py took 0.110 seconds
[2026-04-29T12:12:27.384+0000] {processor.py:161} INFO - Started process (PID=314) to work on /opt/airflow/dags/flights-pipeline.py
[2026-04-29T12:12:27.386+0000] {processor.py:830} INFO - Processing file /opt/airflow/dags/flights-pipeline.py for tasks to queue
[2026-04-29T12:12:27.390+0000] {logging_mixin.py:188} INFO - [2026-04-29T12:12:27.390+0000] {dagbag.py:545} INFO - Filling up the DagBag from /opt/airflow/dags/flights-pipeline.py
[2026-04-29T12:12:27.421+0000] {logging_mixin.py:188} INFO - [2026-04-29T12:12:27.416+0000] {dagbag.py:355} ERROR - Failed to import: /opt/airflow/dags/flights-pipeline.py
Traceback (most recent call last):
  File "/home/airflow/.local/lib/python3.12/site-packages/airflow/models/dagbag.py", line 351, in parse
    loader.exec_module(new_module)
  File "<frozen importlib._bootstrap_external>", line 995, in exec_module
  File "<frozen importlib._bootstrap>", line 488, in _call_with_frames_removed
  File "/opt/airflow/dags/flights-pipeline.py", line 12, in <module>
    from scripts.bronze_layer import run_bronze_ingestion
ModuleNotFoundError: No module named 'scripts.bronze_layer'
[2026-04-29T12:12:27.424+0000] {processor.py:842} WARNING - No viable dags retrieved from /opt/airflow/dags/flights-pipeline.py
[2026-04-29T12:12:27.463+0000] {processor.py:183} INFO - Processing /opt/airflow/dags/flights-pipeline.py took 0.088 seconds
[2026-04-29T12:12:57.735+0000] {processor.py:161} INFO - Started process (PID=315) to work on /opt/airflow/dags/flights-pipeline.py
[2026-04-29T12:12:57.736+0000] {processor.py:830} INFO - Processing file /opt/airflow/dags/flights-pipeline.py for tasks to queue
[2026-04-29T12:12:57.739+0000] {logging_mixin.py:188} INFO - [2026-04-29T12:12:57.738+0000] {dagbag.py:545} INFO - Filling up the DagBag from /opt/airflow/dags/flights-pipeline.py
[2026-04-29T12:12:57.767+0000] {logging_mixin.py:188} INFO - [2026-04-29T12:12:57.763+0000] {dagbag.py:355} ERROR - Failed to import: /opt/airflow/dags/flights-pipeline.py
Traceback (most recent call last):
  File "/home/airflow/.local/lib/python3.12/site-packages/airflow/models/dagbag.py", line 351, in parse
    loader.exec_module(new_module)
  File "<frozen importlib._bootstrap_external>", line 995, in exec_module
  File "<frozen importlib._bootstrap>", line 488, in _call_with_frames_removed
  File "/opt/airflow/dags/flights-pipeline.py", line 12, in <module>
    from scripts.bronze_layer import run_bronze_ingestion
ModuleNotFoundError: No module named 'scripts.bronze_layer'
[2026-04-29T12:12:57.769+0000] {processor.py:842} WARNING - No viable dags retrieved from /opt/airflow/dags/flights-pipeline.py
[2026-04-29T12:12:57.819+0000] {processor.py:183} INFO - Processing /opt/airflow/dags/flights-pipeline.py took 0.092 seconds
[2026-04-29T12:13:27.989+0000] {processor.py:161} INFO - Started process (PID=316) to work on /opt/airflow/dags/flights-pipeline.py
[2026-04-29T12:13:27.990+0000] {processor.py:830} INFO - Processing file /opt/airflow/dags/flights-pipeline.py for tasks to queue
[2026-04-29T12:13:27.993+0000] {logging_mixin.py:188} INFO - [2026-04-29T12:13:27.993+0000] {dagbag.py:545} INFO - Filling up the DagBag from /opt/airflow/dags/flights-pipeline.py
[2026-04-29T12:13:28.023+0000] {logging_mixin.py:188} INFO - [2026-04-29T12:13:28.018+0000] {dagbag.py:355} ERROR - Failed to import: /opt/airflow/dags/flights-pipeline.py
Traceback (most recent call last):
  File "/home/airflow/.local/lib/python3.12/site-packages/airflow/models/dagbag.py", line 351, in parse
    loader.exec_module(new_module)
  File "<frozen importlib._bootstrap_external>", line 995, in exec_module
  File "<frozen importlib._bootstrap>", line 488, in _call_with_frames_removed
  File "/opt/airflow/dags/flights-pipeline.py", line 12, in <module>
    from scripts.bronze_layer import run_bronze_ingestion
ModuleNotFoundError: No module named 'scripts.bronze_layer'
[2026-04-29T12:13:28.025+0000] {processor.py:842} WARNING - No viable dags retrieved from /opt/airflow/dags/flights-pipeline.py
[2026-04-29T12:13:28.060+0000] {processor.py:183} INFO - Processing /opt/airflow/dags/flights-pipeline.py took 0.080 seconds
[2026-04-29T12:13:58.266+0000] {processor.py:161} INFO - Started process (PID=317) to work on /opt/airflow/dags/flights-pipeline.py
[2026-04-29T12:13:58.268+0000] {processor.py:830} INFO - Processing file /opt/airflow/dags/flights-pipeline.py for tasks to queue
[2026-04-29T12:13:58.271+0000] {logging_mixin.py:188} INFO - [2026-04-29T12:13:58.271+0000] {dagbag.py:545} INFO - Filling up the DagBag from /opt/airflow/dags/flights-pipeline.py
[2026-04-29T12:13:58.301+0000] {logging_mixin.py:188} INFO - [2026-04-29T12:13:58.296+0000] {dagbag.py:355} ERROR - Failed to import: /opt/airflow/dags/flights-pipeline.py
Traceback (most recent call last):
  File "/home/airflow/.local/lib/python3.12/site-packages/airflow/models/dagbag.py", line 351, in parse
    loader.exec_module(new_module)
  File "<frozen importlib._bootstrap_external>", line 995, in exec_module
  File "<frozen importlib._bootstrap>", line 488, in _call_with_frames_removed
  File "/opt/airflow/dags/flights-pipeline.py", line 12, in <module>
    from scripts.bronze_layer import run_bronze_ingestion
ModuleNotFoundError: No module named 'scripts.bronze_layer'
[2026-04-29T12:13:58.303+0000] {processor.py:842} WARNING - No viable dags retrieved from /opt/airflow/dags/flights-pipeline.py
[2026-04-29T12:13:58.354+0000] {processor.py:183} INFO - Processing /opt/airflow/dags/flights-pipeline.py took 0.096 seconds
[2026-04-29T12:14:28.521+0000] {processor.py:161} INFO - Started process (PID=318) to work on /opt/airflow/dags/flights-pipeline.py
[2026-04-29T12:14:28.523+0000] {processor.py:830} INFO - Processing file /opt/airflow/dags/flights-pipeline.py for tasks to queue
[2026-04-29T12:14:28.526+0000] {logging_mixin.py:188} INFO - [2026-04-29T12:14:28.526+0000] {dagbag.py:545} INFO - Filling up the DagBag from /opt/airflow/dags/flights-pipeline.py
[2026-04-29T12:14:28.565+0000] {logging_mixin.py:188} INFO - [2026-04-29T12:14:28.558+0000] {dagbag.py:355} ERROR - Failed to import: /opt/airflow/dags/flights-pipeline.py
Traceback (most recent call last):
  File "/home/airflow/.local/lib/python3.12/site-packages/airflow/models/dagbag.py", line 351, in parse
    loader.exec_module(new_module)
  File "<frozen importlib._bootstrap_external>", line 995, in exec_module
  File "<frozen importlib._bootstrap>", line 488, in _call_with_frames_removed
  File "/opt/airflow/dags/flights-pipeline.py", line 12, in <module>
    from scripts.bronze_layer import run_bronze_ingestion
ModuleNotFoundError: No module named 'scripts.bronze_layer'
[2026-04-29T12:14:28.567+0000] {processor.py:842} WARNING - No viable dags retrieved from /opt/airflow/dags/flights-pipeline.py
[2026-04-29T12:14:28.607+0000] {processor.py:183} INFO - Processing /opt/airflow/dags/flights-pipeline.py took 0.094 seconds
[2026-04-29T12:14:58.790+0000] {processor.py:161} INFO - Started process (PID=319) to work on /opt/airflow/dags/flights-pipeline.py
[2026-04-29T12:14:58.792+0000] {processor.py:830} INFO - Processing file /opt/airflow/dags/flights-pipeline.py for tasks to queue
[2026-04-29T12:14:58.796+0000] {logging_mixin.py:188} INFO - [2026-04-29T12:14:58.795+0000] {dagbag.py:545} INFO - Filling up the DagBag from /opt/airflow/dags/flights-pipeline.py
[2026-04-29T12:14:58.833+0000] {logging_mixin.py:188} INFO - [2026-04-29T12:14:58.826+0000] {dagbag.py:355} ERROR - Failed to import: /opt/airflow/dags/flights-pipeline.py
Traceback (most recent call last):
  File "/home/airflow/.local/lib/python3.12/site-packages/airflow/models/dagbag.py", line 351, in parse
    loader.exec_module(new_module)
  File "<frozen importlib._bootstrap_external>", line 995, in exec_module
  File "<frozen importlib._bootstrap>", line 488, in _call_with_frames_removed
  File "/opt/airflow/dags/flights-pipeline.py", line 12, in <module>
    from scripts.bronze_layer import run_bronze_ingestion
ModuleNotFoundError: No module named 'scripts.bronze_layer'
[2026-04-29T12:14:58.836+0000] {processor.py:842} WARNING - No viable dags retrieved from /opt/airflow/dags/flights-pipeline.py
[2026-04-29T12:14:58.895+0000] {processor.py:183} INFO - Processing /opt/airflow/dags/flights-pipeline.py took 0.114 seconds
[2026-04-29T12:15:29.113+0000] {processor.py:161} INFO - Started process (PID=320) to work on /opt/airflow/dags/flights-pipeline.py
[2026-04-29T12:15:29.115+0000] {processor.py:830} INFO - Processing file /opt/airflow/dags/flights-pipeline.py for tasks to queue
[2026-04-29T12:15:29.119+0000] {logging_mixin.py:188} INFO - [2026-04-29T12:15:29.118+0000] {dagbag.py:545} INFO - Filling up the DagBag from /opt/airflow/dags/flights-pipeline.py
[2026-04-29T12:15:29.154+0000] {logging_mixin.py:188} INFO - [2026-04-29T12:15:29.149+0000] {dagbag.py:355} ERROR - Failed to import: /opt/airflow/dags/flights-pipeline.py
Traceback (most recent call last):
  File "/home/airflow/.local/lib/python3.12/site-packages/airflow/models/dagbag.py", line 351, in parse
    loader.exec_module(new_module)
  File "<frozen importlib._bootstrap_external>", line 995, in exec_module
  File "<frozen importlib._bootstrap>", line 488, in _call_with_frames_removed
  File "/opt/airflow/dags/flights-pipeline.py", line 12, in <module>
    from scripts.bronze_layer import run_bronze_ingestion
ModuleNotFoundError: No module named 'scripts.bronze_layer'
[2026-04-29T12:15:29.157+0000] {processor.py:842} WARNING - No viable dags retrieved from /opt/airflow/dags/flights-pipeline.py
[2026-04-29T12:15:29.200+0000] {processor.py:183} INFO - Processing /opt/airflow/dags/flights-pipeline.py took 0.096 seconds
[2026-04-29T12:15:59.364+0000] {processor.py:161} INFO - Started process (PID=321) to work on /opt/airflow/dags/flights-pipeline.py
[2026-04-29T12:15:59.366+0000] {processor.py:830} INFO - Processing file /opt/airflow/dags/flights-pipeline.py for tasks to queue
[2026-04-29T12:15:59.370+0000] {logging_mixin.py:188} INFO - [2026-04-29T12:15:59.369+0000] {dagbag.py:545} INFO - Filling up the DagBag from /opt/airflow/dags/flights-pipeline.py
[2026-04-29T12:15:59.416+0000] {logging_mixin.py:188} INFO - [2026-04-29T12:15:59.412+0000] {dagbag.py:355} ERROR - Failed to import: /opt/airflow/dags/flights-pipeline.py
Traceback (most recent call last):
  File "/home/airflow/.local/lib/python3.12/site-packages/airflow/models/dagbag.py", line 351, in parse
    loader.exec_module(new_module)
  File "<frozen importlib._bootstrap_external>", line 995, in exec_module
  File "<frozen importlib._bootstrap>", line 488, in _call_with_frames_removed
  File "/opt/airflow/dags/flights-pipeline.py", line 12, in <module>
    from scripts.bronze_layer import run_bronze_ingestion
ModuleNotFoundError: No module named 'scripts.bronze_layer'
[2026-04-29T12:15:59.427+0000] {processor.py:842} WARNING - No viable dags retrieved from /opt/airflow/dags/flights-pipeline.py
[2026-04-29T12:15:59.466+0000] {processor.py:183} INFO - Processing /opt/airflow/dags/flights-pipeline.py took 0.110 seconds
[2026-04-29T12:16:29.660+0000] {processor.py:161} INFO - Started process (PID=322) to work on /opt/airflow/dags/flights-pipeline.py
[2026-04-29T12:16:29.661+0000] {processor.py:830} INFO - Processing file /opt/airflow/dags/flights-pipeline.py for tasks to queue
[2026-04-29T12:16:29.664+0000] {logging_mixin.py:188} INFO - [2026-04-29T12:16:29.663+0000] {dagbag.py:545} INFO - Filling up the DagBag from /opt/airflow/dags/flights-pipeline.py
[2026-04-29T12:16:29.694+0000] {logging_mixin.py:188} INFO - [2026-04-29T12:16:29.687+0000] {dagbag.py:355} ERROR - Failed to import: /opt/airflow/dags/flights-pipeline.py
Traceback (most recent call last):
  File "/home/airflow/.local/lib/python3.12/site-packages/airflow/models/dagbag.py", line 351, in parse
    loader.exec_module(new_module)
  File "<frozen importlib._bootstrap_external>", line 995, in exec_module
  File "<frozen importlib._bootstrap>", line 488, in _call_with_frames_removed
  File "/opt/airflow/dags/flights-pipeline.py", line 12, in <module>
    from scripts.bronze_layer import run_bronze_ingestion
ModuleNotFoundError: No module named 'scripts.bronze_layer'
[2026-04-29T12:16:29.695+0000] {processor.py:842} WARNING - No viable dags retrieved from /opt/airflow/dags/flights-pipeline.py
[2026-04-29T12:16:29.733+0000] {processor.py:183} INFO - Processing /opt/airflow/dags/flights-pipeline.py took 0.082 seconds
[2026-04-29T12:16:59.932+0000] {processor.py:161} INFO - Started process (PID=323) to work on /opt/airflow/dags/flights-pipeline.py
[2026-04-29T12:16:59.934+0000] {processor.py:830} INFO - Processing file /opt/airflow/dags/flights-pipeline.py for tasks to queue
[2026-04-29T12:16:59.938+0000] {logging_mixin.py:188} INFO - [2026-04-29T12:16:59.937+0000] {dagbag.py:545} INFO - Filling up the DagBag from /opt/airflow/dags/flights-pipeline.py
[2026-04-29T12:16:59.971+0000] {logging_mixin.py:188} INFO - [2026-04-29T12:16:59.965+0000] {dagbag.py:355} ERROR - Failed to import: /opt/airflow/dags/flights-pipeline.py
Traceback (most recent call last):
  File "/home/airflow/.local/lib/python3.12/site-packages/airflow/models/dagbag.py", line 351, in parse
    loader.exec_module(new_module)
  File "<frozen importlib._bootstrap_external>", line 995, in exec_module
  File "<frozen importlib._bootstrap>", line 488, in _call_with_frames_removed
  File "/opt/airflow/dags/flights-pipeline.py", line 12, in <module>
    from scripts.bronze_layer import run_bronze_ingestion
ModuleNotFoundError: No module named 'scripts.bronze_layer'
[2026-04-29T12:16:59.972+0000] {processor.py:842} WARNING - No viable dags retrieved from /opt/airflow/dags/flights-pipeline.py
[2026-04-29T12:17:00.007+0000] {processor.py:183} INFO - Processing /opt/airflow/dags/flights-pipeline.py took 0.083 seconds
[2026-04-29T12:17:30.225+0000] {processor.py:161} INFO - Started process (PID=324) to work on /opt/airflow/dags/flights-pipeline.py
[2026-04-29T12:17:30.227+0000] {processor.py:830} INFO - Processing file /opt/airflow/dags/flights-pipeline.py for tasks to queue
[2026-04-29T12:17:30.230+0000] {logging_mixin.py:188} INFO - [2026-04-29T12:17:30.229+0000] {dagbag.py:545} INFO - Filling up the DagBag from /opt/airflow/dags/flights-pipeline.py
[2026-04-29T12:17:30.312+0000] {logging_mixin.py:188} INFO - [2026-04-29T12:17:30.306+0000] {dagbag.py:355} ERROR - Failed to import: /opt/airflow/dags/flights-pipeline.py
Traceback (most recent call last):
  File "/home/airflow/.local/lib/python3.12/site-packages/airflow/models/dagbag.py", line 351, in parse
    loader.exec_module(new_module)
  File "<frozen importlib._bootstrap_external>", line 995, in exec_module
  File "<frozen importlib._bootstrap>", line 488, in _call_with_frames_removed
  File "/opt/airflow/dags/flights-pipeline.py", line 12, in <module>
    from scripts.bronze_layer import run_bronze_ingestion
ModuleNotFoundError: No module named 'scripts.bronze_layer'
[2026-04-29T12:17:30.314+0000] {processor.py:842} WARNING - No viable dags retrieved from /opt/airflow/dags/flights-pipeline.py
[2026-04-29T12:17:30.391+0000] {processor.py:183} INFO - Processing /opt/airflow/dags/flights-pipeline.py took 0.174 seconds
[2026-04-29T12:18:00.483+0000] {processor.py:161} INFO - Started process (PID=325) to work on /opt/airflow/dags/flights-pipeline.py
[2026-04-29T12:18:00.485+0000] {processor.py:830} INFO - Processing file /opt/airflow/dags/flights-pipeline.py for tasks to queue
[2026-04-29T12:18:00.489+0000] {logging_mixin.py:188} INFO - [2026-04-29T12:18:00.489+0000] {dagbag.py:545} INFO - Filling up the DagBag from /opt/airflow/dags/flights-pipeline.py
[2026-04-29T12:18:00.520+0000] {logging_mixin.py:188} INFO - [2026-04-29T12:18:00.513+0000] {dagbag.py:355} ERROR - Failed to import: /opt/airflow/dags/flights-pipeline.py
Traceback (most recent call last):
  File "/home/airflow/.local/lib/python3.12/site-packages/airflow/models/dagbag.py", line 351, in parse
    loader.exec_module(new_module)
  File "<frozen importlib._bootstrap_external>", line 995, in exec_module
  File "<frozen importlib._bootstrap>", line 488, in _call_with_frames_removed
  File "/opt/airflow/dags/flights-pipeline.py", line 12, in <module>
    from scripts.bronze_layer import run_bronze_ingestion
ModuleNotFoundError: No module named 'scripts.bronze_layer'
[2026-04-29T12:18:00.522+0000] {processor.py:842} WARNING - No viable dags retrieved from /opt/airflow/dags/flights-pipeline.py
[2026-04-29T12:18:00.558+0000] {processor.py:183} INFO - Processing /opt/airflow/dags/flights-pipeline.py took 0.083 seconds
[2026-04-29T12:18:30.688+0000] {processor.py:161} INFO - Started process (PID=326) to work on /opt/airflow/dags/flights-pipeline.py
[2026-04-29T12:18:30.690+0000] {processor.py:830} INFO - Processing file /opt/airflow/dags/flights-pipeline.py for tasks to queue
[2026-04-29T12:18:30.693+0000] {logging_mixin.py:188} INFO - [2026-04-29T12:18:30.693+0000] {dagbag.py:545} INFO - Filling up the DagBag from /opt/airflow/dags/flights-pipeline.py
[2026-04-29T12:18:30.723+0000] {logging_mixin.py:188} INFO - [2026-04-29T12:18:30.718+0000] {dagbag.py:355} ERROR - Failed to import: /opt/airflow/dags/flights-pipeline.py
Traceback (most recent call last):
  File "/home/airflow/.local/lib/python3.12/site-packages/airflow/models/dagbag.py", line 351, in parse
    loader.exec_module(new_module)
  File "<frozen importlib._bootstrap_external>", line 995, in exec_module
  File "<frozen importlib._bootstrap>", line 488, in _call_with_frames_removed
  File "/opt/airflow/dags/flights-pipeline.py", line 12, in <module>
    from scripts.bronze_layer import run_bronze_ingestion
ModuleNotFoundError: No module named 'scripts.bronze_layer'
[2026-04-29T12:18:30.725+0000] {processor.py:842} WARNING - No viable dags retrieved from /opt/airflow/dags/flights-pipeline.py
[2026-04-29T12:18:30.761+0000] {processor.py:183} INFO - Processing /opt/airflow/dags/flights-pipeline.py took 0.080 seconds
[2026-04-29T12:19:01.022+0000] {processor.py:161} INFO - Started process (PID=327) to work on /opt/airflow/dags/flights-pipeline.py
[2026-04-29T12:19:01.024+0000] {processor.py:830} INFO - Processing file /opt/airflow/dags/flights-pipeline.py for tasks to queue
[2026-04-29T12:19:01.027+0000] {logging_mixin.py:188} INFO - [2026-04-29T12:19:01.027+0000] {dagbag.py:545} INFO - Filling up the DagBag from /opt/airflow/dags/flights-pipeline.py
[2026-04-29T12:19:01.061+0000] {logging_mixin.py:188} INFO - [2026-04-29T12:19:01.054+0000] {dagbag.py:355} ERROR - Failed to import: /opt/airflow/dags/flights-pipeline.py
Traceback (most recent call last):
  File "/home/airflow/.local/lib/python3.12/site-packages/airflow/models/dagbag.py", line 351, in parse
    loader.exec_module(new_module)
  File "<frozen importlib._bootstrap_external>", line 995, in exec_module
  File "<frozen importlib._bootstrap>", line 488, in _call_with_frames_removed
  File "/opt/airflow/dags/flights-pipeline.py", line 12, in <module>
    from scripts.bronze_layer import run_bronze_ingestion
ModuleNotFoundError: No module named 'scripts.bronze_layer'
[2026-04-29T12:19:01.063+0000] {processor.py:842} WARNING - No viable dags retrieved from /opt/airflow/dags/flights-pipeline.py
[2026-04-29T12:19:01.103+0000] {processor.py:183} INFO - Processing /opt/airflow/dags/flights-pipeline.py took 0.089 seconds
[2026-04-29T12:19:31.318+0000] {processor.py:161} INFO - Started process (PID=328) to work on /opt/airflow/dags/flights-pipeline.py
[2026-04-29T12:19:31.320+0000] {processor.py:830} INFO - Processing file /opt/airflow/dags/flights-pipeline.py for tasks to queue
[2026-04-29T12:19:31.323+0000] {logging_mixin.py:188} INFO - [2026-04-29T12:19:31.323+0000] {dagbag.py:545} INFO - Filling up the DagBag from /opt/airflow/dags/flights-pipeline.py
[2026-04-29T12:19:31.352+0000] {logging_mixin.py:188} INFO - [2026-04-29T12:19:31.347+0000] {dagbag.py:355} ERROR - Failed to import: /opt/airflow/dags/flights-pipeline.py
Traceback (most recent call last):
  File "/home/airflow/.local/lib/python3.12/site-packages/airflow/models/dagbag.py", line 351, in parse
    loader.exec_module(new_module)
  File "<frozen importlib._bootstrap_external>", line 995, in exec_module
  File "<frozen importlib._bootstrap>", line 488, in _call_with_frames_removed
  File "/opt/airflow/dags/flights-pipeline.py", line 12, in <module>
    from scripts.bronze_layer import run_bronze_ingestion
ModuleNotFoundError: No module named 'scripts.bronze_layer'
[2026-04-29T12:19:31.354+0000] {processor.py:842} WARNING - No viable dags retrieved from /opt/airflow/dags/flights-pipeline.py
[2026-04-29T12:19:31.389+0000] {processor.py:183} INFO - Processing /opt/airflow/dags/flights-pipeline.py took 0.077 seconds
[2026-04-29T12:20:01.577+0000] {processor.py:161} INFO - Started process (PID=329) to work on /opt/airflow/dags/flights-pipeline.py
[2026-04-29T12:20:01.580+0000] {processor.py:830} INFO - Processing file /opt/airflow/dags/flights-pipeline.py for tasks to queue
[2026-04-29T12:20:01.594+0000] {logging_mixin.py:188} INFO - [2026-04-29T12:20:01.593+0000] {dagbag.py:545} INFO - Filling up the DagBag from /opt/airflow/dags/flights-pipeline.py
[2026-04-29T12:20:01.629+0000] {logging_mixin.py:188} INFO - [2026-04-29T12:20:01.623+0000] {dagbag.py:355} ERROR - Failed to import: /opt/airflow/dags/flights-pipeline.py
Traceback (most recent call last):
  File "/home/airflow/.local/lib/python3.12/site-packages/airflow/models/dagbag.py", line 351, in parse
    loader.exec_module(new_module)
  File "<frozen importlib._bootstrap_external>", line 995, in exec_module
  File "<frozen importlib._bootstrap>", line 488, in _call_with_frames_removed
  File "/opt/airflow/dags/flights-pipeline.py", line 12, in <module>
    from scripts.bronze_layer import run_bronze_ingestion
ModuleNotFoundError: No module named 'scripts.bronze_layer'
[2026-04-29T12:20:01.631+0000] {processor.py:842} WARNING - No viable dags retrieved from /opt/airflow/dags/flights-pipeline.py
[2026-04-29T12:20:01.667+0000] {processor.py:183} INFO - Processing /opt/airflow/dags/flights-pipeline.py took 0.102 seconds
[2026-04-29T12:20:31.837+0000] {processor.py:161} INFO - Started process (PID=330) to work on /opt/airflow/dags/flights-pipeline.py
[2026-04-29T12:20:31.838+0000] {processor.py:830} INFO - Processing file /opt/airflow/dags/flights-pipeline.py for tasks to queue
[2026-04-29T12:20:31.841+0000] {logging_mixin.py:188} INFO - [2026-04-29T12:20:31.841+0000] {dagbag.py:545} INFO - Filling up the DagBag from /opt/airflow/dags/flights-pipeline.py
[2026-04-29T12:20:31.868+0000] {logging_mixin.py:188} INFO - [2026-04-29T12:20:31.864+0000] {dagbag.py:355} ERROR - Failed to import: /opt/airflow/dags/flights-pipeline.py
Traceback (most recent call last):
  File "/home/airflow/.local/lib/python3.12/site-packages/airflow/models/dagbag.py", line 351, in parse
    loader.exec_module(new_module)
  File "<frozen importlib._bootstrap_external>", line 995, in exec_module
  File "<frozen importlib._bootstrap>", line 488, in _call_with_frames_removed
  File "/opt/airflow/dags/flights-pipeline.py", line 12, in <module>
    from scripts.bronze_layer import run_bronze_ingestion
ModuleNotFoundError: No module named 'scripts.bronze_layer'
[2026-04-29T12:20:31.869+0000] {processor.py:842} WARNING - No viable dags retrieved from /opt/airflow/dags/flights-pipeline.py
[2026-04-29T12:20:31.919+0000] {processor.py:183} INFO - Processing /opt/airflow/dags/flights-pipeline.py took 0.091 seconds
[2026-04-29T12:21:02.108+0000] {processor.py:161} INFO - Started process (PID=331) to work on /opt/airflow/dags/flights-pipeline.py
[2026-04-29T12:21:02.110+0000] {processor.py:830} INFO - Processing file /opt/airflow/dags/flights-pipeline.py for tasks to queue
[2026-04-29T12:21:02.113+0000] {logging_mixin.py:188} INFO - [2026-04-29T12:21:02.113+0000] {dagbag.py:545} INFO - Filling up the DagBag from /opt/airflow/dags/flights-pipeline.py
[2026-04-29T12:21:02.140+0000] {logging_mixin.py:188} INFO - [2026-04-29T12:21:02.135+0000] {dagbag.py:355} ERROR - Failed to import: /opt/airflow/dags/flights-pipeline.py
Traceback (most recent call last):
  File "/home/airflow/.local/lib/python3.12/site-packages/airflow/models/dagbag.py", line 351, in parse
    loader.exec_module(new_module)
  File "<frozen importlib._bootstrap_external>", line 995, in exec_module
  File "<frozen importlib._bootstrap>", line 488, in _call_with_frames_removed
  File "/opt/airflow/dags/flights-pipeline.py", line 12, in <module>
    from scripts.bronze_layer import run_bronze_ingestion
ModuleNotFoundError: No module named 'scripts.bronze_layer'
[2026-04-29T12:21:02.142+0000] {processor.py:842} WARNING - No viable dags retrieved from /opt/airflow/dags/flights-pipeline.py
[2026-04-29T12:21:02.175+0000] {processor.py:183} INFO - Processing /opt/airflow/dags/flights-pipeline.py took 0.075 seconds
[2026-04-29T12:21:32.364+0000] {processor.py:161} INFO - Started process (PID=332) to work on /opt/airflow/dags/flights-pipeline.py
[2026-04-29T12:21:32.365+0000] {processor.py:830} INFO - Processing file /opt/airflow/dags/flights-pipeline.py for tasks to queue
[2026-04-29T12:21:32.369+0000] {logging_mixin.py:188} INFO - [2026-04-29T12:21:32.368+0000] {dagbag.py:545} INFO - Filling up the DagBag from /opt/airflow/dags/flights-pipeline.py
[2026-04-29T12:21:32.400+0000] {logging_mixin.py:188} INFO - [2026-04-29T12:21:32.394+0000] {dagbag.py:355} ERROR - Failed to import: /opt/airflow/dags/flights-pipeline.py
Traceback (most recent call last):
  File "/home/airflow/.local/lib/python3.12/site-packages/airflow/models/dagbag.py", line 351, in parse
    loader.exec_module(new_module)
  File "<frozen importlib._bootstrap_external>", line 995, in exec_module
  File "<frozen importlib._bootstrap>", line 488, in _call_with_frames_removed
  File "/opt/airflow/dags/flights-pipeline.py", line 12, in <module>
    from scripts.bronze_layer import run_bronze_ingestion
ModuleNotFoundError: No module named 'scripts.bronze_layer'
[2026-04-29T12:21:32.402+0000] {processor.py:842} WARNING - No viable dags retrieved from /opt/airflow/dags/flights-pipeline.py
[2026-04-29T12:21:32.432+0000] {processor.py:183} INFO - Processing /opt/airflow/dags/flights-pipeline.py took 0.076 seconds
[2026-04-29T12:22:02.624+0000] {processor.py:161} INFO - Started process (PID=333) to work on /opt/airflow/dags/flights-pipeline.py
[2026-04-29T12:22:02.625+0000] {processor.py:830} INFO - Processing file /opt/airflow/dags/flights-pipeline.py for tasks to queue
[2026-04-29T12:22:02.629+0000] {logging_mixin.py:188} INFO - [2026-04-29T12:22:02.628+0000] {dagbag.py:545} INFO - Filling up the DagBag from /opt/airflow/dags/flights-pipeline.py
[2026-04-29T12:22:02.654+0000] {logging_mixin.py:188} INFO - [2026-04-29T12:22:02.649+0000] {dagbag.py:355} ERROR - Failed to import: /opt/airflow/dags/flights-pipeline.py
Traceback (most recent call last):
  File "/home/airflow/.local/lib/python3.12/site-packages/airflow/models/dagbag.py", line 351, in parse
    loader.exec_module(new_module)
  File "<frozen importlib._bootstrap_external>", line 995, in exec_module
  File "<frozen importlib._bootstrap>", line 488, in _call_with_frames_removed
  File "/opt/airflow/dags/flights-pipeline.py", line 12, in <module>
    from scripts.bronze_layer import run_bronze_ingestion
ModuleNotFoundError: No module named 'scripts.bronze_layer'
[2026-04-29T12:22:02.655+0000] {processor.py:842} WARNING - No viable dags retrieved from /opt/airflow/dags/flights-pipeline.py
[2026-04-29T12:22:02.686+0000] {processor.py:183} INFO - Processing /opt/airflow/dags/flights-pipeline.py took 0.071 seconds
[2026-04-29T12:22:32.902+0000] {processor.py:161} INFO - Started process (PID=334) to work on /opt/airflow/dags/flights-pipeline.py
[2026-04-29T12:22:32.904+0000] {processor.py:830} INFO - Processing file /opt/airflow/dags/flights-pipeline.py for tasks to queue
[2026-04-29T12:22:32.907+0000] {logging_mixin.py:188} INFO - [2026-04-29T12:22:32.906+0000] {dagbag.py:545} INFO - Filling up the DagBag from /opt/airflow/dags/flights-pipeline.py
[2026-04-29T12:22:32.947+0000] {logging_mixin.py:188} INFO - [2026-04-29T12:22:32.940+0000] {dagbag.py:355} ERROR - Failed to import: /opt/airflow/dags/flights-pipeline.py
Traceback (most recent call last):
  File "/home/airflow/.local/lib/python3.12/site-packages/airflow/models/dagbag.py", line 351, in parse
    loader.exec_module(new_module)
  File "<frozen importlib._bootstrap_external>", line 995, in exec_module
  File "<frozen importlib._bootstrap>", line 488, in _call_with_frames_removed
  File "/opt/airflow/dags/flights-pipeline.py", line 12, in <module>
    from scripts.bronze_layer import run_bronze_ingestion
ModuleNotFoundError: No module named 'scripts.bronze_layer'
[2026-04-29T12:22:32.949+0000] {processor.py:842} WARNING - No viable dags retrieved from /opt/airflow/dags/flights-pipeline.py
[2026-04-29T12:22:32.984+0000] {processor.py:183} INFO - Processing /opt/airflow/dags/flights-pipeline.py took 0.091 seconds
[2026-04-29T12:23:03.158+0000] {processor.py:161} INFO - Started process (PID=335) to work on /opt/airflow/dags/flights-pipeline.py
[2026-04-29T12:23:03.161+0000] {processor.py:830} INFO - Processing file /opt/airflow/dags/flights-pipeline.py for tasks to queue
[2026-04-29T12:23:03.166+0000] {logging_mixin.py:188} INFO - [2026-04-29T12:23:03.165+0000] {dagbag.py:545} INFO - Filling up the DagBag from /opt/airflow/dags/flights-pipeline.py
[2026-04-29T12:23:03.195+0000] {logging_mixin.py:188} INFO - [2026-04-29T12:23:03.189+0000] {dagbag.py:355} ERROR - Failed to import: /opt/airflow/dags/flights-pipeline.py
Traceback (most recent call last):
  File "/home/airflow/.local/lib/python3.12/site-packages/airflow/models/dagbag.py", line 351, in parse
    loader.exec_module(new_module)
  File "<frozen importlib._bootstrap_external>", line 995, in exec_module
  File "<frozen importlib._bootstrap>", line 488, in _call_with_frames_removed
  File "/opt/airflow/dags/flights-pipeline.py", line 12, in <module>
    from scripts.bronze_layer import run_bronze_ingestion
ModuleNotFoundError: No module named 'scripts.bronze_layer'
[2026-04-29T12:23:03.196+0000] {processor.py:842} WARNING - No viable dags retrieved from /opt/airflow/dags/flights-pipeline.py
[2026-04-29T12:23:03.239+0000] {processor.py:183} INFO - Processing /opt/airflow/dags/flights-pipeline.py took 0.090 seconds
[2026-04-29T12:23:33.426+0000] {processor.py:161} INFO - Started process (PID=336) to work on /opt/airflow/dags/flights-pipeline.py
[2026-04-29T12:23:33.428+0000] {processor.py:830} INFO - Processing file /opt/airflow/dags/flights-pipeline.py for tasks to queue
[2026-04-29T12:23:33.432+0000] {logging_mixin.py:188} INFO - [2026-04-29T12:23:33.432+0000] {dagbag.py:545} INFO - Filling up the DagBag from /opt/airflow/dags/flights-pipeline.py
[2026-04-29T12:23:33.461+0000] {logging_mixin.py:188} INFO - [2026-04-29T12:23:33.455+0000] {dagbag.py:355} ERROR - Failed to import: /opt/airflow/dags/flights-pipeline.py
Traceback (most recent call last):
  File "/home/airflow/.local/lib/python3.12/site-packages/airflow/models/dagbag.py", line 351, in parse
    loader.exec_module(new_module)
  File "<frozen importlib._bootstrap_external>", line 995, in exec_module
  File "<frozen importlib._bootstrap>", line 488, in _call_with_frames_removed
  File "/opt/airflow/dags/flights-pipeline.py", line 12, in <module>
    from scripts.bronze_layer import run_bronze_ingestion
ModuleNotFoundError: No module named 'scripts.bronze_layer'
[2026-04-29T12:23:33.462+0000] {processor.py:842} WARNING - No viable dags retrieved from /opt/airflow/dags/flights-pipeline.py
[2026-04-29T12:23:33.497+0000] {processor.py:183} INFO - Processing /opt/airflow/dags/flights-pipeline.py took 0.080 seconds
[2026-04-29T12:24:03.720+0000] {processor.py:161} INFO - Started process (PID=337) to work on /opt/airflow/dags/flights-pipeline.py
[2026-04-29T12:24:03.722+0000] {processor.py:830} INFO - Processing file /opt/airflow/dags/flights-pipeline.py for tasks to queue
[2026-04-29T12:24:03.726+0000] {logging_mixin.py:188} INFO - [2026-04-29T12:24:03.726+0000] {dagbag.py:545} INFO - Filling up the DagBag from /opt/airflow/dags/flights-pipeline.py
[2026-04-29T12:24:03.756+0000] {logging_mixin.py:188} INFO - [2026-04-29T12:24:03.751+0000] {dagbag.py:355} ERROR - Failed to import: /opt/airflow/dags/flights-pipeline.py
Traceback (most recent call last):
  File "/home/airflow/.local/lib/python3.12/site-packages/airflow/models/dagbag.py", line 351, in parse
    loader.exec_module(new_module)
  File "<frozen importlib._bootstrap_external>", line 995, in exec_module
  File "<frozen importlib._bootstrap>", line 488, in _call_with_frames_removed
  File "/opt/airflow/dags/flights-pipeline.py", line 12, in <module>
    from scripts.bronze_layer import run_bronze_ingestion
ModuleNotFoundError: No module named 'scripts.bronze_layer'
[2026-04-29T12:24:03.759+0000] {processor.py:842} WARNING - No viable dags retrieved from /opt/airflow/dags/flights-pipeline.py
[2026-04-29T12:24:03.795+0000] {processor.py:183} INFO - Processing /opt/airflow/dags/flights-pipeline.py took 0.083 seconds
[2026-04-29T12:24:34.002+0000] {processor.py:161} INFO - Started process (PID=338) to work on /opt/airflow/dags/flights-pipeline.py
[2026-04-29T12:24:34.003+0000] {processor.py:830} INFO - Processing file /opt/airflow/dags/flights-pipeline.py for tasks to queue
[2026-04-29T12:24:34.006+0000] {logging_mixin.py:188} INFO - [2026-04-29T12:24:34.006+0000] {dagbag.py:545} INFO - Filling up the DagBag from /opt/airflow/dags/flights-pipeline.py
[2026-04-29T12:24:34.032+0000] {logging_mixin.py:188} INFO - [2026-04-29T12:24:34.028+0000] {dagbag.py:355} ERROR - Failed to import: /opt/airflow/dags/flights-pipeline.py
Traceback (most recent call last):
  File "/home/airflow/.local/lib/python3.12/site-packages/airflow/models/dagbag.py", line 351, in parse
    loader.exec_module(new_module)
  File "<frozen importlib._bootstrap_external>", line 995, in exec_module
  File "<frozen importlib._bootstrap>", line 488, in _call_with_frames_removed
  File "/opt/airflow/dags/flights-pipeline.py", line 12, in <module>
    from scripts.bronze_layer import run_bronze_ingestion
ModuleNotFoundError: No module named 'scripts.bronze_layer'
[2026-04-29T12:24:34.034+0000] {processor.py:842} WARNING - No viable dags retrieved from /opt/airflow/dags/flights-pipeline.py
[2026-04-29T12:24:34.068+0000] {processor.py:183} INFO - Processing /opt/airflow/dags/flights-pipeline.py took 0.075 seconds
[2026-04-29T12:25:04.282+0000] {processor.py:161} INFO - Started process (PID=339) to work on /opt/airflow/dags/flights-pipeline.py
[2026-04-29T12:25:04.283+0000] {processor.py:830} INFO - Processing file /opt/airflow/dags/flights-pipeline.py for tasks to queue
[2026-04-29T12:25:04.287+0000] {logging_mixin.py:188} INFO - [2026-04-29T12:25:04.287+0000] {dagbag.py:545} INFO - Filling up the DagBag from /opt/airflow/dags/flights-pipeline.py
[2026-04-29T12:25:04.319+0000] {logging_mixin.py:188} INFO - [2026-04-29T12:25:04.312+0000] {dagbag.py:355} ERROR - Failed to import: /opt/airflow/dags/flights-pipeline.py
Traceback (most recent call last):
  File "/home/airflow/.local/lib/python3.12/site-packages/airflow/models/dagbag.py", line 351, in parse
    loader.exec_module(new_module)
  File "<frozen importlib._bootstrap_external>", line 995, in exec_module
  File "<frozen importlib._bootstrap>", line 488, in _call_with_frames_removed
  File "/opt/airflow/dags/flights-pipeline.py", line 12, in <module>
    from scripts.bronze_layer import run_bronze_ingestion
ModuleNotFoundError: No module named 'scripts.bronze_layer'
[2026-04-29T12:25:04.321+0000] {processor.py:842} WARNING - No viable dags retrieved from /opt/airflow/dags/flights-pipeline.py
[2026-04-29T12:25:04.357+0000] {processor.py:183} INFO - Processing /opt/airflow/dags/flights-pipeline.py took 0.083 seconds
[2026-04-29T12:25:34.515+0000] {processor.py:161} INFO - Started process (PID=340) to work on /opt/airflow/dags/flights-pipeline.py
[2026-04-29T12:25:34.516+0000] {processor.py:830} INFO - Processing file /opt/airflow/dags/flights-pipeline.py for tasks to queue
[2026-04-29T12:25:34.520+0000] {logging_mixin.py:188} INFO - [2026-04-29T12:25:34.519+0000] {dagbag.py:545} INFO - Filling up the DagBag from /opt/airflow/dags/flights-pipeline.py
[2026-04-29T12:25:34.547+0000] {logging_mixin.py:188} INFO - [2026-04-29T12:25:34.543+0000] {dagbag.py:355} ERROR - Failed to import: /opt/airflow/dags/flights-pipeline.py
Traceback (most recent call last):
  File "/home/airflow/.local/lib/python3.12/site-packages/airflow/models/dagbag.py", line 351, in parse
    loader.exec_module(new_module)
  File "<frozen importlib._bootstrap_external>", line 995, in exec_module
  File "<frozen importlib._bootstrap>", line 488, in _call_with_frames_removed
  File "/opt/airflow/dags/flights-pipeline.py", line 12, in <module>
    from scripts.bronze_layer import run_bronze_ingestion
ModuleNotFoundError: No module named 'scripts.bronze_layer'
[2026-04-29T12:25:34.549+0000] {processor.py:842} WARNING - No viable dags retrieved from /opt/airflow/dags/flights-pipeline.py
[2026-04-29T12:25:34.583+0000] {processor.py:183} INFO - Processing /opt/airflow/dags/flights-pipeline.py took 0.075 seconds
[2026-04-29T12:26:04.811+0000] {processor.py:161} INFO - Started process (PID=341) to work on /opt/airflow/dags/flights-pipeline.py
[2026-04-29T12:26:04.813+0000] {processor.py:830} INFO - Processing file /opt/airflow/dags/flights-pipeline.py for tasks to queue
[2026-04-29T12:26:04.816+0000] {logging_mixin.py:188} INFO - [2026-04-29T12:26:04.816+0000] {dagbag.py:545} INFO - Filling up the DagBag from /opt/airflow/dags/flights-pipeline.py
[2026-04-29T12:26:04.845+0000] {logging_mixin.py:188} INFO - [2026-04-29T12:26:04.840+0000] {dagbag.py:355} ERROR - Failed to import: /opt/airflow/dags/flights-pipeline.py
Traceback (most recent call last):
  File "/home/airflow/.local/lib/python3.12/site-packages/airflow/models/dagbag.py", line 351, in parse
    loader.exec_module(new_module)
  File "<frozen importlib._bootstrap_external>", line 995, in exec_module
  File "<frozen importlib._bootstrap>", line 488, in _call_with_frames_removed
  File "/opt/airflow/dags/flights-pipeline.py", line 12, in <module>
    from scripts.bronze_layer import run_bronze_ingestion
ModuleNotFoundError: No module named 'scripts.bronze_layer'
[2026-04-29T12:26:04.846+0000] {processor.py:842} WARNING - No viable dags retrieved from /opt/airflow/dags/flights-pipeline.py
[2026-04-29T12:26:04.880+0000] {processor.py:183} INFO - Processing /opt/airflow/dags/flights-pipeline.py took 0.076 seconds
[2026-04-29T12:26:35.051+0000] {processor.py:161} INFO - Started process (PID=342) to work on /opt/airflow/dags/flights-pipeline.py
[2026-04-29T12:26:35.053+0000] {processor.py:830} INFO - Processing file /opt/airflow/dags/flights-pipeline.py for tasks to queue
[2026-04-29T12:26:35.056+0000] {logging_mixin.py:188} INFO - [2026-04-29T12:26:35.056+0000] {dagbag.py:545} INFO - Filling up the DagBag from /opt/airflow/dags/flights-pipeline.py
[2026-04-29T12:26:35.086+0000] {logging_mixin.py:188} INFO - [2026-04-29T12:26:35.082+0000] {dagbag.py:355} ERROR - Failed to import: /opt/airflow/dags/flights-pipeline.py
Traceback (most recent call last):
  File "/home/airflow/.local/lib/python3.12/site-packages/airflow/models/dagbag.py", line 351, in parse
    loader.exec_module(new_module)
  File "<frozen importlib._bootstrap_external>", line 995, in exec_module
  File "<frozen importlib._bootstrap>", line 488, in _call_with_frames_removed
  File "/opt/airflow/dags/flights-pipeline.py", line 12, in <module>
    from scripts.bronze_layer import run_bronze_ingestion
ModuleNotFoundError: No module named 'scripts.bronze_layer'
[2026-04-29T12:26:35.088+0000] {processor.py:842} WARNING - No viable dags retrieved from /opt/airflow/dags/flights-pipeline.py
[2026-04-29T12:26:35.119+0000] {processor.py:183} INFO - Processing /opt/airflow/dags/flights-pipeline.py took 0.075 seconds
[2026-04-29T12:27:05.323+0000] {processor.py:161} INFO - Started process (PID=343) to work on /opt/airflow/dags/flights-pipeline.py
[2026-04-29T12:27:05.324+0000] {processor.py:830} INFO - Processing file /opt/airflow/dags/flights-pipeline.py for tasks to queue
[2026-04-29T12:27:05.327+0000] {logging_mixin.py:188} INFO - [2026-04-29T12:27:05.326+0000] {dagbag.py:545} INFO - Filling up the DagBag from /opt/airflow/dags/flights-pipeline.py
[2026-04-29T12:27:05.352+0000] {logging_mixin.py:188} INFO - [2026-04-29T12:27:05.347+0000] {dagbag.py:355} ERROR - Failed to import: /opt/airflow/dags/flights-pipeline.py
Traceback (most recent call last):
  File "/home/airflow/.local/lib/python3.12/site-packages/airflow/models/dagbag.py", line 351, in parse
    loader.exec_module(new_module)
  File "<frozen importlib._bootstrap_external>", line 995, in exec_module
  File "<frozen importlib._bootstrap>", line 488, in _call_with_frames_removed
  File "/opt/airflow/dags/flights-pipeline.py", line 12, in <module>
    from scripts.bronze_layer import run_bronze_ingestion
ModuleNotFoundError: No module named 'scripts.bronze_layer'
[2026-04-29T12:27:05.354+0000] {processor.py:842} WARNING - No viable dags retrieved from /opt/airflow/dags/flights-pipeline.py
[2026-04-29T12:27:05.395+0000] {processor.py:183} INFO - Processing /opt/airflow/dags/flights-pipeline.py took 0.080 seconds
[2026-04-29T12:27:35.565+0000] {processor.py:161} INFO - Started process (PID=344) to work on /opt/airflow/dags/flights-pipeline.py
[2026-04-29T12:27:35.567+0000] {processor.py:830} INFO - Processing file /opt/airflow/dags/flights-pipeline.py for tasks to queue
[2026-04-29T12:27:35.571+0000] {logging_mixin.py:188} INFO - [2026-04-29T12:27:35.570+0000] {dagbag.py:545} INFO - Filling up the DagBag from /opt/airflow/dags/flights-pipeline.py
[2026-04-29T12:27:35.594+0000] {logging_mixin.py:188} INFO - [2026-04-29T12:27:35.590+0000] {dagbag.py:355} ERROR - Failed to import: /opt/airflow/dags/flights-pipeline.py
Traceback (most recent call last):
  File "/home/airflow/.local/lib/python3.12/site-packages/airflow/models/dagbag.py", line 351, in parse
    loader.exec_module(new_module)
  File "<frozen importlib._bootstrap_external>", line 995, in exec_module
  File "<frozen importlib._bootstrap>", line 488, in _call_with_frames_removed
  File "/opt/airflow/dags/flights-pipeline.py", line 12, in <module>
    from scripts.bronze_layer import run_bronze_ingestion
ModuleNotFoundError: No module named 'scripts.bronze_layer'
[2026-04-29T12:27:35.596+0000] {processor.py:842} WARNING - No viable dags retrieved from /opt/airflow/dags/flights-pipeline.py
[2026-04-29T12:27:35.631+0000] {processor.py:183} INFO - Processing /opt/airflow/dags/flights-pipeline.py took 0.076 seconds
[2026-04-29T12:28:05.856+0000] {processor.py:161} INFO - Started process (PID=345) to work on /opt/airflow/dags/flights-pipeline.py
[2026-04-29T12:28:05.858+0000] {processor.py:830} INFO - Processing file /opt/airflow/dags/flights-pipeline.py for tasks to queue
[2026-04-29T12:28:05.860+0000] {logging_mixin.py:188} INFO - [2026-04-29T12:28:05.860+0000] {dagbag.py:545} INFO - Filling up the DagBag from /opt/airflow/dags/flights-pipeline.py
[2026-04-29T12:28:05.886+0000] {logging_mixin.py:188} INFO - [2026-04-29T12:28:05.881+0000] {dagbag.py:355} ERROR - Failed to import: /opt/airflow/dags/flights-pipeline.py
Traceback (most recent call last):
  File "/home/airflow/.local/lib/python3.12/site-packages/airflow/models/dagbag.py", line 351, in parse
    loader.exec_module(new_module)
  File "<frozen importlib._bootstrap_external>", line 995, in exec_module
  File "<frozen importlib._bootstrap>", line 488, in _call_with_frames_removed
  File "/opt/airflow/dags/flights-pipeline.py", line 12, in <module>
    from scripts.bronze_layer import run_bronze_ingestion
ModuleNotFoundError: No module named 'scripts.bronze_layer'
[2026-04-29T12:28:05.887+0000] {processor.py:842} WARNING - No viable dags retrieved from /opt/airflow/dags/flights-pipeline.py
[2026-04-29T12:28:05.917+0000] {processor.py:183} INFO - Processing /opt/airflow/dags/flights-pipeline.py took 0.069 seconds
[2026-04-29T12:28:36.094+0000] {processor.py:161} INFO - Started process (PID=346) to work on /opt/airflow/dags/flights-pipeline.py
[2026-04-29T12:28:36.096+0000] {processor.py:830} INFO - Processing file /opt/airflow/dags/flights-pipeline.py for tasks to queue
[2026-04-29T12:28:36.099+0000] {logging_mixin.py:188} INFO - [2026-04-29T12:28:36.098+0000] {dagbag.py:545} INFO - Filling up the DagBag from /opt/airflow/dags/flights-pipeline.py
[2026-04-29T12:28:36.123+0000] {logging_mixin.py:188} INFO - [2026-04-29T12:28:36.118+0000] {dagbag.py:355} ERROR - Failed to import: /opt/airflow/dags/flights-pipeline.py
Traceback (most recent call last):
  File "/home/airflow/.local/lib/python3.12/site-packages/airflow/models/dagbag.py", line 351, in parse
    loader.exec_module(new_module)
  File "<frozen importlib._bootstrap_external>", line 995, in exec_module
  File "<frozen importlib._bootstrap>", line 488, in _call_with_frames_removed
  File "/opt/airflow/dags/flights-pipeline.py", line 12, in <module>
    from scripts.bronze_layer import run_bronze_ingestion
ModuleNotFoundError: No module named 'scripts.bronze_layer'
[2026-04-29T12:28:36.125+0000] {processor.py:842} WARNING - No viable dags retrieved from /opt/airflow/dags/flights-pipeline.py
[2026-04-29T12:28:36.161+0000] {processor.py:183} INFO - Processing /opt/airflow/dags/flights-pipeline.py took 0.075 seconds
[2026-04-29T12:29:06.372+0000] {processor.py:161} INFO - Started process (PID=347) to work on /opt/airflow/dags/flights-pipeline.py
[2026-04-29T12:29:06.373+0000] {processor.py:830} INFO - Processing file /opt/airflow/dags/flights-pipeline.py for tasks to queue
[2026-04-29T12:29:06.376+0000] {logging_mixin.py:188} INFO - [2026-04-29T12:29:06.376+0000] {dagbag.py:545} INFO - Filling up the DagBag from /opt/airflow/dags/flights-pipeline.py
[2026-04-29T12:29:06.403+0000] {logging_mixin.py:188} INFO - [2026-04-29T12:29:06.398+0000] {dagbag.py:355} ERROR - Failed to import: /opt/airflow/dags/flights-pipeline.py
Traceback (most recent call last):
  File "/home/airflow/.local/lib/python3.12/site-packages/airflow/models/dagbag.py", line 351, in parse
    loader.exec_module(new_module)
  File "<frozen importlib._bootstrap_external>", line 995, in exec_module
  File "<frozen importlib._bootstrap>", line 488, in _call_with_frames_removed
  File "/opt/airflow/dags/flights-pipeline.py", line 12, in <module>
    from scripts.bronze_layer import run_bronze_ingestion
ModuleNotFoundError: No module named 'scripts.bronze_layer'
[2026-04-29T12:29:06.404+0000] {processor.py:842} WARNING - No viable dags retrieved from /opt/airflow/dags/flights-pipeline.py
[2026-04-29T12:29:06.442+0000] {processor.py:183} INFO - Processing /opt/airflow/dags/flights-pipeline.py took 0.078 seconds
[2026-04-29T12:29:36.665+0000] {processor.py:161} INFO - Started process (PID=348) to work on /opt/airflow/dags/flights-pipeline.py
[2026-04-29T12:29:36.667+0000] {processor.py:830} INFO - Processing file /opt/airflow/dags/flights-pipeline.py for tasks to queue
[2026-04-29T12:29:36.670+0000] {logging_mixin.py:188} INFO - [2026-04-29T12:29:36.669+0000] {dagbag.py:545} INFO - Filling up the DagBag from /opt/airflow/dags/flights-pipeline.py
[2026-04-29T12:29:36.695+0000] {logging_mixin.py:188} INFO - [2026-04-29T12:29:36.690+0000] {dagbag.py:355} ERROR - Failed to import: /opt/airflow/dags/flights-pipeline.py
Traceback (most recent call last):
  File "/home/airflow/.local/lib/python3.12/site-packages/airflow/models/dagbag.py", line 351, in parse
    loader.exec_module(new_module)
  File "<frozen importlib._bootstrap_external>", line 995, in exec_module
  File "<frozen importlib._bootstrap>", line 488, in _call_with_frames_removed
  File "/opt/airflow/dags/flights-pipeline.py", line 12, in <module>
    from scripts.bronze_layer import run_bronze_ingestion
ModuleNotFoundError: No module named 'scripts.bronze_layer'
[2026-04-29T12:29:36.698+0000] {processor.py:842} WARNING - No viable dags retrieved from /opt/airflow/dags/flights-pipeline.py
[2026-04-29T12:29:36.767+0000] {processor.py:183} INFO - Processing /opt/airflow/dags/flights-pipeline.py took 0.109 seconds
[2026-04-29T12:30:06.908+0000] {processor.py:161} INFO - Started process (PID=349) to work on /opt/airflow/dags/flights-pipeline.py
[2026-04-29T12:30:06.910+0000] {processor.py:830} INFO - Processing file /opt/airflow/dags/flights-pipeline.py for tasks to queue
[2026-04-29T12:30:06.913+0000] {logging_mixin.py:188} INFO - [2026-04-29T12:30:06.913+0000] {dagbag.py:545} INFO - Filling up the DagBag from /opt/airflow/dags/flights-pipeline.py
[2026-04-29T12:30:06.940+0000] {logging_mixin.py:188} INFO - [2026-04-29T12:30:06.934+0000] {dagbag.py:355} ERROR - Failed to import: /opt/airflow/dags/flights-pipeline.py
Traceback (most recent call last):
  File "/home/airflow/.local/lib/python3.12/site-packages/airflow/models/dagbag.py", line 351, in parse
    loader.exec_module(new_module)
  File "<frozen importlib._bootstrap_external>", line 995, in exec_module
  File "<frozen importlib._bootstrap>", line 488, in _call_with_frames_removed
  File "/opt/airflow/dags/flights-pipeline.py", line 12, in <module>
    from scripts.bronze_layer import run_bronze_ingestion
ModuleNotFoundError: No module named 'scripts.bronze_layer'
[2026-04-29T12:30:06.941+0000] {processor.py:842} WARNING - No viable dags retrieved from /opt/airflow/dags/flights-pipeline.py
[2026-04-29T12:30:06.978+0000] {processor.py:183} INFO - Processing /opt/airflow/dags/flights-pipeline.py took 0.079 seconds
[2026-04-29T12:30:37.203+0000] {processor.py:161} INFO - Started process (PID=350) to work on /opt/airflow/dags/flights-pipeline.py
[2026-04-29T12:30:37.205+0000] {processor.py:830} INFO - Processing file /opt/airflow/dags/flights-pipeline.py for tasks to queue
[2026-04-29T12:30:37.208+0000] {logging_mixin.py:188} INFO - [2026-04-29T12:30:37.207+0000] {dagbag.py:545} INFO - Filling up the DagBag from /opt/airflow/dags/flights-pipeline.py
[2026-04-29T12:30:37.235+0000] {logging_mixin.py:188} INFO - [2026-04-29T12:30:37.231+0000] {dagbag.py:355} ERROR - Failed to import: /opt/airflow/dags/flights-pipeline.py
Traceback (most recent call last):
  File "/home/airflow/.local/lib/python3.12/site-packages/airflow/models/dagbag.py", line 351, in parse
    loader.exec_module(new_module)
  File "<frozen importlib._bootstrap_external>", line 995, in exec_module
  File "<frozen importlib._bootstrap>", line 488, in _call_with_frames_removed
  File "/opt/airflow/dags/flights-pipeline.py", line 12, in <module>
    from scripts.bronze_layer import run_bronze_ingestion
ModuleNotFoundError: No module named 'scripts.bronze_layer'
[2026-04-29T12:30:37.237+0000] {processor.py:842} WARNING - No viable dags retrieved from /opt/airflow/dags/flights-pipeline.py
[2026-04-29T12:30:37.269+0000] {processor.py:183} INFO - Processing /opt/airflow/dags/flights-pipeline.py took 0.074 seconds
[2026-04-29T12:31:07.444+0000] {processor.py:161} INFO - Started process (PID=351) to work on /opt/airflow/dags/flights-pipeline.py
[2026-04-29T12:31:07.445+0000] {processor.py:830} INFO - Processing file /opt/airflow/dags/flights-pipeline.py for tasks to queue
[2026-04-29T12:31:07.448+0000] {logging_mixin.py:188} INFO - [2026-04-29T12:31:07.447+0000] {dagbag.py:545} INFO - Filling up the DagBag from /opt/airflow/dags/flights-pipeline.py
[2026-04-29T12:31:07.478+0000] {logging_mixin.py:188} INFO - [2026-04-29T12:31:07.473+0000] {dagbag.py:355} ERROR - Failed to import: /opt/airflow/dags/flights-pipeline.py
Traceback (most recent call last):
  File "/home/airflow/.local/lib/python3.12/site-packages/airflow/models/dagbag.py", line 351, in parse
    loader.exec_module(new_module)
  File "<frozen importlib._bootstrap_external>", line 995, in exec_module
  File "<frozen importlib._bootstrap>", line 488, in _call_with_frames_removed
  File "/opt/airflow/dags/flights-pipeline.py", line 12, in <module>
    from scripts.bronze_layer import run_bronze_ingestion
ModuleNotFoundError: No module named 'scripts.bronze_layer'
[2026-04-29T12:31:07.479+0000] {processor.py:842} WARNING - No viable dags retrieved from /opt/airflow/dags/flights-pipeline.py
[2026-04-29T12:31:07.510+0000] {processor.py:183} INFO - Processing /opt/airflow/dags/flights-pipeline.py took 0.074 seconds
[2026-04-29T12:31:37.733+0000] {processor.py:161} INFO - Started process (PID=352) to work on /opt/airflow/dags/flights-pipeline.py
[2026-04-29T12:31:37.735+0000] {processor.py:830} INFO - Processing file /opt/airflow/dags/flights-pipeline.py for tasks to queue
[2026-04-29T12:31:37.739+0000] {logging_mixin.py:188} INFO - [2026-04-29T12:31:37.738+0000] {dagbag.py:545} INFO - Filling up the DagBag from /opt/airflow/dags/flights-pipeline.py
[2026-04-29T12:31:37.766+0000] {logging_mixin.py:188} INFO - [2026-04-29T12:31:37.761+0000] {dagbag.py:355} ERROR - Failed to import: /opt/airflow/dags/flights-pipeline.py
Traceback (most recent call last):
  File "/home/airflow/.local/lib/python3.12/site-packages/airflow/models/dagbag.py", line 351, in parse
    loader.exec_module(new_module)
  File "<frozen importlib._bootstrap_external>", line 995, in exec_module
  File "<frozen importlib._bootstrap>", line 488, in _call_with_frames_removed
  File "/opt/airflow/dags/flights-pipeline.py", line 12, in <module>
    from scripts.bronze_layer import run_bronze_ingestion
ModuleNotFoundError: No module named 'scripts.bronze_layer'
[2026-04-29T12:31:37.769+0000] {processor.py:842} WARNING - No viable dags retrieved from /opt/airflow/dags/flights-pipeline.py
[2026-04-29T12:31:37.803+0000] {processor.py:183} INFO - Processing /opt/airflow/dags/flights-pipeline.py took 0.076 seconds
[2026-04-29T12:32:07.983+0000] {processor.py:161} INFO - Started process (PID=353) to work on /opt/airflow/dags/flights-pipeline.py
[2026-04-29T12:32:07.985+0000] {processor.py:830} INFO - Processing file /opt/airflow/dags/flights-pipeline.py for tasks to queue
[2026-04-29T12:32:07.988+0000] {logging_mixin.py:188} INFO - [2026-04-29T12:32:07.987+0000] {dagbag.py:545} INFO - Filling up the DagBag from /opt/airflow/dags/flights-pipeline.py
[2026-04-29T12:32:08.016+0000] {logging_mixin.py:188} INFO - [2026-04-29T12:32:08.011+0000] {dagbag.py:355} ERROR - Failed to import: /opt/airflow/dags/flights-pipeline.py
Traceback (most recent call last):
  File "/home/airflow/.local/lib/python3.12/site-packages/airflow/models/dagbag.py", line 351, in parse
    loader.exec_module(new_module)
  File "<frozen importlib._bootstrap_external>", line 995, in exec_module
  File "<frozen importlib._bootstrap>", line 488, in _call_with_frames_removed
  File "/opt/airflow/dags/flights-pipeline.py", line 12, in <module>
    from scripts.bronze_layer import run_bronze_ingestion
ModuleNotFoundError: No module named 'scripts.bronze_layer'
[2026-04-29T12:32:08.122+0000] {processor.py:842} WARNING - No viable dags retrieved from /opt/airflow/dags/flights-pipeline.py
[2026-04-29T12:32:08.158+0000] {processor.py:183} INFO - Processing /opt/airflow/dags/flights-pipeline.py took 0.183 seconds
[2026-04-29T12:32:38.253+0000] {processor.py:161} INFO - Started process (PID=354) to work on /opt/airflow/dags/flights-pipeline.py
[2026-04-29T12:32:38.254+0000] {processor.py:830} INFO - Processing file /opt/airflow/dags/flights-pipeline.py for tasks to queue
[2026-04-29T12:32:38.257+0000] {logging_mixin.py:188} INFO - [2026-04-29T12:32:38.257+0000] {dagbag.py:545} INFO - Filling up the DagBag from /opt/airflow/dags/flights-pipeline.py
[2026-04-29T12:32:38.287+0000] {logging_mixin.py:188} INFO - [2026-04-29T12:32:38.281+0000] {dagbag.py:355} ERROR - Failed to import: /opt/airflow/dags/flights-pipeline.py
Traceback (most recent call last):
  File "/home/airflow/.local/lib/python3.12/site-packages/airflow/models/dagbag.py", line 351, in parse
    loader.exec_module(new_module)
  File "<frozen importlib._bootstrap_external>", line 995, in exec_module
  File "<frozen importlib._bootstrap>", line 488, in _call_with_frames_removed
  File "/opt/airflow/dags/flights-pipeline.py", line 12, in <module>
    from scripts.bronze_layer import run_bronze_ingestion
ModuleNotFoundError: No module named 'scripts.bronze_layer'
[2026-04-29T12:32:38.288+0000] {processor.py:842} WARNING - No viable dags retrieved from /opt/airflow/dags/flights-pipeline.py
[2026-04-29T12:32:38.322+0000] {processor.py:183} INFO - Processing /opt/airflow/dags/flights-pipeline.py took 0.077 seconds
[2026-04-29T15:12:16.350+0000] {processor.py:161} INFO - Started process (PID=355) to work on /opt/airflow/dags/flights-pipeline.py
[2026-04-29T15:12:16.363+0000] {processor.py:830} INFO - Processing file /opt/airflow/dags/flights-pipeline.py for tasks to queue
[2026-04-29T15:12:16.409+0000] {logging_mixin.py:188} INFO - [2026-04-29T15:12:16.401+0000] {dagbag.py:545} INFO - Filling up the DagBag from /opt/airflow/dags/flights-pipeline.py
[2026-04-29T15:12:16.541+0000] {logging_mixin.py:188} INFO - [2026-04-29T15:12:16.512+0000] {dagbag.py:355} ERROR - Failed to import: /opt/airflow/dags/flights-pipeline.py
Traceback (most recent call last):
  File "/home/airflow/.local/lib/python3.12/site-packages/airflow/models/dagbag.py", line 351, in parse
    loader.exec_module(new_module)
  File "<frozen importlib._bootstrap_external>", line 995, in exec_module
  File "<frozen importlib._bootstrap>", line 488, in _call_with_frames_removed
  File "/opt/airflow/dags/flights-pipeline.py", line 12, in <module>
    from scripts.bronze_layer import run_bronze_ingestion
ModuleNotFoundError: No module named 'scripts.bronze_layer'
[2026-04-29T15:12:16.548+0000] {processor.py:842} WARNING - No viable dags retrieved from /opt/airflow/dags/flights-pipeline.py
[2026-04-29T15:12:17.980+0000] {processor.py:183} INFO - Processing /opt/airflow/dags/flights-pipeline.py took 1.790 seconds
[2026-04-29T15:12:53.371+0000] {processor.py:161} INFO - Started process (PID=356) to work on /opt/airflow/dags/flights-pipeline.py
[2026-04-29T15:12:53.414+0000] {processor.py:830} INFO - Processing file /opt/airflow/dags/flights-pipeline.py for tasks to queue
[2026-04-29T15:12:53.478+0000] {logging_mixin.py:188} INFO - [2026-04-29T15:12:53.472+0000] {dagbag.py:545} INFO - Filling up the DagBag from /opt/airflow/dags/flights-pipeline.py
[2026-04-29T15:12:53.607+0000] {logging_mixin.py:188} INFO - [2026-04-29T15:12:53.588+0000] {dagbag.py:355} ERROR - Failed to import: /opt/airflow/dags/flights-pipeline.py
Traceback (most recent call last):
  File "/home/airflow/.local/lib/python3.12/site-packages/airflow/models/dagbag.py", line 351, in parse
    loader.exec_module(new_module)
  File "<frozen importlib._bootstrap_external>", line 995, in exec_module
  File "<frozen importlib._bootstrap>", line 488, in _call_with_frames_removed
  File "/opt/airflow/dags/flights-pipeline.py", line 12, in <module>
    from scripts.bronze_layer import run_bronze_ingestion
ModuleNotFoundError: No module named 'scripts.bronze_layer'
[2026-04-29T15:12:53.712+0000] {processor.py:842} WARNING - No viable dags retrieved from /opt/airflow/dags/flights-pipeline.py
[2026-04-29T15:12:54.160+0000] {processor.py:183} INFO - Processing /opt/airflow/dags/flights-pipeline.py took 0.920 seconds
[2026-04-29T15:13:24.594+0000] {processor.py:161} INFO - Started process (PID=357) to work on /opt/airflow/dags/flights-pipeline.py
[2026-04-29T15:13:24.597+0000] {processor.py:830} INFO - Processing file /opt/airflow/dags/flights-pipeline.py for tasks to queue
[2026-04-29T15:13:24.609+0000] {logging_mixin.py:188} INFO - [2026-04-29T15:13:24.608+0000] {dagbag.py:545} INFO - Filling up the DagBag from /opt/airflow/dags/flights-pipeline.py
[2026-04-29T15:13:24.681+0000] {logging_mixin.py:188} INFO - [2026-04-29T15:13:24.671+0000] {dagbag.py:355} ERROR - Failed to import: /opt/airflow/dags/flights-pipeline.py
Traceback (most recent call last):
  File "/home/airflow/.local/lib/python3.12/site-packages/airflow/models/dagbag.py", line 351, in parse
    loader.exec_module(new_module)
  File "<frozen importlib._bootstrap_external>", line 995, in exec_module
  File "<frozen importlib._bootstrap>", line 488, in _call_with_frames_removed
  File "/opt/airflow/dags/flights-pipeline.py", line 12, in <module>
    from scripts.bronze_layer import run_bronze_ingestion
ModuleNotFoundError: No module named 'scripts.bronze_layer'
[2026-04-29T15:13:24.685+0000] {processor.py:842} WARNING - No viable dags retrieved from /opt/airflow/dags/flights-pipeline.py
[2026-04-29T15:13:24.796+0000] {processor.py:183} INFO - Processing /opt/airflow/dags/flights-pipeline.py took 0.218 seconds
[2026-04-29T15:13:54.981+0000] {processor.py:161} INFO - Started process (PID=358) to work on /opt/airflow/dags/flights-pipeline.py
[2026-04-29T15:13:54.984+0000] {processor.py:830} INFO - Processing file /opt/airflow/dags/flights-pipeline.py for tasks to queue
[2026-04-29T15:13:54.990+0000] {logging_mixin.py:188} INFO - [2026-04-29T15:13:54.989+0000] {dagbag.py:545} INFO - Filling up the DagBag from /opt/airflow/dags/flights-pipeline.py
[2026-04-29T15:13:55.047+0000] {logging_mixin.py:188} INFO - [2026-04-29T15:13:55.035+0000] {dagbag.py:355} ERROR - Failed to import: /opt/airflow/dags/flights-pipeline.py
Traceback (most recent call last):
  File "/home/airflow/.local/lib/python3.12/site-packages/airflow/models/dagbag.py", line 351, in parse
    loader.exec_module(new_module)
  File "<frozen importlib._bootstrap_external>", line 995, in exec_module
  File "<frozen importlib._bootstrap>", line 488, in _call_with_frames_removed
  File "/opt/airflow/dags/flights-pipeline.py", line 12, in <module>
    from scripts.bronze_layer import run_bronze_ingestion
ModuleNotFoundError: No module named 'scripts.bronze_layer'
[2026-04-29T15:13:55.050+0000] {processor.py:842} WARNING - No viable dags retrieved from /opt/airflow/dags/flights-pipeline.py
[2026-04-29T15:13:55.125+0000] {processor.py:183} INFO - Processing /opt/airflow/dags/flights-pipeline.py took 0.176 seconds
[2026-04-29T15:14:25.609+0000] {processor.py:161} INFO - Started process (PID=359) to work on /opt/airflow/dags/flights-pipeline.py
[2026-04-29T15:14:25.614+0000] {processor.py:830} INFO - Processing file /opt/airflow/dags/flights-pipeline.py for tasks to queue
[2026-04-29T15:14:25.623+0000] {logging_mixin.py:188} INFO - [2026-04-29T15:14:25.621+0000] {dagbag.py:545} INFO - Filling up the DagBag from /opt/airflow/dags/flights-pipeline.py
[2026-04-29T15:14:25.710+0000] {logging_mixin.py:188} INFO - [2026-04-29T15:14:25.696+0000] {dagbag.py:355} ERROR - Failed to import: /opt/airflow/dags/flights-pipeline.py
Traceback (most recent call last):
  File "/home/airflow/.local/lib/python3.12/site-packages/airflow/models/dagbag.py", line 351, in parse
    loader.exec_module(new_module)
  File "<frozen importlib._bootstrap_external>", line 995, in exec_module
  File "<frozen importlib._bootstrap>", line 488, in _call_with_frames_removed
  File "/opt/airflow/dags/flights-pipeline.py", line 12, in <module>
    from scripts.bronze_layer import run_bronze_ingestion
ModuleNotFoundError: No module named 'scripts.bronze_layer'
[2026-04-29T15:14:25.716+0000] {processor.py:842} WARNING - No viable dags retrieved from /opt/airflow/dags/flights-pipeline.py
[2026-04-29T15:14:25.800+0000] {processor.py:183} INFO - Processing /opt/airflow/dags/flights-pipeline.py took 0.216 seconds
[2026-04-29T15:14:56.021+0000] {processor.py:161} INFO - Started process (PID=360) to work on /opt/airflow/dags/flights-pipeline.py
[2026-04-29T15:14:56.025+0000] {processor.py:830} INFO - Processing file /opt/airflow/dags/flights-pipeline.py for tasks to queue
[2026-04-29T15:14:56.031+0000] {logging_mixin.py:188} INFO - [2026-04-29T15:14:56.030+0000] {dagbag.py:545} INFO - Filling up the DagBag from /opt/airflow/dags/flights-pipeline.py
[2026-04-29T15:14:56.112+0000] {logging_mixin.py:188} INFO - [2026-04-29T15:14:56.095+0000] {dagbag.py:355} ERROR - Failed to import: /opt/airflow/dags/flights-pipeline.py
Traceback (most recent call last):
  File "/home/airflow/.local/lib/python3.12/site-packages/airflow/models/dagbag.py", line 351, in parse
    loader.exec_module(new_module)
  File "<frozen importlib._bootstrap_external>", line 995, in exec_module
  File "<frozen importlib._bootstrap>", line 488, in _call_with_frames_removed
  File "/opt/airflow/dags/flights-pipeline.py", line 12, in <module>
    from scripts.bronze_layer import run_bronze_ingestion
ModuleNotFoundError: No module named 'scripts.bronze_layer'
[2026-04-29T15:14:56.118+0000] {processor.py:842} WARNING - No viable dags retrieved from /opt/airflow/dags/flights-pipeline.py
[2026-04-29T15:14:56.203+0000] {processor.py:183} INFO - Processing /opt/airflow/dags/flights-pipeline.py took 0.202 seconds
[2026-04-29T15:15:26.612+0000] {processor.py:161} INFO - Started process (PID=361) to work on /opt/airflow/dags/flights-pipeline.py
[2026-04-29T15:15:26.616+0000] {processor.py:830} INFO - Processing file /opt/airflow/dags/flights-pipeline.py for tasks to queue
[2026-04-29T15:15:26.623+0000] {logging_mixin.py:188} INFO - [2026-04-29T15:15:26.622+0000] {dagbag.py:545} INFO - Filling up the DagBag from /opt/airflow/dags/flights-pipeline.py
[2026-04-29T15:15:26.676+0000] {logging_mixin.py:188} INFO - [2026-04-29T15:15:26.667+0000] {dagbag.py:355} ERROR - Failed to import: /opt/airflow/dags/flights-pipeline.py
Traceback (most recent call last):
  File "/home/airflow/.local/lib/python3.12/site-packages/airflow/models/dagbag.py", line 351, in parse
    loader.exec_module(new_module)
  File "<frozen importlib._bootstrap_external>", line 995, in exec_module
  File "<frozen importlib._bootstrap>", line 488, in _call_with_frames_removed
  File "/opt/airflow/dags/flights-pipeline.py", line 12, in <module>
    from scripts.bronze_layer import run_bronze_ingestion
ModuleNotFoundError: No module named 'scripts.bronze_layer'
[2026-04-29T15:15:26.680+0000] {processor.py:842} WARNING - No viable dags retrieved from /opt/airflow/dags/flights-pipeline.py
[2026-04-29T15:15:26.749+0000] {processor.py:183} INFO - Processing /opt/airflow/dags/flights-pipeline.py took 0.162 seconds
[2026-04-29T15:15:57.006+0000] {processor.py:161} INFO - Started process (PID=362) to work on /opt/airflow/dags/flights-pipeline.py
[2026-04-29T15:15:57.010+0000] {processor.py:830} INFO - Processing file /opt/airflow/dags/flights-pipeline.py for tasks to queue
[2026-04-29T15:15:57.017+0000] {logging_mixin.py:188} INFO - [2026-04-29T15:15:57.015+0000] {dagbag.py:545} INFO - Filling up the DagBag from /opt/airflow/dags/flights-pipeline.py
[2026-04-29T15:15:57.099+0000] {logging_mixin.py:188} INFO - [2026-04-29T15:15:57.085+0000] {dagbag.py:355} ERROR - Failed to import: /opt/airflow/dags/flights-pipeline.py
Traceback (most recent call last):
  File "/home/airflow/.local/lib/python3.12/site-packages/airflow/models/dagbag.py", line 351, in parse
    loader.exec_module(new_module)
  File "<frozen importlib._bootstrap_external>", line 995, in exec_module
  File "<frozen importlib._bootstrap>", line 488, in _call_with_frames_removed
  File "/opt/airflow/dags/flights-pipeline.py", line 12, in <module>
    from scripts.bronze_layer import run_bronze_ingestion
ModuleNotFoundError: No module named 'scripts.bronze_layer'
[2026-04-29T15:15:57.106+0000] {processor.py:842} WARNING - No viable dags retrieved from /opt/airflow/dags/flights-pipeline.py
[2026-04-29T15:15:57.196+0000] {processor.py:183} INFO - Processing /opt/airflow/dags/flights-pipeline.py took 0.210 seconds
[2026-04-29T15:16:27.568+0000] {processor.py:161} INFO - Started process (PID=363) to work on /opt/airflow/dags/flights-pipeline.py
[2026-04-29T15:16:27.572+0000] {processor.py:830} INFO - Processing file /opt/airflow/dags/flights-pipeline.py for tasks to queue
[2026-04-29T15:16:27.580+0000] {logging_mixin.py:188} INFO - [2026-04-29T15:16:27.579+0000] {dagbag.py:545} INFO - Filling up the DagBag from /opt/airflow/dags/flights-pipeline.py
[2026-04-29T15:16:27.669+0000] {logging_mixin.py:188} INFO - [2026-04-29T15:16:27.653+0000] {dagbag.py:355} ERROR - Failed to import: /opt/airflow/dags/flights-pipeline.py
Traceback (most recent call last):
  File "/home/airflow/.local/lib/python3.12/site-packages/airflow/models/dagbag.py", line 351, in parse
    loader.exec_module(new_module)
  File "<frozen importlib._bootstrap_external>", line 995, in exec_module
  File "<frozen importlib._bootstrap>", line 488, in _call_with_frames_removed
  File "/opt/airflow/dags/flights-pipeline.py", line 12, in <module>
    from scripts.bronze_layer import run_bronze_ingestion
ModuleNotFoundError: No module named 'scripts.bronze_layer'
[2026-04-29T15:16:27.676+0000] {processor.py:842} WARNING - No viable dags retrieved from /opt/airflow/dags/flights-pipeline.py
[2026-04-29T15:16:27.767+0000] {processor.py:183} INFO - Processing /opt/airflow/dags/flights-pipeline.py took 0.223 seconds
[2026-04-29T15:16:57.949+0000] {processor.py:161} INFO - Started process (PID=364) to work on /opt/airflow/dags/flights-pipeline.py
[2026-04-29T15:16:57.953+0000] {processor.py:830} INFO - Processing file /opt/airflow/dags/flights-pipeline.py for tasks to queue
[2026-04-29T15:16:57.958+0000] {logging_mixin.py:188} INFO - [2026-04-29T15:16:57.957+0000] {dagbag.py:545} INFO - Filling up the DagBag from /opt/airflow/dags/flights-pipeline.py
[2026-04-29T15:16:58.020+0000] {logging_mixin.py:188} INFO - [2026-04-29T15:16:58.008+0000] {dagbag.py:355} ERROR - Failed to import: /opt/airflow/dags/flights-pipeline.py
Traceback (most recent call last):
  File "/home/airflow/.local/lib/python3.12/site-packages/airflow/models/dagbag.py", line 351, in parse
    loader.exec_module(new_module)
  File "<frozen importlib._bootstrap_external>", line 995, in exec_module
  File "<frozen importlib._bootstrap>", line 488, in _call_with_frames_removed
  File "/opt/airflow/dags/flights-pipeline.py", line 12, in <module>
    from scripts.bronze_layer import run_bronze_ingestion
ModuleNotFoundError: No module named 'scripts.bronze_layer'
[2026-04-29T15:16:58.025+0000] {processor.py:842} WARNING - No viable dags retrieved from /opt/airflow/dags/flights-pipeline.py
[2026-04-29T15:16:58.093+0000] {processor.py:183} INFO - Processing /opt/airflow/dags/flights-pipeline.py took 0.162 seconds
[2026-04-29T15:17:28.769+0000] {processor.py:161} INFO - Started process (PID=365) to work on /opt/airflow/dags/flights-pipeline.py
[2026-04-29T15:17:28.773+0000] {processor.py:830} INFO - Processing file /opt/airflow/dags/flights-pipeline.py for tasks to queue
[2026-04-29T15:17:28.782+0000] {logging_mixin.py:188} INFO - [2026-04-29T15:17:28.780+0000] {dagbag.py:545} INFO - Filling up the DagBag from /opt/airflow/dags/flights-pipeline.py
[2026-04-29T15:17:28.849+0000] {logging_mixin.py:188} INFO - [2026-04-29T15:17:28.836+0000] {dagbag.py:355} ERROR - Failed to import: /opt/airflow/dags/flights-pipeline.py
Traceback (most recent call last):
  File "/home/airflow/.local/lib/python3.12/site-packages/airflow/models/dagbag.py", line 351, in parse
    loader.exec_module(new_module)
  File "<frozen importlib._bootstrap_external>", line 995, in exec_module
  File "<frozen importlib._bootstrap>", line 488, in _call_with_frames_removed
  File "/opt/airflow/dags/flights-pipeline.py", line 12, in <module>
    from scripts.bronze_layer import run_bronze_ingestion
ModuleNotFoundError: No module named 'scripts.bronze_layer'
[2026-04-29T15:17:28.853+0000] {processor.py:842} WARNING - No viable dags retrieved from /opt/airflow/dags/flights-pipeline.py
[2026-04-29T15:17:28.945+0000] {processor.py:183} INFO - Processing /opt/airflow/dags/flights-pipeline.py took 0.193 seconds
[2026-04-29T15:17:59.163+0000] {processor.py:161} INFO - Started process (PID=366) to work on /opt/airflow/dags/flights-pipeline.py
[2026-04-29T15:17:59.167+0000] {processor.py:830} INFO - Processing file /opt/airflow/dags/flights-pipeline.py for tasks to queue
[2026-04-29T15:17:59.173+0000] {logging_mixin.py:188} INFO - [2026-04-29T15:17:59.172+0000] {dagbag.py:545} INFO - Filling up the DagBag from /opt/airflow/dags/flights-pipeline.py
[2026-04-29T15:17:59.228+0000] {logging_mixin.py:188} INFO - [2026-04-29T15:17:59.218+0000] {dagbag.py:355} ERROR - Failed to import: /opt/airflow/dags/flights-pipeline.py
Traceback (most recent call last):
  File "/home/airflow/.local/lib/python3.12/site-packages/airflow/models/dagbag.py", line 351, in parse
    loader.exec_module(new_module)
  File "<frozen importlib._bootstrap_external>", line 995, in exec_module
  File "<frozen importlib._bootstrap>", line 488, in _call_with_frames_removed
  File "/opt/airflow/dags/flights-pipeline.py", line 12, in <module>
    from scripts.bronze_layer import run_bronze_ingestion
ModuleNotFoundError: No module named 'scripts.bronze_layer'
[2026-04-29T15:17:59.232+0000] {processor.py:842} WARNING - No viable dags retrieved from /opt/airflow/dags/flights-pipeline.py
[2026-04-29T15:17:59.295+0000] {processor.py:183} INFO - Processing /opt/airflow/dags/flights-pipeline.py took 0.145 seconds
[2026-04-29T15:18:29.741+0000] {processor.py:161} INFO - Started process (PID=367) to work on /opt/airflow/dags/flights-pipeline.py
[2026-04-29T15:18:29.745+0000] {processor.py:830} INFO - Processing file /opt/airflow/dags/flights-pipeline.py for tasks to queue
[2026-04-29T15:18:29.755+0000] {logging_mixin.py:188} INFO - [2026-04-29T15:18:29.753+0000] {dagbag.py:545} INFO - Filling up the DagBag from /opt/airflow/dags/flights-pipeline.py
[2026-04-29T15:18:29.837+0000] {logging_mixin.py:188} INFO - [2026-04-29T15:18:29.822+0000] {dagbag.py:355} ERROR - Failed to import: /opt/airflow/dags/flights-pipeline.py
Traceback (most recent call last):
  File "/home/airflow/.local/lib/python3.12/site-packages/airflow/models/dagbag.py", line 351, in parse
    loader.exec_module(new_module)
  File "<frozen importlib._bootstrap_external>", line 995, in exec_module
  File "<frozen importlib._bootstrap>", line 488, in _call_with_frames_removed
  File "/opt/airflow/dags/flights-pipeline.py", line 12, in <module>
    from scripts.bronze_layer import run_bronze_ingestion
ModuleNotFoundError: No module named 'scripts.bronze_layer'
[2026-04-29T15:18:29.848+0000] {processor.py:842} WARNING - No viable dags retrieved from /opt/airflow/dags/flights-pipeline.py
[2026-04-29T15:18:29.932+0000] {processor.py:183} INFO - Processing /opt/airflow/dags/flights-pipeline.py took 0.214 seconds
[2026-04-29T15:19:00.198+0000] {processor.py:161} INFO - Started process (PID=368) to work on /opt/airflow/dags/flights-pipeline.py
[2026-04-29T15:19:00.201+0000] {processor.py:830} INFO - Processing file /opt/airflow/dags/flights-pipeline.py for tasks to queue
[2026-04-29T15:19:00.207+0000] {logging_mixin.py:188} INFO - [2026-04-29T15:19:00.205+0000] {dagbag.py:545} INFO - Filling up the DagBag from /opt/airflow/dags/flights-pipeline.py
[2026-04-29T15:19:00.288+0000] {logging_mixin.py:188} INFO - [2026-04-29T15:19:00.278+0000] {dagbag.py:355} ERROR - Failed to import: /opt/airflow/dags/flights-pipeline.py
Traceback (most recent call last):
  File "/home/airflow/.local/lib/python3.12/site-packages/airflow/models/dagbag.py", line 351, in parse
    loader.exec_module(new_module)
  File "<frozen importlib._bootstrap_external>", line 995, in exec_module
  File "<frozen importlib._bootstrap>", line 488, in _call_with_frames_removed
  File "/opt/airflow/dags/flights-pipeline.py", line 12, in <module>
    from scripts.bronze_layer import run_bronze_ingestion
ModuleNotFoundError: No module named 'scripts.bronze_layer'
[2026-04-29T15:19:00.293+0000] {processor.py:842} WARNING - No viable dags retrieved from /opt/airflow/dags/flights-pipeline.py
[2026-04-29T15:19:00.349+0000] {processor.py:183} INFO - Processing /opt/airflow/dags/flights-pipeline.py took 0.173 seconds
[2026-04-29T15:19:30.746+0000] {processor.py:161} INFO - Started process (PID=369) to work on /opt/airflow/dags/flights-pipeline.py
[2026-04-29T15:19:30.750+0000] {processor.py:830} INFO - Processing file /opt/airflow/dags/flights-pipeline.py for tasks to queue
[2026-04-29T15:19:30.758+0000] {logging_mixin.py:188} INFO - [2026-04-29T15:19:30.757+0000] {dagbag.py:545} INFO - Filling up the DagBag from /opt/airflow/dags/flights-pipeline.py
[2026-04-29T15:19:30.838+0000] {logging_mixin.py:188} INFO - [2026-04-29T15:19:30.824+0000] {dagbag.py:355} ERROR - Failed to import: /opt/airflow/dags/flights-pipeline.py
Traceback (most recent call last):
  File "/home/airflow/.local/lib/python3.12/site-packages/airflow/models/dagbag.py", line 351, in parse
    loader.exec_module(new_module)
  File "<frozen importlib._bootstrap_external>", line 995, in exec_module
  File "<frozen importlib._bootstrap>", line 488, in _call_with_frames_removed
  File "/opt/airflow/dags/flights-pipeline.py", line 12, in <module>
    from scripts.bronze_layer import run_bronze_ingestion
ModuleNotFoundError: No module named 'scripts.bronze_layer'
[2026-04-29T15:19:30.843+0000] {processor.py:842} WARNING - No viable dags retrieved from /opt/airflow/dags/flights-pipeline.py
[2026-04-29T15:19:30.925+0000] {processor.py:183} INFO - Processing /opt/airflow/dags/flights-pipeline.py took 0.199 seconds
[2026-04-29T15:20:01.140+0000] {processor.py:161} INFO - Started process (PID=370) to work on /opt/airflow/dags/flights-pipeline.py
[2026-04-29T15:20:01.143+0000] {processor.py:830} INFO - Processing file /opt/airflow/dags/flights-pipeline.py for tasks to queue
[2026-04-29T15:20:01.152+0000] {logging_mixin.py:188} INFO - [2026-04-29T15:20:01.151+0000] {dagbag.py:545} INFO - Filling up the DagBag from /opt/airflow/dags/flights-pipeline.py
[2026-04-29T15:20:01.208+0000] {logging_mixin.py:188} INFO - [2026-04-29T15:20:01.197+0000] {dagbag.py:355} ERROR - Failed to import: /opt/airflow/dags/flights-pipeline.py
Traceback (most recent call last):
  File "/home/airflow/.local/lib/python3.12/site-packages/airflow/models/dagbag.py", line 351, in parse
    loader.exec_module(new_module)
  File "<frozen importlib._bootstrap_external>", line 995, in exec_module
  File "<frozen importlib._bootstrap>", line 488, in _call_with_frames_removed
  File "/opt/airflow/dags/flights-pipeline.py", line 12, in <module>
    from scripts.bronze_layer import run_bronze_ingestion
ModuleNotFoundError: No module named 'scripts.bronze_layer'
[2026-04-29T15:20:01.213+0000] {processor.py:842} WARNING - No viable dags retrieved from /opt/airflow/dags/flights-pipeline.py
[2026-04-29T15:20:01.278+0000] {processor.py:183} INFO - Processing /opt/airflow/dags/flights-pipeline.py took 0.159 seconds
[2026-04-29T15:20:31.684+0000] {processor.py:161} INFO - Started process (PID=371) to work on /opt/airflow/dags/flights-pipeline.py
[2026-04-29T15:20:31.687+0000] {processor.py:830} INFO - Processing file /opt/airflow/dags/flights-pipeline.py for tasks to queue
[2026-04-29T15:20:31.700+0000] {logging_mixin.py:188} INFO - [2026-04-29T15:20:31.699+0000] {dagbag.py:545} INFO - Filling up the DagBag from /opt/airflow/dags/flights-pipeline.py
[2026-04-29T15:20:31.759+0000] {logging_mixin.py:188} INFO - [2026-04-29T15:20:31.748+0000] {dagbag.py:355} ERROR - Failed to import: /opt/airflow/dags/flights-pipeline.py
Traceback (most recent call last):
  File "/home/airflow/.local/lib/python3.12/site-packages/airflow/models/dagbag.py", line 351, in parse
    loader.exec_module(new_module)
  File "<frozen importlib._bootstrap_external>", line 995, in exec_module
  File "<frozen importlib._bootstrap>", line 488, in _call_with_frames_removed
  File "/opt/airflow/dags/flights-pipeline.py", line 12, in <module>
    from scripts.bronze_layer import run_bronze_ingestion
ModuleNotFoundError: No module named 'scripts.bronze_layer'
[2026-04-29T15:20:31.764+0000] {processor.py:842} WARNING - No viable dags retrieved from /opt/airflow/dags/flights-pipeline.py
[2026-04-29T15:20:31.827+0000] {processor.py:183} INFO - Processing /opt/airflow/dags/flights-pipeline.py took 0.167 seconds
[2026-04-29T15:21:02.133+0000] {processor.py:161} INFO - Started process (PID=372) to work on /opt/airflow/dags/flights-pipeline.py
[2026-04-29T15:21:02.137+0000] {processor.py:830} INFO - Processing file /opt/airflow/dags/flights-pipeline.py for tasks to queue
[2026-04-29T15:21:02.143+0000] {logging_mixin.py:188} INFO - [2026-04-29T15:21:02.142+0000] {dagbag.py:545} INFO - Filling up the DagBag from /opt/airflow/dags/flights-pipeline.py
[2026-04-29T15:21:02.203+0000] {logging_mixin.py:188} INFO - [2026-04-29T15:21:02.193+0000] {dagbag.py:355} ERROR - Failed to import: /opt/airflow/dags/flights-pipeline.py
Traceback (most recent call last):
  File "/home/airflow/.local/lib/python3.12/site-packages/airflow/models/dagbag.py", line 351, in parse
    loader.exec_module(new_module)
  File "<frozen importlib._bootstrap_external>", line 995, in exec_module
  File "<frozen importlib._bootstrap>", line 488, in _call_with_frames_removed
  File "/opt/airflow/dags/flights-pipeline.py", line 12, in <module>
    from scripts.bronze_layer import run_bronze_ingestion
ModuleNotFoundError: No module named 'scripts.bronze_layer'
[2026-04-29T15:21:02.208+0000] {processor.py:842} WARNING - No viable dags retrieved from /opt/airflow/dags/flights-pipeline.py
[2026-04-29T15:21:02.270+0000] {processor.py:183} INFO - Processing /opt/airflow/dags/flights-pipeline.py took 0.164 seconds
[2026-04-29T15:21:32.634+0000] {processor.py:161} INFO - Started process (PID=373) to work on /opt/airflow/dags/flights-pipeline.py
[2026-04-29T15:21:32.637+0000] {processor.py:830} INFO - Processing file /opt/airflow/dags/flights-pipeline.py for tasks to queue
[2026-04-29T15:21:32.644+0000] {logging_mixin.py:188} INFO - [2026-04-29T15:21:32.643+0000] {dagbag.py:545} INFO - Filling up the DagBag from /opt/airflow/dags/flights-pipeline.py
[2026-04-29T15:21:32.697+0000] {logging_mixin.py:188} INFO - [2026-04-29T15:21:32.688+0000] {dagbag.py:355} ERROR - Failed to import: /opt/airflow/dags/flights-pipeline.py
Traceback (most recent call last):
  File "/home/airflow/.local/lib/python3.12/site-packages/airflow/models/dagbag.py", line 351, in parse
    loader.exec_module(new_module)
  File "<frozen importlib._bootstrap_external>", line 995, in exec_module
  File "<frozen importlib._bootstrap>", line 488, in _call_with_frames_removed
  File "/opt/airflow/dags/flights-pipeline.py", line 12, in <module>
    from scripts.bronze_layer import run_bronze_ingestion
ModuleNotFoundError: No module named 'scripts.bronze_layer'
[2026-04-29T15:21:32.701+0000] {processor.py:842} WARNING - No viable dags retrieved from /opt/airflow/dags/flights-pipeline.py
[2026-04-29T15:21:32.772+0000] {processor.py:183} INFO - Processing /opt/airflow/dags/flights-pipeline.py took 0.156 seconds
[2026-04-29T15:22:03.045+0000] {processor.py:161} INFO - Started process (PID=374) to work on /opt/airflow/dags/flights-pipeline.py
[2026-04-29T15:22:03.049+0000] {processor.py:830} INFO - Processing file /opt/airflow/dags/flights-pipeline.py for tasks to queue
[2026-04-29T15:22:03.055+0000] {logging_mixin.py:188} INFO - [2026-04-29T15:22:03.054+0000] {dagbag.py:545} INFO - Filling up the DagBag from /opt/airflow/dags/flights-pipeline.py
[2026-04-29T15:22:03.143+0000] {logging_mixin.py:188} INFO - [2026-04-29T15:22:03.124+0000] {dagbag.py:355} ERROR - Failed to import: /opt/airflow/dags/flights-pipeline.py
Traceback (most recent call last):
  File "/home/airflow/.local/lib/python3.12/site-packages/airflow/models/dagbag.py", line 351, in parse
    loader.exec_module(new_module)
  File "<frozen importlib._bootstrap_external>", line 995, in exec_module
  File "<frozen importlib._bootstrap>", line 488, in _call_with_frames_removed
  File "/opt/airflow/dags/flights-pipeline.py", line 12, in <module>
    from scripts.bronze_layer import run_bronze_ingestion
ModuleNotFoundError: No module named 'scripts.bronze_layer'
[2026-04-29T15:22:03.149+0000] {processor.py:842} WARNING - No viable dags retrieved from /opt/airflow/dags/flights-pipeline.py
[2026-04-29T15:22:03.211+0000] {processor.py:183} INFO - Processing /opt/airflow/dags/flights-pipeline.py took 0.190 seconds
[2026-04-29T15:22:33.646+0000] {processor.py:161} INFO - Started process (PID=375) to work on /opt/airflow/dags/flights-pipeline.py
[2026-04-29T15:22:33.649+0000] {processor.py:830} INFO - Processing file /opt/airflow/dags/flights-pipeline.py for tasks to queue
[2026-04-29T15:22:33.657+0000] {logging_mixin.py:188} INFO - [2026-04-29T15:22:33.655+0000] {dagbag.py:545} INFO - Filling up the DagBag from /opt/airflow/dags/flights-pipeline.py
[2026-04-29T15:22:33.739+0000] {logging_mixin.py:188} INFO - [2026-04-29T15:22:33.725+0000] {dagbag.py:355} ERROR - Failed to import: /opt/airflow/dags/flights-pipeline.py
Traceback (most recent call last):
  File "/home/airflow/.local/lib/python3.12/site-packages/airflow/models/dagbag.py", line 351, in parse
    loader.exec_module(new_module)
  File "<frozen importlib._bootstrap_external>", line 995, in exec_module
  File "<frozen importlib._bootstrap>", line 488, in _call_with_frames_removed
  File "/opt/airflow/dags/flights-pipeline.py", line 12, in <module>
    from scripts.bronze_layer import run_bronze_ingestion
ModuleNotFoundError: No module named 'scripts.bronze_layer'
[2026-04-29T15:22:33.744+0000] {processor.py:842} WARNING - No viable dags retrieved from /opt/airflow/dags/flights-pipeline.py
[2026-04-29T15:22:33.828+0000] {processor.py:183} INFO - Processing /opt/airflow/dags/flights-pipeline.py took 0.204 seconds
[2026-04-29T15:23:04.128+0000] {processor.py:161} INFO - Started process (PID=376) to work on /opt/airflow/dags/flights-pipeline.py
[2026-04-29T15:23:04.132+0000] {processor.py:830} INFO - Processing file /opt/airflow/dags/flights-pipeline.py for tasks to queue
[2026-04-29T15:23:04.139+0000] {logging_mixin.py:188} INFO - [2026-04-29T15:23:04.138+0000] {dagbag.py:545} INFO - Filling up the DagBag from /opt/airflow/dags/flights-pipeline.py
[2026-04-29T15:23:04.198+0000] {logging_mixin.py:188} INFO - [2026-04-29T15:23:04.186+0000] {dagbag.py:355} ERROR - Failed to import: /opt/airflow/dags/flights-pipeline.py
Traceback (most recent call last):
  File "/home/airflow/.local/lib/python3.12/site-packages/airflow/models/dagbag.py", line 351, in parse
    loader.exec_module(new_module)
  File "<frozen importlib._bootstrap_external>", line 995, in exec_module
  File "<frozen importlib._bootstrap>", line 488, in _call_with_frames_removed
  File "/opt/airflow/dags/flights-pipeline.py", line 12, in <module>
    from scripts.bronze_layer import run_bronze_ingestion
ModuleNotFoundError: No module named 'scripts.bronze_layer'
[2026-04-29T15:23:04.201+0000] {processor.py:842} WARNING - No viable dags retrieved from /opt/airflow/dags/flights-pipeline.py
[2026-04-29T15:23:04.262+0000] {processor.py:183} INFO - Processing /opt/airflow/dags/flights-pipeline.py took 0.155 seconds
[2026-04-29T15:23:34.646+0000] {processor.py:161} INFO - Started process (PID=377) to work on /opt/airflow/dags/flights-pipeline.py
[2026-04-29T15:23:34.649+0000] {processor.py:830} INFO - Processing file /opt/airflow/dags/flights-pipeline.py for tasks to queue
[2026-04-29T15:23:34.657+0000] {logging_mixin.py:188} INFO - [2026-04-29T15:23:34.655+0000] {dagbag.py:545} INFO - Filling up the DagBag from /opt/airflow/dags/flights-pipeline.py
[2026-04-29T15:23:34.716+0000] {logging_mixin.py:188} INFO - [2026-04-29T15:23:34.705+0000] {dagbag.py:355} ERROR - Failed to import: /opt/airflow/dags/flights-pipeline.py
Traceback (most recent call last):
  File "/home/airflow/.local/lib/python3.12/site-packages/airflow/models/dagbag.py", line 351, in parse
    loader.exec_module(new_module)
  File "<frozen importlib._bootstrap_external>", line 995, in exec_module
  File "<frozen importlib._bootstrap>", line 488, in _call_with_frames_removed
  File "/opt/airflow/dags/flights-pipeline.py", line 12, in <module>
    from scripts.bronze_layer import run_bronze_ingestion
ModuleNotFoundError: No module named 'scripts.bronze_layer'
[2026-04-29T15:23:34.722+0000] {processor.py:842} WARNING - No viable dags retrieved from /opt/airflow/dags/flights-pipeline.py
[2026-04-29T15:23:34.783+0000] {processor.py:183} INFO - Processing /opt/airflow/dags/flights-pipeline.py took 0.157 seconds
[2026-04-29T15:24:04.995+0000] {processor.py:161} INFO - Started process (PID=378) to work on /opt/airflow/dags/flights-pipeline.py
[2026-04-29T15:24:04.998+0000] {processor.py:830} INFO - Processing file /opt/airflow/dags/flights-pipeline.py for tasks to queue
[2026-04-29T15:24:05.003+0000] {logging_mixin.py:188} INFO - [2026-04-29T15:24:05.003+0000] {dagbag.py:545} INFO - Filling up the DagBag from /opt/airflow/dags/flights-pipeline.py
[2026-04-29T15:24:05.064+0000] {logging_mixin.py:188} INFO - [2026-04-29T15:24:05.052+0000] {dagbag.py:355} ERROR - Failed to import: /opt/airflow/dags/flights-pipeline.py
Traceback (most recent call last):
  File "/home/airflow/.local/lib/python3.12/site-packages/airflow/models/dagbag.py", line 351, in parse
    loader.exec_module(new_module)
  File "<frozen importlib._bootstrap_external>", line 995, in exec_module
  File "<frozen importlib._bootstrap>", line 488, in _call_with_frames_removed
  File "/opt/airflow/dags/flights-pipeline.py", line 12, in <module>
    from scripts.bronze_layer import run_bronze_ingestion
ModuleNotFoundError: No module named 'scripts.bronze_layer'
[2026-04-29T15:24:05.067+0000] {processor.py:842} WARNING - No viable dags retrieved from /opt/airflow/dags/flights-pipeline.py
[2026-04-29T15:24:05.118+0000] {processor.py:183} INFO - Processing /opt/airflow/dags/flights-pipeline.py took 0.136 seconds
[2026-04-29T15:24:35.388+0000] {processor.py:161} INFO - Started process (PID=379) to work on /opt/airflow/dags/flights-pipeline.py
[2026-04-29T15:24:35.391+0000] {processor.py:830} INFO - Processing file /opt/airflow/dags/flights-pipeline.py for tasks to queue
[2026-04-29T15:24:35.399+0000] {logging_mixin.py:188} INFO - [2026-04-29T15:24:35.397+0000] {dagbag.py:545} INFO - Filling up the DagBag from /opt/airflow/dags/flights-pipeline.py
[2026-04-29T15:24:35.472+0000] {logging_mixin.py:188} INFO - [2026-04-29T15:24:35.459+0000] {dagbag.py:355} ERROR - Failed to import: /opt/airflow/dags/flights-pipeline.py
Traceback (most recent call last):
  File "/home/airflow/.local/lib/python3.12/site-packages/airflow/models/dagbag.py", line 351, in parse
    loader.exec_module(new_module)
  File "<frozen importlib._bootstrap_external>", line 995, in exec_module
  File "<frozen importlib._bootstrap>", line 488, in _call_with_frames_removed
  File "/opt/airflow/dags/flights-pipeline.py", line 12, in <module>
    from scripts.bronze_layer import run_bronze_ingestion
ModuleNotFoundError: No module named 'scripts.bronze_layer'
[2026-04-29T15:24:35.477+0000] {processor.py:842} WARNING - No viable dags retrieved from /opt/airflow/dags/flights-pipeline.py
[2026-04-29T15:24:35.561+0000] {processor.py:183} INFO - Processing /opt/airflow/dags/flights-pipeline.py took 0.207 seconds
[2026-04-29T15:25:06.236+0000] {processor.py:161} INFO - Started process (PID=380) to work on /opt/airflow/dags/flights-pipeline.py
[2026-04-29T15:25:06.258+0000] {processor.py:830} INFO - Processing file /opt/airflow/dags/flights-pipeline.py for tasks to queue
[2026-04-29T15:25:06.294+0000] {logging_mixin.py:188} INFO - [2026-04-29T15:25:06.289+0000] {dagbag.py:545} INFO - Filling up the DagBag from /opt/airflow/dags/flights-pipeline.py
[2026-04-29T15:25:06.441+0000] {logging_mixin.py:188} INFO - [2026-04-29T15:25:06.414+0000] {dagbag.py:355} ERROR - Failed to import: /opt/airflow/dags/flights-pipeline.py
Traceback (most recent call last):
  File "/home/airflow/.local/lib/python3.12/site-packages/airflow/models/dagbag.py", line 351, in parse
    loader.exec_module(new_module)
  File "<frozen importlib._bootstrap_external>", line 995, in exec_module
  File "<frozen importlib._bootstrap>", line 488, in _call_with_frames_removed
  File "/opt/airflow/dags/flights-pipeline.py", line 12, in <module>
    from scripts.bronze_layer import run_bronze_ingestion
ModuleNotFoundError: No module named 'scripts.bronze_layer'
[2026-04-29T15:25:06.448+0000] {processor.py:842} WARNING - No viable dags retrieved from /opt/airflow/dags/flights-pipeline.py
[2026-04-29T15:25:06.649+0000] {processor.py:183} INFO - Processing /opt/airflow/dags/flights-pipeline.py took 0.532 seconds
[2026-04-29T15:25:37.180+0000] {processor.py:161} INFO - Started process (PID=381) to work on /opt/airflow/dags/flights-pipeline.py
[2026-04-29T15:25:37.184+0000] {processor.py:830} INFO - Processing file /opt/airflow/dags/flights-pipeline.py for tasks to queue
[2026-04-29T15:25:37.192+0000] {logging_mixin.py:188} INFO - [2026-04-29T15:25:37.190+0000] {dagbag.py:545} INFO - Filling up the DagBag from /opt/airflow/dags/flights-pipeline.py
[2026-04-29T15:25:37.294+0000] {logging_mixin.py:188} INFO - [2026-04-29T15:25:37.277+0000] {dagbag.py:355} ERROR - Failed to import: /opt/airflow/dags/flights-pipeline.py
Traceback (most recent call last):
  File "/home/airflow/.local/lib/python3.12/site-packages/airflow/models/dagbag.py", line 351, in parse
    loader.exec_module(new_module)
  File "<frozen importlib._bootstrap_external>", line 995, in exec_module
  File "<frozen importlib._bootstrap>", line 488, in _call_with_frames_removed
  File "/opt/airflow/dags/flights-pipeline.py", line 12, in <module>
    from scripts.bronze_layer import run_bronze_ingestion
ModuleNotFoundError: No module named 'scripts.bronze_layer'
[2026-04-29T15:25:37.301+0000] {processor.py:842} WARNING - No viable dags retrieved from /opt/airflow/dags/flights-pipeline.py
[2026-04-29T15:25:37.385+0000] {processor.py:183} INFO - Processing /opt/airflow/dags/flights-pipeline.py took 0.236 seconds
[2026-04-29T15:26:07.831+0000] {processor.py:161} INFO - Started process (PID=382) to work on /opt/airflow/dags/flights-pipeline.py
[2026-04-29T15:26:07.838+0000] {processor.py:830} INFO - Processing file /opt/airflow/dags/flights-pipeline.py for tasks to queue
[2026-04-29T15:26:07.846+0000] {logging_mixin.py:188} INFO - [2026-04-29T15:26:07.845+0000] {dagbag.py:545} INFO - Filling up the DagBag from /opt/airflow/dags/flights-pipeline.py
[2026-04-29T15:26:07.936+0000] {logging_mixin.py:188} INFO - [2026-04-29T15:26:07.920+0000] {dagbag.py:355} ERROR - Failed to import: /opt/airflow/dags/flights-pipeline.py
Traceback (most recent call last):
  File "/home/airflow/.local/lib/python3.12/site-packages/airflow/models/dagbag.py", line 351, in parse
    loader.exec_module(new_module)
  File "<frozen importlib._bootstrap_external>", line 995, in exec_module
  File "<frozen importlib._bootstrap>", line 488, in _call_with_frames_removed
  File "/opt/airflow/dags/flights-pipeline.py", line 12, in <module>
    from scripts.bronze_layer import run_bronze_ingestion
ModuleNotFoundError: No module named 'scripts.bronze_layer'
[2026-04-29T15:26:07.942+0000] {processor.py:842} WARNING - No viable dags retrieved from /opt/airflow/dags/flights-pipeline.py
[2026-04-29T15:26:08.046+0000] {processor.py:183} INFO - Processing /opt/airflow/dags/flights-pipeline.py took 0.245 seconds
[2026-04-29T15:26:38.207+0000] {processor.py:161} INFO - Started process (PID=383) to work on /opt/airflow/dags/flights-pipeline.py
[2026-04-29T15:26:38.210+0000] {processor.py:830} INFO - Processing file /opt/airflow/dags/flights-pipeline.py for tasks to queue
[2026-04-29T15:26:38.216+0000] {logging_mixin.py:188} INFO - [2026-04-29T15:26:38.215+0000] {dagbag.py:545} INFO - Filling up the DagBag from /opt/airflow/dags/flights-pipeline.py
[2026-04-29T15:26:38.281+0000] {logging_mixin.py:188} INFO - [2026-04-29T15:26:38.270+0000] {dagbag.py:355} ERROR - Failed to import: /opt/airflow/dags/flights-pipeline.py
Traceback (most recent call last):
  File "/home/airflow/.local/lib/python3.12/site-packages/airflow/models/dagbag.py", line 351, in parse
    loader.exec_module(new_module)
  File "<frozen importlib._bootstrap_external>", line 995, in exec_module
  File "<frozen importlib._bootstrap>", line 488, in _call_with_frames_removed
  File "/opt/airflow/dags/flights-pipeline.py", line 12, in <module>
    from scripts.bronze_layer import run_bronze_ingestion
ModuleNotFoundError: No module named 'scripts.bronze_layer'
[2026-04-29T15:26:38.285+0000] {processor.py:842} WARNING - No viable dags retrieved from /opt/airflow/dags/flights-pipeline.py
[2026-04-29T15:26:38.351+0000] {processor.py:183} INFO - Processing /opt/airflow/dags/flights-pipeline.py took 0.159 seconds
[2026-04-29T15:27:08.659+0000] {processor.py:161} INFO - Started process (PID=384) to work on /opt/airflow/dags/flights-pipeline.py
[2026-04-29T15:27:08.663+0000] {processor.py:830} INFO - Processing file /opt/airflow/dags/flights-pipeline.py for tasks to queue
[2026-04-29T15:27:08.675+0000] {logging_mixin.py:188} INFO - [2026-04-29T15:27:08.674+0000] {dagbag.py:545} INFO - Filling up the DagBag from /opt/airflow/dags/flights-pipeline.py
[2026-04-29T15:27:08.768+0000] {logging_mixin.py:188} INFO - [2026-04-29T15:27:08.753+0000] {dagbag.py:355} ERROR - Failed to import: /opt/airflow/dags/flights-pipeline.py
Traceback (most recent call last):
  File "/home/airflow/.local/lib/python3.12/site-packages/airflow/models/dagbag.py", line 351, in parse
    loader.exec_module(new_module)
  File "<frozen importlib._bootstrap_external>", line 995, in exec_module
  File "<frozen importlib._bootstrap>", line 488, in _call_with_frames_removed
  File "/opt/airflow/dags/flights-pipeline.py", line 12, in <module>
    from scripts.bronze_layer import run_bronze_ingestion
ModuleNotFoundError: No module named 'scripts.bronze_layer'
[2026-04-29T15:27:08.774+0000] {processor.py:842} WARNING - No viable dags retrieved from /opt/airflow/dags/flights-pipeline.py
[2026-04-29T15:27:08.850+0000] {processor.py:183} INFO - Processing /opt/airflow/dags/flights-pipeline.py took 0.221 seconds
[2026-04-29T15:27:39.459+0000] {processor.py:161} INFO - Started process (PID=385) to work on /opt/airflow/dags/flights-pipeline.py
[2026-04-29T15:27:39.463+0000] {processor.py:830} INFO - Processing file /opt/airflow/dags/flights-pipeline.py for tasks to queue
[2026-04-29T15:27:39.470+0000] {logging_mixin.py:188} INFO - [2026-04-29T15:27:39.469+0000] {dagbag.py:545} INFO - Filling up the DagBag from /opt/airflow/dags/flights-pipeline.py
[2026-04-29T15:27:39.560+0000] {logging_mixin.py:188} INFO - [2026-04-29T15:27:39.545+0000] {dagbag.py:355} ERROR - Failed to import: /opt/airflow/dags/flights-pipeline.py
Traceback (most recent call last):
  File "/home/airflow/.local/lib/python3.12/site-packages/airflow/models/dagbag.py", line 351, in parse
    loader.exec_module(new_module)
  File "<frozen importlib._bootstrap_external>", line 995, in exec_module
  File "<frozen importlib._bootstrap>", line 488, in _call_with_frames_removed
  File "/opt/airflow/dags/flights-pipeline.py", line 12, in <module>
    from scripts.bronze_layer import run_bronze_ingestion
ModuleNotFoundError: No module named 'scripts.bronze_layer'
[2026-04-29T15:27:39.566+0000] {processor.py:842} WARNING - No viable dags retrieved from /opt/airflow/dags/flights-pipeline.py
[2026-04-29T15:27:39.650+0000] {processor.py:183} INFO - Processing /opt/airflow/dags/flights-pipeline.py took 0.213 seconds
[2026-04-29T15:28:09.907+0000] {processor.py:161} INFO - Started process (PID=386) to work on /opt/airflow/dags/flights-pipeline.py
[2026-04-29T15:28:09.911+0000] {processor.py:830} INFO - Processing file /opt/airflow/dags/flights-pipeline.py for tasks to queue
[2026-04-29T15:28:09.919+0000] {logging_mixin.py:188} INFO - [2026-04-29T15:28:09.918+0000] {dagbag.py:545} INFO - Filling up the DagBag from /opt/airflow/dags/flights-pipeline.py
[2026-04-29T15:28:10.015+0000] {logging_mixin.py:188} INFO - [2026-04-29T15:28:10.000+0000] {dagbag.py:355} ERROR - Failed to import: /opt/airflow/dags/flights-pipeline.py
Traceback (most recent call last):
  File "/home/airflow/.local/lib/python3.12/site-packages/airflow/models/dagbag.py", line 351, in parse
    loader.exec_module(new_module)
  File "<frozen importlib._bootstrap_external>", line 995, in exec_module
  File "<frozen importlib._bootstrap>", line 488, in _call_with_frames_removed
  File "/opt/airflow/dags/flights-pipeline.py", line 12, in <module>
    from scripts.bronze_layer import run_bronze_ingestion
ModuleNotFoundError: No module named 'scripts.bronze_layer'
[2026-04-29T15:28:10.022+0000] {processor.py:842} WARNING - No viable dags retrieved from /opt/airflow/dags/flights-pipeline.py
[2026-04-29T15:28:10.109+0000] {processor.py:183} INFO - Processing /opt/airflow/dags/flights-pipeline.py took 0.225 seconds
[2026-04-29T15:28:40.550+0000] {processor.py:161} INFO - Started process (PID=387) to work on /opt/airflow/dags/flights-pipeline.py
[2026-04-29T15:28:40.554+0000] {processor.py:830} INFO - Processing file /opt/airflow/dags/flights-pipeline.py for tasks to queue
[2026-04-29T15:28:40.559+0000] {logging_mixin.py:188} INFO - [2026-04-29T15:28:40.558+0000] {dagbag.py:545} INFO - Filling up the DagBag from /opt/airflow/dags/flights-pipeline.py
[2026-04-29T15:28:40.658+0000] {logging_mixin.py:188} INFO - [2026-04-29T15:28:40.642+0000] {dagbag.py:355} ERROR - Failed to import: /opt/airflow/dags/flights-pipeline.py
Traceback (most recent call last):
  File "/home/airflow/.local/lib/python3.12/site-packages/airflow/models/dagbag.py", line 351, in parse
    loader.exec_module(new_module)
  File "<frozen importlib._bootstrap_external>", line 995, in exec_module
  File "<frozen importlib._bootstrap>", line 488, in _call_with_frames_removed
  File "/opt/airflow/dags/flights-pipeline.py", line 12, in <module>
    from scripts.bronze_layer import run_bronze_ingestion
ModuleNotFoundError: No module named 'scripts.bronze_layer'
[2026-04-29T15:28:40.663+0000] {processor.py:842} WARNING - No viable dags retrieved from /opt/airflow/dags/flights-pipeline.py
[2026-04-29T15:28:40.727+0000] {processor.py:183} INFO - Processing /opt/airflow/dags/flights-pipeline.py took 0.192 seconds
[2026-04-29T15:29:10.956+0000] {processor.py:161} INFO - Started process (PID=388) to work on /opt/airflow/dags/flights-pipeline.py
[2026-04-29T15:29:10.958+0000] {processor.py:830} INFO - Processing file /opt/airflow/dags/flights-pipeline.py for tasks to queue
[2026-04-29T15:29:10.965+0000] {logging_mixin.py:188} INFO - [2026-04-29T15:29:10.963+0000] {dagbag.py:545} INFO - Filling up the DagBag from /opt/airflow/dags/flights-pipeline.py
[2026-04-29T15:29:11.026+0000] {logging_mixin.py:188} INFO - [2026-04-29T15:29:11.016+0000] {dagbag.py:355} ERROR - Failed to import: /opt/airflow/dags/flights-pipeline.py
Traceback (most recent call last):
  File "/home/airflow/.local/lib/python3.12/site-packages/airflow/models/dagbag.py", line 351, in parse
    loader.exec_module(new_module)
  File "<frozen importlib._bootstrap_external>", line 995, in exec_module
  File "<frozen importlib._bootstrap>", line 488, in _call_with_frames_removed
  File "/opt/airflow/dags/flights-pipeline.py", line 12, in <module>
    from scripts.bronze_layer import run_bronze_ingestion
ModuleNotFoundError: No module named 'scripts.bronze_layer'
[2026-04-29T15:29:11.033+0000] {processor.py:842} WARNING - No viable dags retrieved from /opt/airflow/dags/flights-pipeline.py
[2026-04-29T15:29:11.107+0000] {processor.py:183} INFO - Processing /opt/airflow/dags/flights-pipeline.py took 0.170 seconds
[2026-04-29T15:29:41.578+0000] {processor.py:161} INFO - Started process (PID=389) to work on /opt/airflow/dags/flights-pipeline.py
[2026-04-29T15:29:41.582+0000] {processor.py:830} INFO - Processing file /opt/airflow/dags/flights-pipeline.py for tasks to queue
[2026-04-29T15:29:41.587+0000] {logging_mixin.py:188} INFO - [2026-04-29T15:29:41.587+0000] {dagbag.py:545} INFO - Filling up the DagBag from /opt/airflow/dags/flights-pipeline.py
[2026-04-29T15:29:41.666+0000] {logging_mixin.py:188} INFO - [2026-04-29T15:29:41.652+0000] {dagbag.py:355} ERROR - Failed to import: /opt/airflow/dags/flights-pipeline.py
Traceback (most recent call last):
  File "/home/airflow/.local/lib/python3.12/site-packages/airflow/models/dagbag.py", line 351, in parse
    loader.exec_module(new_module)
  File "<frozen importlib._bootstrap_external>", line 995, in exec_module
  File "<frozen importlib._bootstrap>", line 488, in _call_with_frames_removed
  File "/opt/airflow/dags/flights-pipeline.py", line 12, in <module>
    from scripts.bronze_layer import run_bronze_ingestion
ModuleNotFoundError: No module named 'scripts.bronze_layer'
[2026-04-29T15:29:41.674+0000] {processor.py:842} WARNING - No viable dags retrieved from /opt/airflow/dags/flights-pipeline.py
[2026-04-29T15:29:41.764+0000] {processor.py:183} INFO - Processing /opt/airflow/dags/flights-pipeline.py took 0.199 seconds
[2026-04-29T15:30:12.010+0000] {processor.py:161} INFO - Started process (PID=390) to work on /opt/airflow/dags/flights-pipeline.py
[2026-04-29T15:30:12.014+0000] {processor.py:830} INFO - Processing file /opt/airflow/dags/flights-pipeline.py for tasks to queue
[2026-04-29T15:30:12.021+0000] {logging_mixin.py:188} INFO - [2026-04-29T15:30:12.021+0000] {dagbag.py:545} INFO - Filling up the DagBag from /opt/airflow/dags/flights-pipeline.py
[2026-04-29T15:30:12.085+0000] {logging_mixin.py:188} INFO - [2026-04-29T15:30:12.075+0000] {dagbag.py:355} ERROR - Failed to import: /opt/airflow/dags/flights-pipeline.py
Traceback (most recent call last):
  File "/home/airflow/.local/lib/python3.12/site-packages/airflow/models/dagbag.py", line 351, in parse
    loader.exec_module(new_module)
  File "<frozen importlib._bootstrap_external>", line 995, in exec_module
  File "<frozen importlib._bootstrap>", line 488, in _call_with_frames_removed
  File "/opt/airflow/dags/flights-pipeline.py", line 12, in <module>
    from scripts.bronze_layer import run_bronze_ingestion
ModuleNotFoundError: No module named 'scripts.bronze_layer'
[2026-04-29T15:30:12.089+0000] {processor.py:842} WARNING - No viable dags retrieved from /opt/airflow/dags/flights-pipeline.py
[2026-04-29T15:30:12.155+0000] {processor.py:183} INFO - Processing /opt/airflow/dags/flights-pipeline.py took 0.161 seconds
[2026-04-29T15:30:42.655+0000] {processor.py:161} INFO - Started process (PID=391) to work on /opt/airflow/dags/flights-pipeline.py
[2026-04-29T15:30:42.657+0000] {processor.py:830} INFO - Processing file /opt/airflow/dags/flights-pipeline.py for tasks to queue
[2026-04-29T15:30:42.663+0000] {logging_mixin.py:188} INFO - [2026-04-29T15:30:42.661+0000] {dagbag.py:545} INFO - Filling up the DagBag from /opt/airflow/dags/flights-pipeline.py
[2026-04-29T15:30:42.721+0000] {logging_mixin.py:188} INFO - [2026-04-29T15:30:42.709+0000] {dagbag.py:355} ERROR - Failed to import: /opt/airflow/dags/flights-pipeline.py
Traceback (most recent call last):
  File "/home/airflow/.local/lib/python3.12/site-packages/airflow/models/dagbag.py", line 351, in parse
    loader.exec_module(new_module)
  File "<frozen importlib._bootstrap_external>", line 995, in exec_module
  File "<frozen importlib._bootstrap>", line 488, in _call_with_frames_removed
  File "/opt/airflow/dags/flights-pipeline.py", line 12, in <module>
    from scripts.bronze_layer import run_bronze_ingestion
ModuleNotFoundError: No module named 'scripts.bronze_layer'
[2026-04-29T15:30:42.724+0000] {processor.py:842} WARNING - No viable dags retrieved from /opt/airflow/dags/flights-pipeline.py
[2026-04-29T15:30:42.808+0000] {processor.py:183} INFO - Processing /opt/airflow/dags/flights-pipeline.py took 0.167 seconds
[2026-04-29T15:31:13.066+0000] {processor.py:161} INFO - Started process (PID=392) to work on /opt/airflow/dags/flights-pipeline.py
[2026-04-29T15:31:13.069+0000] {processor.py:830} INFO - Processing file /opt/airflow/dags/flights-pipeline.py for tasks to queue
[2026-04-29T15:31:13.074+0000] {logging_mixin.py:188} INFO - [2026-04-29T15:31:13.073+0000] {dagbag.py:545} INFO - Filling up the DagBag from /opt/airflow/dags/flights-pipeline.py
[2026-04-29T15:31:13.141+0000] {logging_mixin.py:188} INFO - [2026-04-29T15:31:13.128+0000] {dagbag.py:355} ERROR - Failed to import: /opt/airflow/dags/flights-pipeline.py
Traceback (most recent call last):
  File "/home/airflow/.local/lib/python3.12/site-packages/airflow/models/dagbag.py", line 351, in parse
    loader.exec_module(new_module)
  File "<frozen importlib._bootstrap_external>", line 995, in exec_module
  File "<frozen importlib._bootstrap>", line 488, in _call_with_frames_removed
  File "/opt/airflow/dags/flights-pipeline.py", line 12, in <module>
    from scripts.bronze_layer import run_bronze_ingestion
ModuleNotFoundError: No module named 'scripts.bronze_layer'
[2026-04-29T15:31:13.146+0000] {processor.py:842} WARNING - No viable dags retrieved from /opt/airflow/dags/flights-pipeline.py
[2026-04-29T15:31:13.210+0000] {processor.py:183} INFO - Processing /opt/airflow/dags/flights-pipeline.py took 0.162 seconds
[2026-04-29T15:31:43.643+0000] {processor.py:161} INFO - Started process (PID=393) to work on /opt/airflow/dags/flights-pipeline.py
[2026-04-29T15:31:43.646+0000] {processor.py:830} INFO - Processing file /opt/airflow/dags/flights-pipeline.py for tasks to queue
[2026-04-29T15:31:43.652+0000] {logging_mixin.py:188} INFO - [2026-04-29T15:31:43.651+0000] {dagbag.py:545} INFO - Filling up the DagBag from /opt/airflow/dags/flights-pipeline.py
[2026-04-29T15:31:43.710+0000] {logging_mixin.py:188} INFO - [2026-04-29T15:31:43.700+0000] {dagbag.py:355} ERROR - Failed to import: /opt/airflow/dags/flights-pipeline.py
Traceback (most recent call last):
  File "/home/airflow/.local/lib/python3.12/site-packages/airflow/models/dagbag.py", line 351, in parse
    loader.exec_module(new_module)
  File "<frozen importlib._bootstrap_external>", line 995, in exec_module
  File "<frozen importlib._bootstrap>", line 488, in _call_with_frames_removed
  File "/opt/airflow/dags/flights-pipeline.py", line 12, in <module>
    from scripts.bronze_layer import run_bronze_ingestion
ModuleNotFoundError: No module named 'scripts.bronze_layer'
[2026-04-29T15:31:43.714+0000] {processor.py:842} WARNING - No viable dags retrieved from /opt/airflow/dags/flights-pipeline.py
[2026-04-29T15:31:43.774+0000] {processor.py:183} INFO - Processing /opt/airflow/dags/flights-pipeline.py took 0.144 seconds
[2026-04-29T15:32:14.057+0000] {processor.py:161} INFO - Started process (PID=394) to work on /opt/airflow/dags/flights-pipeline.py
[2026-04-29T15:32:14.062+0000] {processor.py:830} INFO - Processing file /opt/airflow/dags/flights-pipeline.py for tasks to queue
[2026-04-29T15:32:14.068+0000] {logging_mixin.py:188} INFO - [2026-04-29T15:32:14.067+0000] {dagbag.py:545} INFO - Filling up the DagBag from /opt/airflow/dags/flights-pipeline.py
[2026-04-29T15:32:14.126+0000] {logging_mixin.py:188} INFO - [2026-04-29T15:32:14.116+0000] {dagbag.py:355} ERROR - Failed to import: /opt/airflow/dags/flights-pipeline.py
Traceback (most recent call last):
  File "/home/airflow/.local/lib/python3.12/site-packages/airflow/models/dagbag.py", line 351, in parse
    loader.exec_module(new_module)
  File "<frozen importlib._bootstrap_external>", line 995, in exec_module
  File "<frozen importlib._bootstrap>", line 488, in _call_with_frames_removed
  File "/opt/airflow/dags/flights-pipeline.py", line 12, in <module>
    from scripts.bronze_layer import run_bronze_ingestion
ModuleNotFoundError: No module named 'scripts.bronze_layer'
[2026-04-29T15:32:14.133+0000] {processor.py:842} WARNING - No viable dags retrieved from /opt/airflow/dags/flights-pipeline.py
[2026-04-29T15:32:14.198+0000] {processor.py:183} INFO - Processing /opt/airflow/dags/flights-pipeline.py took 0.157 seconds
[2026-04-29T15:32:44.711+0000] {processor.py:161} INFO - Started process (PID=395) to work on /opt/airflow/dags/flights-pipeline.py
[2026-04-29T15:32:44.714+0000] {processor.py:830} INFO - Processing file /opt/airflow/dags/flights-pipeline.py for tasks to queue
[2026-04-29T15:32:44.721+0000] {logging_mixin.py:188} INFO - [2026-04-29T15:32:44.720+0000] {dagbag.py:545} INFO - Filling up the DagBag from /opt/airflow/dags/flights-pipeline.py
[2026-04-29T15:32:44.794+0000] {logging_mixin.py:188} INFO - [2026-04-29T15:32:44.782+0000] {dagbag.py:355} ERROR - Failed to import: /opt/airflow/dags/flights-pipeline.py
Traceback (most recent call last):
  File "/home/airflow/.local/lib/python3.12/site-packages/airflow/models/dagbag.py", line 351, in parse
    loader.exec_module(new_module)
  File "<frozen importlib._bootstrap_external>", line 995, in exec_module
  File "<frozen importlib._bootstrap>", line 488, in _call_with_frames_removed
  File "/opt/airflow/dags/flights-pipeline.py", line 12, in <module>
    from scripts.bronze_layer import run_bronze_ingestion
ModuleNotFoundError: No module named 'scripts.bronze_layer'
[2026-04-29T15:32:44.800+0000] {processor.py:842} WARNING - No viable dags retrieved from /opt/airflow/dags/flights-pipeline.py
[2026-04-29T15:32:44.881+0000] {processor.py:183} INFO - Processing /opt/airflow/dags/flights-pipeline.py took 0.184 seconds
[2026-04-29T15:33:15.126+0000] {processor.py:161} INFO - Started process (PID=396) to work on /opt/airflow/dags/flights-pipeline.py
[2026-04-29T15:33:15.129+0000] {processor.py:830} INFO - Processing file /opt/airflow/dags/flights-pipeline.py for tasks to queue
[2026-04-29T15:33:15.134+0000] {logging_mixin.py:188} INFO - [2026-04-29T15:33:15.134+0000] {dagbag.py:545} INFO - Filling up the DagBag from /opt/airflow/dags/flights-pipeline.py
[2026-04-29T15:33:15.193+0000] {logging_mixin.py:188} INFO - [2026-04-29T15:33:15.183+0000] {dagbag.py:355} ERROR - Failed to import: /opt/airflow/dags/flights-pipeline.py
Traceback (most recent call last):
  File "/home/airflow/.local/lib/python3.12/site-packages/airflow/models/dagbag.py", line 351, in parse
    loader.exec_module(new_module)
  File "<frozen importlib._bootstrap_external>", line 995, in exec_module
  File "<frozen importlib._bootstrap>", line 488, in _call_with_frames_removed
  File "/opt/airflow/dags/flights-pipeline.py", line 12, in <module>
    from scripts.bronze_layer import run_bronze_ingestion
ModuleNotFoundError: No module named 'scripts.bronze_layer'
[2026-04-29T15:33:15.199+0000] {processor.py:842} WARNING - No viable dags retrieved from /opt/airflow/dags/flights-pipeline.py
[2026-04-29T15:33:15.257+0000] {processor.py:183} INFO - Processing /opt/airflow/dags/flights-pipeline.py took 0.153 seconds
[2026-04-29T15:33:45.740+0000] {processor.py:161} INFO - Started process (PID=397) to work on /opt/airflow/dags/flights-pipeline.py
[2026-04-29T15:33:45.745+0000] {processor.py:830} INFO - Processing file /opt/airflow/dags/flights-pipeline.py for tasks to queue
[2026-04-29T15:33:45.750+0000] {logging_mixin.py:188} INFO - [2026-04-29T15:33:45.749+0000] {dagbag.py:545} INFO - Filling up the DagBag from /opt/airflow/dags/flights-pipeline.py
[2026-04-29T15:33:45.807+0000] {logging_mixin.py:188} INFO - [2026-04-29T15:33:45.797+0000] {dagbag.py:355} ERROR - Failed to import: /opt/airflow/dags/flights-pipeline.py
Traceback (most recent call last):
  File "/home/airflow/.local/lib/python3.12/site-packages/airflow/models/dagbag.py", line 351, in parse
    loader.exec_module(new_module)
  File "<frozen importlib._bootstrap_external>", line 995, in exec_module
  File "<frozen importlib._bootstrap>", line 488, in _call_with_frames_removed
  File "/opt/airflow/dags/flights-pipeline.py", line 12, in <module>
    from scripts.bronze_layer import run_bronze_ingestion
ModuleNotFoundError: No module named 'scripts.bronze_layer'
[2026-04-29T15:33:45.814+0000] {processor.py:842} WARNING - No viable dags retrieved from /opt/airflow/dags/flights-pipeline.py
[2026-04-29T15:33:45.880+0000] {processor.py:183} INFO - Processing /opt/airflow/dags/flights-pipeline.py took 0.154 seconds
[2026-04-29T15:34:16.211+0000] {processor.py:161} INFO - Started process (PID=398) to work on /opt/airflow/dags/flights-pipeline.py
[2026-04-29T15:34:16.216+0000] {processor.py:830} INFO - Processing file /opt/airflow/dags/flights-pipeline.py for tasks to queue
[2026-04-29T15:34:16.226+0000] {logging_mixin.py:188} INFO - [2026-04-29T15:34:16.225+0000] {dagbag.py:545} INFO - Filling up the DagBag from /opt/airflow/dags/flights-pipeline.py
[2026-04-29T15:34:16.299+0000] {logging_mixin.py:188} INFO - [2026-04-29T15:34:16.286+0000] {dagbag.py:355} ERROR - Failed to import: /opt/airflow/dags/flights-pipeline.py
Traceback (most recent call last):
  File "/home/airflow/.local/lib/python3.12/site-packages/airflow/models/dagbag.py", line 351, in parse
    loader.exec_module(new_module)
  File "<frozen importlib._bootstrap_external>", line 995, in exec_module
  File "<frozen importlib._bootstrap>", line 488, in _call_with_frames_removed
  File "/opt/airflow/dags/flights-pipeline.py", line 12, in <module>
    from scripts.bronze_layer import run_bronze_ingestion
ModuleNotFoundError: No module named 'scripts.bronze_layer'
[2026-04-29T15:34:16.304+0000] {processor.py:842} WARNING - No viable dags retrieved from /opt/airflow/dags/flights-pipeline.py
[2026-04-29T15:34:16.367+0000] {processor.py:183} INFO - Processing /opt/airflow/dags/flights-pipeline.py took 0.181 seconds
[2026-04-29T15:34:46.683+0000] {processor.py:161} INFO - Started process (PID=399) to work on /opt/airflow/dags/flights-pipeline.py
[2026-04-29T15:34:46.687+0000] {processor.py:830} INFO - Processing file /opt/airflow/dags/flights-pipeline.py for tasks to queue
[2026-04-29T15:34:46.693+0000] {logging_mixin.py:188} INFO - [2026-04-29T15:34:46.692+0000] {dagbag.py:545} INFO - Filling up the DagBag from /opt/airflow/dags/flights-pipeline.py
[2026-04-29T15:34:46.755+0000] {logging_mixin.py:188} INFO - [2026-04-29T15:34:46.743+0000] {dagbag.py:355} ERROR - Failed to import: /opt/airflow/dags/flights-pipeline.py
Traceback (most recent call last):
  File "/home/airflow/.local/lib/python3.12/site-packages/airflow/models/dagbag.py", line 351, in parse
    loader.exec_module(new_module)
  File "<frozen importlib._bootstrap_external>", line 995, in exec_module
  File "<frozen importlib._bootstrap>", line 488, in _call_with_frames_removed
  File "/opt/airflow/dags/flights-pipeline.py", line 12, in <module>
    from scripts.bronze_layer import run_bronze_ingestion
ModuleNotFoundError: No module named 'scripts.bronze_layer'
[2026-04-29T15:34:46.758+0000] {processor.py:842} WARNING - No viable dags retrieved from /opt/airflow/dags/flights-pipeline.py
[2026-04-29T15:34:46.812+0000] {processor.py:183} INFO - Processing /opt/airflow/dags/flights-pipeline.py took 0.146 seconds
[2026-04-29T15:35:17.219+0000] {processor.py:161} INFO - Started process (PID=400) to work on /opt/airflow/dags/flights-pipeline.py
[2026-04-29T15:35:17.223+0000] {processor.py:830} INFO - Processing file /opt/airflow/dags/flights-pipeline.py for tasks to queue
[2026-04-29T15:35:17.234+0000] {logging_mixin.py:188} INFO - [2026-04-29T15:35:17.232+0000] {dagbag.py:545} INFO - Filling up the DagBag from /opt/airflow/dags/flights-pipeline.py
[2026-04-29T15:35:17.350+0000] {logging_mixin.py:188} INFO - [2026-04-29T15:35:17.334+0000] {dagbag.py:355} ERROR - Failed to import: /opt/airflow/dags/flights-pipeline.py
Traceback (most recent call last):
  File "/home/airflow/.local/lib/python3.12/site-packages/airflow/models/dagbag.py", line 351, in parse
    loader.exec_module(new_module)
  File "<frozen importlib._bootstrap_external>", line 995, in exec_module
  File "<frozen importlib._bootstrap>", line 488, in _call_with_frames_removed
  File "/opt/airflow/dags/flights-pipeline.py", line 12, in <module>
    from scripts.bronze_layer import run_bronze_ingestion
ModuleNotFoundError: No module named 'scripts.bronze_layer'
[2026-04-29T15:35:17.361+0000] {processor.py:842} WARNING - No viable dags retrieved from /opt/airflow/dags/flights-pipeline.py
[2026-04-29T15:35:17.442+0000] {processor.py:183} INFO - Processing /opt/airflow/dags/flights-pipeline.py took 0.246 seconds
[2026-04-29T15:35:47.634+0000] {processor.py:161} INFO - Started process (PID=401) to work on /opt/airflow/dags/flights-pipeline.py
[2026-04-29T15:35:47.640+0000] {processor.py:830} INFO - Processing file /opt/airflow/dags/flights-pipeline.py for tasks to queue
[2026-04-29T15:35:47.649+0000] {logging_mixin.py:188} INFO - [2026-04-29T15:35:47.648+0000] {dagbag.py:545} INFO - Filling up the DagBag from /opt/airflow/dags/flights-pipeline.py
[2026-04-29T15:35:47.739+0000] {logging_mixin.py:188} INFO - [2026-04-29T15:35:47.722+0000] {dagbag.py:355} ERROR - Failed to import: /opt/airflow/dags/flights-pipeline.py
Traceback (most recent call last):
  File "/home/airflow/.local/lib/python3.12/site-packages/airflow/models/dagbag.py", line 351, in parse
    loader.exec_module(new_module)
  File "<frozen importlib._bootstrap_external>", line 995, in exec_module
  File "<frozen importlib._bootstrap>", line 488, in _call_with_frames_removed
  File "/opt/airflow/dags/flights-pipeline.py", line 12, in <module>
    from scripts.bronze_layer import run_bronze_ingestion
ModuleNotFoundError: No module named 'scripts.bronze_layer'
[2026-04-29T15:35:47.746+0000] {processor.py:842} WARNING - No viable dags retrieved from /opt/airflow/dags/flights-pipeline.py
[2026-04-29T15:35:47.832+0000] {processor.py:183} INFO - Processing /opt/airflow/dags/flights-pipeline.py took 0.221 seconds
[2026-04-29T15:36:18.312+0000] {processor.py:161} INFO - Started process (PID=402) to work on /opt/airflow/dags/flights-pipeline.py
[2026-04-29T15:36:18.314+0000] {processor.py:830} INFO - Processing file /opt/airflow/dags/flights-pipeline.py for tasks to queue
[2026-04-29T15:36:18.319+0000] {logging_mixin.py:188} INFO - [2026-04-29T15:36:18.318+0000] {dagbag.py:545} INFO - Filling up the DagBag from /opt/airflow/dags/flights-pipeline.py
[2026-04-29T15:36:18.400+0000] {logging_mixin.py:188} INFO - [2026-04-29T15:36:18.386+0000] {dagbag.py:355} ERROR - Failed to import: /opt/airflow/dags/flights-pipeline.py
Traceback (most recent call last):
  File "/home/airflow/.local/lib/python3.12/site-packages/airflow/models/dagbag.py", line 351, in parse
    loader.exec_module(new_module)
  File "<frozen importlib._bootstrap_external>", line 995, in exec_module
  File "<frozen importlib._bootstrap>", line 488, in _call_with_frames_removed
  File "/opt/airflow/dags/flights-pipeline.py", line 12, in <module>
    from scripts.bronze_layer import run_bronze_ingestion
ModuleNotFoundError: No module named 'scripts.bronze_layer'
[2026-04-29T15:36:18.405+0000] {processor.py:842} WARNING - No viable dags retrieved from /opt/airflow/dags/flights-pipeline.py
[2026-04-29T15:36:18.472+0000] {processor.py:183} INFO - Processing /opt/airflow/dags/flights-pipeline.py took 0.176 seconds
[2026-04-29T15:36:48.720+0000] {processor.py:161} INFO - Started process (PID=403) to work on /opt/airflow/dags/flights-pipeline.py
[2026-04-29T15:36:48.723+0000] {processor.py:830} INFO - Processing file /opt/airflow/dags/flights-pipeline.py for tasks to queue
[2026-04-29T15:36:48.730+0000] {logging_mixin.py:188} INFO - [2026-04-29T15:36:48.729+0000] {dagbag.py:545} INFO - Filling up the DagBag from /opt/airflow/dags/flights-pipeline.py
[2026-04-29T15:36:48.784+0000] {logging_mixin.py:188} INFO - [2026-04-29T15:36:48.776+0000] {dagbag.py:355} ERROR - Failed to import: /opt/airflow/dags/flights-pipeline.py
Traceback (most recent call last):
  File "/home/airflow/.local/lib/python3.12/site-packages/airflow/models/dagbag.py", line 351, in parse
    loader.exec_module(new_module)
  File "<frozen importlib._bootstrap_external>", line 995, in exec_module
  File "<frozen importlib._bootstrap>", line 488, in _call_with_frames_removed
  File "/opt/airflow/dags/flights-pipeline.py", line 12, in <module>
    from scripts.bronze_layer import run_bronze_ingestion
ModuleNotFoundError: No module named 'scripts.bronze_layer'
[2026-04-29T15:36:48.788+0000] {processor.py:842} WARNING - No viable dags retrieved from /opt/airflow/dags/flights-pipeline.py
[2026-04-29T15:36:48.848+0000] {processor.py:183} INFO - Processing /opt/airflow/dags/flights-pipeline.py took 0.149 seconds
[2026-04-29T15:37:19.399+0000] {processor.py:161} INFO - Started process (PID=404) to work on /opt/airflow/dags/flights-pipeline.py
[2026-04-29T15:37:19.402+0000] {processor.py:830} INFO - Processing file /opt/airflow/dags/flights-pipeline.py for tasks to queue
[2026-04-29T15:37:19.409+0000] {logging_mixin.py:188} INFO - [2026-04-29T15:37:19.408+0000] {dagbag.py:545} INFO - Filling up the DagBag from /opt/airflow/dags/flights-pipeline.py
[2026-04-29T15:37:19.461+0000] {logging_mixin.py:188} INFO - [2026-04-29T15:37:19.452+0000] {dagbag.py:355} ERROR - Failed to import: /opt/airflow/dags/flights-pipeline.py
Traceback (most recent call last):
  File "/home/airflow/.local/lib/python3.12/site-packages/airflow/models/dagbag.py", line 351, in parse
    loader.exec_module(new_module)
  File "<frozen importlib._bootstrap_external>", line 995, in exec_module
  File "<frozen importlib._bootstrap>", line 488, in _call_with_frames_removed
  File "/opt/airflow/dags/flights-pipeline.py", line 12, in <module>
    from scripts.bronze_layer import run_bronze_ingestion
ModuleNotFoundError: No module named 'scripts.bronze_layer'
[2026-04-29T15:37:19.465+0000] {processor.py:842} WARNING - No viable dags retrieved from /opt/airflow/dags/flights-pipeline.py
[2026-04-29T15:37:19.528+0000] {processor.py:183} INFO - Processing /opt/airflow/dags/flights-pipeline.py took 0.142 seconds
[2026-04-29T15:37:49.857+0000] {processor.py:161} INFO - Started process (PID=405) to work on /opt/airflow/dags/flights-pipeline.py
[2026-04-29T15:37:49.865+0000] {processor.py:830} INFO - Processing file /opt/airflow/dags/flights-pipeline.py for tasks to queue
[2026-04-29T15:37:49.873+0000] {logging_mixin.py:188} INFO - [2026-04-29T15:37:49.872+0000] {dagbag.py:545} INFO - Filling up the DagBag from /opt/airflow/dags/flights-pipeline.py
[2026-04-29T15:37:49.967+0000] {logging_mixin.py:188} INFO - [2026-04-29T15:37:49.951+0000] {dagbag.py:355} ERROR - Failed to import: /opt/airflow/dags/flights-pipeline.py
Traceback (most recent call last):
  File "/home/airflow/.local/lib/python3.12/site-packages/airflow/models/dagbag.py", line 351, in parse
    loader.exec_module(new_module)
  File "<frozen importlib._bootstrap_external>", line 995, in exec_module
  File "<frozen importlib._bootstrap>", line 488, in _call_with_frames_removed
  File "/opt/airflow/dags/flights-pipeline.py", line 12, in <module>
    from scripts.bronze_layer import run_bronze_ingestion
ModuleNotFoundError: No module named 'scripts.bronze_layer'
[2026-04-29T15:37:49.973+0000] {processor.py:842} WARNING - No viable dags retrieved from /opt/airflow/dags/flights-pipeline.py
[2026-04-29T15:37:50.063+0000] {processor.py:183} INFO - Processing /opt/airflow/dags/flights-pipeline.py took 0.232 seconds
[2026-04-29T15:38:20.363+0000] {processor.py:161} INFO - Started process (PID=406) to work on /opt/airflow/dags/flights-pipeline.py
[2026-04-29T15:38:20.366+0000] {processor.py:830} INFO - Processing file /opt/airflow/dags/flights-pipeline.py for tasks to queue
[2026-04-29T15:38:20.370+0000] {logging_mixin.py:188} INFO - [2026-04-29T15:38:20.369+0000] {dagbag.py:545} INFO - Filling up the DagBag from /opt/airflow/dags/flights-pipeline.py
[2026-04-29T15:38:20.459+0000] {logging_mixin.py:188} INFO - [2026-04-29T15:38:20.443+0000] {dagbag.py:355} ERROR - Failed to import: /opt/airflow/dags/flights-pipeline.py
Traceback (most recent call last):
  File "/home/airflow/.local/lib/python3.12/site-packages/airflow/models/dagbag.py", line 351, in parse
    loader.exec_module(new_module)
  File "<frozen importlib._bootstrap_external>", line 995, in exec_module
  File "<frozen importlib._bootstrap>", line 488, in _call_with_frames_removed
  File "/opt/airflow/dags/flights-pipeline.py", line 12, in <module>
    from scripts.bronze_layer import run_bronze_ingestion
ModuleNotFoundError: No module named 'scripts.bronze_layer'
[2026-04-29T15:38:20.465+0000] {processor.py:842} WARNING - No viable dags retrieved from /opt/airflow/dags/flights-pipeline.py
[2026-04-29T15:38:20.539+0000] {processor.py:183} INFO - Processing /opt/airflow/dags/flights-pipeline.py took 0.190 seconds
[2026-04-29T15:38:50.896+0000] {processor.py:161} INFO - Started process (PID=407) to work on /opt/airflow/dags/flights-pipeline.py
[2026-04-29T15:38:50.898+0000] {processor.py:830} INFO - Processing file /opt/airflow/dags/flights-pipeline.py for tasks to queue
[2026-04-29T15:38:50.902+0000] {logging_mixin.py:188} INFO - [2026-04-29T15:38:50.901+0000] {dagbag.py:545} INFO - Filling up the DagBag from /opt/airflow/dags/flights-pipeline.py
[2026-04-29T15:38:50.984+0000] {logging_mixin.py:188} INFO - [2026-04-29T15:38:50.973+0000] {dagbag.py:355} ERROR - Failed to import: /opt/airflow/dags/flights-pipeline.py
Traceback (most recent call last):
  File "/home/airflow/.local/lib/python3.12/site-packages/airflow/models/dagbag.py", line 351, in parse
    loader.exec_module(new_module)
  File "<frozen importlib._bootstrap_external>", line 995, in exec_module
  File "<frozen importlib._bootstrap>", line 488, in _call_with_frames_removed
  File "/opt/airflow/dags/flights-pipeline.py", line 12, in <module>
    from scripts.bronze_layer import run_bronze_ingestion
ModuleNotFoundError: No module named 'scripts.bronze_layer'
[2026-04-29T15:38:50.988+0000] {processor.py:842} WARNING - No viable dags retrieved from /opt/airflow/dags/flights-pipeline.py
[2026-04-29T15:38:51.042+0000] {processor.py:183} INFO - Processing /opt/airflow/dags/flights-pipeline.py took 0.161 seconds
[2026-04-29T15:39:21.483+0000] {processor.py:161} INFO - Started process (PID=408) to work on /opt/airflow/dags/flights-pipeline.py
[2026-04-29T15:39:21.487+0000] {processor.py:830} INFO - Processing file /opt/airflow/dags/flights-pipeline.py for tasks to queue
[2026-04-29T15:39:21.497+0000] {logging_mixin.py:188} INFO - [2026-04-29T15:39:21.495+0000] {dagbag.py:545} INFO - Filling up the DagBag from /opt/airflow/dags/flights-pipeline.py
[2026-04-29T15:39:21.598+0000] {logging_mixin.py:188} INFO - [2026-04-29T15:39:21.581+0000] {dagbag.py:355} ERROR - Failed to import: /opt/airflow/dags/flights-pipeline.py
Traceback (most recent call last):
  File "/home/airflow/.local/lib/python3.12/site-packages/airflow/models/dagbag.py", line 351, in parse
    loader.exec_module(new_module)
  File "<frozen importlib._bootstrap_external>", line 995, in exec_module
  File "<frozen importlib._bootstrap>", line 488, in _call_with_frames_removed
  File "/opt/airflow/dags/flights-pipeline.py", line 12, in <module>
    from scripts.bronze_layer import run_bronze_ingestion
ModuleNotFoundError: No module named 'scripts.bronze_layer'
[2026-04-29T15:39:21.603+0000] {processor.py:842} WARNING - No viable dags retrieved from /opt/airflow/dags/flights-pipeline.py
[2026-04-29T15:39:21.697+0000] {processor.py:183} INFO - Processing /opt/airflow/dags/flights-pipeline.py took 0.234 seconds
[2026-04-29T15:39:51.967+0000] {processor.py:161} INFO - Started process (PID=409) to work on /opt/airflow/dags/flights-pipeline.py
[2026-04-29T15:39:51.971+0000] {processor.py:830} INFO - Processing file /opt/airflow/dags/flights-pipeline.py for tasks to queue
[2026-04-29T15:39:51.981+0000] {logging_mixin.py:188} INFO - [2026-04-29T15:39:51.980+0000] {dagbag.py:545} INFO - Filling up the DagBag from /opt/airflow/dags/flights-pipeline.py
[2026-04-29T15:39:52.081+0000] {logging_mixin.py:188} INFO - [2026-04-29T15:39:52.063+0000] {dagbag.py:355} ERROR - Failed to import: /opt/airflow/dags/flights-pipeline.py
Traceback (most recent call last):
  File "/home/airflow/.local/lib/python3.12/site-packages/airflow/models/dagbag.py", line 351, in parse
    loader.exec_module(new_module)
  File "<frozen importlib._bootstrap_external>", line 995, in exec_module
  File "<frozen importlib._bootstrap>", line 488, in _call_with_frames_removed
  File "/opt/airflow/dags/flights-pipeline.py", line 12, in <module>
    from scripts.bronze_layer import run_bronze_ingestion
ModuleNotFoundError: No module named 'scripts.bronze_layer'
[2026-04-29T15:39:52.089+0000] {processor.py:842} WARNING - No viable dags retrieved from /opt/airflow/dags/flights-pipeline.py
[2026-04-29T15:39:52.176+0000] {processor.py:183} INFO - Processing /opt/airflow/dags/flights-pipeline.py took 0.232 seconds
[2026-04-29T15:40:22.514+0000] {processor.py:161} INFO - Started process (PID=410) to work on /opt/airflow/dags/flights-pipeline.py
[2026-04-29T15:40:22.516+0000] {processor.py:830} INFO - Processing file /opt/airflow/dags/flights-pipeline.py for tasks to queue
[2026-04-29T15:40:22.521+0000] {logging_mixin.py:188} INFO - [2026-04-29T15:40:22.520+0000] {dagbag.py:545} INFO - Filling up the DagBag from /opt/airflow/dags/flights-pipeline.py
[2026-04-29T15:40:22.584+0000] {logging_mixin.py:188} INFO - [2026-04-29T15:40:22.574+0000] {dagbag.py:355} ERROR - Failed to import: /opt/airflow/dags/flights-pipeline.py
Traceback (most recent call last):
  File "/home/airflow/.local/lib/python3.12/site-packages/airflow/models/dagbag.py", line 351, in parse
    loader.exec_module(new_module)
  File "<frozen importlib._bootstrap_external>", line 995, in exec_module
  File "<frozen importlib._bootstrap>", line 488, in _call_with_frames_removed
  File "/opt/airflow/dags/flights-pipeline.py", line 12, in <module>
    from scripts.bronze_layer import run_bronze_ingestion
ModuleNotFoundError: No module named 'scripts.bronze_layer'
[2026-04-29T15:40:22.591+0000] {processor.py:842} WARNING - No viable dags retrieved from /opt/airflow/dags/flights-pipeline.py
[2026-04-29T15:40:22.652+0000] {processor.py:183} INFO - Processing /opt/airflow/dags/flights-pipeline.py took 0.153 seconds
[2026-04-29T15:40:53.013+0000] {processor.py:161} INFO - Started process (PID=411) to work on /opt/airflow/dags/flights-pipeline.py
[2026-04-29T15:40:53.016+0000] {processor.py:830} INFO - Processing file /opt/airflow/dags/flights-pipeline.py for tasks to queue
[2026-04-29T15:40:53.022+0000] {logging_mixin.py:188} INFO - [2026-04-29T15:40:53.020+0000] {dagbag.py:545} INFO - Filling up the DagBag from /opt/airflow/dags/flights-pipeline.py
[2026-04-29T15:40:53.079+0000] {logging_mixin.py:188} INFO - [2026-04-29T15:40:53.069+0000] {dagbag.py:355} ERROR - Failed to import: /opt/airflow/dags/flights-pipeline.py
Traceback (most recent call last):
  File "/home/airflow/.local/lib/python3.12/site-packages/airflow/models/dagbag.py", line 351, in parse
    loader.exec_module(new_module)
  File "<frozen importlib._bootstrap_external>", line 995, in exec_module
  File "<frozen importlib._bootstrap>", line 488, in _call_with_frames_removed
  File "/opt/airflow/dags/flights-pipeline.py", line 12, in <module>
    from scripts.bronze_layer import run_bronze_ingestion
ModuleNotFoundError: No module named 'scripts.bronze_layer'
[2026-04-29T15:40:53.084+0000] {processor.py:842} WARNING - No viable dags retrieved from /opt/airflow/dags/flights-pipeline.py
[2026-04-29T15:40:53.151+0000] {processor.py:183} INFO - Processing /opt/airflow/dags/flights-pipeline.py took 0.152 seconds
[2026-04-29T15:41:23.430+0000] {processor.py:161} INFO - Started process (PID=412) to work on /opt/airflow/dags/flights-pipeline.py
[2026-04-29T15:41:23.433+0000] {processor.py:830} INFO - Processing file /opt/airflow/dags/flights-pipeline.py for tasks to queue
[2026-04-29T15:41:23.439+0000] {logging_mixin.py:188} INFO - [2026-04-29T15:41:23.438+0000] {dagbag.py:545} INFO - Filling up the DagBag from /opt/airflow/dags/flights-pipeline.py
[2026-04-29T15:41:23.503+0000] {logging_mixin.py:188} INFO - [2026-04-29T15:41:23.492+0000] {dagbag.py:355} ERROR - Failed to import: /opt/airflow/dags/flights-pipeline.py
Traceback (most recent call last):
  File "/home/airflow/.local/lib/python3.12/site-packages/airflow/models/dagbag.py", line 351, in parse
    loader.exec_module(new_module)
  File "<frozen importlib._bootstrap_external>", line 995, in exec_module
  File "<frozen importlib._bootstrap>", line 488, in _call_with_frames_removed
  File "/opt/airflow/dags/flights-pipeline.py", line 12, in <module>
    from scripts.bronze_layer import run_bronze_ingestion
ModuleNotFoundError: No module named 'scripts.bronze_layer'
[2026-04-29T15:41:23.508+0000] {processor.py:842} WARNING - No viable dags retrieved from /opt/airflow/dags/flights-pipeline.py
[2026-04-29T15:41:23.578+0000] {processor.py:183} INFO - Processing /opt/airflow/dags/flights-pipeline.py took 0.163 seconds
[2026-04-29T15:41:53.980+0000] {processor.py:161} INFO - Started process (PID=413) to work on /opt/airflow/dags/flights-pipeline.py
[2026-04-29T15:41:53.984+0000] {processor.py:830} INFO - Processing file /opt/airflow/dags/flights-pipeline.py for tasks to queue
[2026-04-29T15:41:53.991+0000] {logging_mixin.py:188} INFO - [2026-04-29T15:41:53.990+0000] {dagbag.py:545} INFO - Filling up the DagBag from /opt/airflow/dags/flights-pipeline.py
[2026-04-29T15:41:54.090+0000] {logging_mixin.py:188} INFO - [2026-04-29T15:41:54.072+0000] {dagbag.py:355} ERROR - Failed to import: /opt/airflow/dags/flights-pipeline.py
Traceback (most recent call last):
  File "/home/airflow/.local/lib/python3.12/site-packages/airflow/models/dagbag.py", line 351, in parse
    loader.exec_module(new_module)
  File "<frozen importlib._bootstrap_external>", line 995, in exec_module
  File "<frozen importlib._bootstrap>", line 488, in _call_with_frames_removed
  File "/opt/airflow/dags/flights-pipeline.py", line 12, in <module>
    from scripts.bronze_layer import run_bronze_ingestion
ModuleNotFoundError: No module named 'scripts.bronze_layer'
[2026-04-29T15:41:54.095+0000] {processor.py:842} WARNING - No viable dags retrieved from /opt/airflow/dags/flights-pipeline.py
[2026-04-29T15:41:54.179+0000] {processor.py:183} INFO - Processing /opt/airflow/dags/flights-pipeline.py took 0.221 seconds
[2026-04-29T15:42:24.605+0000] {processor.py:161} INFO - Started process (PID=414) to work on /opt/airflow/dags/flights-pipeline.py
[2026-04-29T15:42:24.608+0000] {processor.py:830} INFO - Processing file /opt/airflow/dags/flights-pipeline.py for tasks to queue
[2026-04-29T15:42:24.613+0000] {logging_mixin.py:188} INFO - [2026-04-29T15:42:24.612+0000] {dagbag.py:545} INFO - Filling up the DagBag from /opt/airflow/dags/flights-pipeline.py
[2026-04-29T15:42:24.675+0000] {logging_mixin.py:188} INFO - [2026-04-29T15:42:24.664+0000] {dagbag.py:355} ERROR - Failed to import: /opt/airflow/dags/flights-pipeline.py
Traceback (most recent call last):
  File "/home/airflow/.local/lib/python3.12/site-packages/airflow/models/dagbag.py", line 351, in parse
    loader.exec_module(new_module)
  File "<frozen importlib._bootstrap_external>", line 995, in exec_module
  File "<frozen importlib._bootstrap>", line 488, in _call_with_frames_removed
  File "/opt/airflow/dags/flights-pipeline.py", line 12, in <module>
    from scripts.bronze_layer import run_bronze_ingestion
ModuleNotFoundError: No module named 'scripts.bronze_layer'
[2026-04-29T15:42:24.679+0000] {processor.py:842} WARNING - No viable dags retrieved from /opt/airflow/dags/flights-pipeline.py
[2026-04-29T15:42:24.749+0000] {processor.py:183} INFO - Processing /opt/airflow/dags/flights-pipeline.py took 0.156 seconds
[2026-04-29T15:42:55.052+0000] {processor.py:161} INFO - Started process (PID=415) to work on /opt/airflow/dags/flights-pipeline.py
[2026-04-29T15:42:55.057+0000] {processor.py:830} INFO - Processing file /opt/airflow/dags/flights-pipeline.py for tasks to queue
[2026-04-29T15:42:55.065+0000] {logging_mixin.py:188} INFO - [2026-04-29T15:42:55.064+0000] {dagbag.py:545} INFO - Filling up the DagBag from /opt/airflow/dags/flights-pipeline.py
[2026-04-29T15:42:55.134+0000] {logging_mixin.py:188} INFO - [2026-04-29T15:42:55.124+0000] {dagbag.py:355} ERROR - Failed to import: /opt/airflow/dags/flights-pipeline.py
Traceback (most recent call last):
  File "/home/airflow/.local/lib/python3.12/site-packages/airflow/models/dagbag.py", line 351, in parse
    loader.exec_module(new_module)
  File "<frozen importlib._bootstrap_external>", line 995, in exec_module
  File "<frozen importlib._bootstrap>", line 488, in _call_with_frames_removed
  File "/opt/airflow/dags/flights-pipeline.py", line 12, in <module>
    from scripts.bronze_layer import run_bronze_ingestion
ModuleNotFoundError: No module named 'scripts.bronze_layer'
[2026-04-29T15:42:55.139+0000] {processor.py:842} WARNING - No viable dags retrieved from /opt/airflow/dags/flights-pipeline.py
[2026-04-29T15:42:55.196+0000] {processor.py:183} INFO - Processing /opt/airflow/dags/flights-pipeline.py took 0.172 seconds
[2026-04-29T15:43:25.614+0000] {processor.py:161} INFO - Started process (PID=416) to work on /opt/airflow/dags/flights-pipeline.py
[2026-04-29T15:43:25.618+0000] {processor.py:830} INFO - Processing file /opt/airflow/dags/flights-pipeline.py for tasks to queue
[2026-04-29T15:43:25.623+0000] {logging_mixin.py:188} INFO - [2026-04-29T15:43:25.622+0000] {dagbag.py:545} INFO - Filling up the DagBag from /opt/airflow/dags/flights-pipeline.py
[2026-04-29T15:43:25.713+0000] {logging_mixin.py:188} INFO - [2026-04-29T15:43:25.697+0000] {dagbag.py:355} ERROR - Failed to import: /opt/airflow/dags/flights-pipeline.py
Traceback (most recent call last):
  File "/home/airflow/.local/lib/python3.12/site-packages/airflow/models/dagbag.py", line 351, in parse
    loader.exec_module(new_module)
  File "<frozen importlib._bootstrap_external>", line 995, in exec_module
  File "<frozen importlib._bootstrap>", line 488, in _call_with_frames_removed
  File "/opt/airflow/dags/flights-pipeline.py", line 12, in <module>
    from scripts.bronze_layer import run_bronze_ingestion
ModuleNotFoundError: No module named 'scripts.bronze_layer'
[2026-04-29T15:43:25.719+0000] {processor.py:842} WARNING - No viable dags retrieved from /opt/airflow/dags/flights-pipeline.py
[2026-04-29T15:43:25.802+0000] {processor.py:183} INFO - Processing /opt/airflow/dags/flights-pipeline.py took 0.210 seconds
[2026-04-29T15:43:56.103+0000] {processor.py:161} INFO - Started process (PID=417) to work on /opt/airflow/dags/flights-pipeline.py
[2026-04-29T15:43:56.109+0000] {processor.py:830} INFO - Processing file /opt/airflow/dags/flights-pipeline.py for tasks to queue
[2026-04-29T15:43:56.120+0000] {logging_mixin.py:188} INFO - [2026-04-29T15:43:56.118+0000] {dagbag.py:545} INFO - Filling up the DagBag from /opt/airflow/dags/flights-pipeline.py
[2026-04-29T15:43:56.225+0000] {logging_mixin.py:188} INFO - [2026-04-29T15:43:56.197+0000] {dagbag.py:355} ERROR - Failed to import: /opt/airflow/dags/flights-pipeline.py
Traceback (most recent call last):
  File "/home/airflow/.local/lib/python3.12/site-packages/airflow/models/dagbag.py", line 351, in parse
    loader.exec_module(new_module)
  File "<frozen importlib._bootstrap_external>", line 995, in exec_module
  File "<frozen importlib._bootstrap>", line 488, in _call_with_frames_removed
  File "/opt/airflow/dags/flights-pipeline.py", line 12, in <module>
    from scripts.bronze_layer import run_bronze_ingestion
ModuleNotFoundError: No module named 'scripts.bronze_layer'
[2026-04-29T15:43:56.232+0000] {processor.py:842} WARNING - No viable dags retrieved from /opt/airflow/dags/flights-pipeline.py
[2026-04-29T15:43:56.352+0000] {processor.py:183} INFO - Processing /opt/airflow/dags/flights-pipeline.py took 0.285 seconds
[2026-04-29T15:44:26.685+0000] {processor.py:161} INFO - Started process (PID=418) to work on /opt/airflow/dags/flights-pipeline.py
[2026-04-29T15:44:26.689+0000] {processor.py:830} INFO - Processing file /opt/airflow/dags/flights-pipeline.py for tasks to queue
[2026-04-29T15:44:26.696+0000] {logging_mixin.py:188} INFO - [2026-04-29T15:44:26.695+0000] {dagbag.py:545} INFO - Filling up the DagBag from /opt/airflow/dags/flights-pipeline.py
[2026-04-29T15:44:26.792+0000] {logging_mixin.py:188} INFO - [2026-04-29T15:44:26.774+0000] {dagbag.py:355} ERROR - Failed to import: /opt/airflow/dags/flights-pipeline.py
Traceback (most recent call last):
  File "/home/airflow/.local/lib/python3.12/site-packages/airflow/models/dagbag.py", line 351, in parse
    loader.exec_module(new_module)
  File "<frozen importlib._bootstrap_external>", line 995, in exec_module
  File "<frozen importlib._bootstrap>", line 488, in _call_with_frames_removed
  File "/opt/airflow/dags/flights-pipeline.py", line 12, in <module>
    from scripts.bronze_layer import run_bronze_ingestion
ModuleNotFoundError: No module named 'scripts.bronze_layer'
[2026-04-29T15:44:26.798+0000] {processor.py:842} WARNING - No viable dags retrieved from /opt/airflow/dags/flights-pipeline.py
[2026-04-29T15:44:26.881+0000] {processor.py:183} INFO - Processing /opt/airflow/dags/flights-pipeline.py took 0.220 seconds
[2026-04-29T15:44:57.207+0000] {processor.py:161} INFO - Started process (PID=419) to work on /opt/airflow/dags/flights-pipeline.py
[2026-04-29T15:44:57.210+0000] {processor.py:830} INFO - Processing file /opt/airflow/dags/flights-pipeline.py for tasks to queue
[2026-04-29T15:44:57.215+0000] {logging_mixin.py:188} INFO - [2026-04-29T15:44:57.214+0000] {dagbag.py:545} INFO - Filling up the DagBag from /opt/airflow/dags/flights-pipeline.py
[2026-04-29T15:44:57.268+0000] {logging_mixin.py:188} INFO - [2026-04-29T15:44:57.258+0000] {dagbag.py:355} ERROR - Failed to import: /opt/airflow/dags/flights-pipeline.py
Traceback (most recent call last):
  File "/home/airflow/.local/lib/python3.12/site-packages/airflow/models/dagbag.py", line 351, in parse
    loader.exec_module(new_module)
  File "<frozen importlib._bootstrap_external>", line 995, in exec_module
  File "<frozen importlib._bootstrap>", line 488, in _call_with_frames_removed
  File "/opt/airflow/dags/flights-pipeline.py", line 12, in <module>
    from scripts.bronze_layer import run_bronze_ingestion
ModuleNotFoundError: No module named 'scripts.bronze_layer'
[2026-04-29T15:44:57.272+0000] {processor.py:842} WARNING - No viable dags retrieved from /opt/airflow/dags/flights-pipeline.py
[2026-04-29T15:44:57.334+0000] {processor.py:183} INFO - Processing /opt/airflow/dags/flights-pipeline.py took 0.143 seconds
[2026-04-29T15:45:27.764+0000] {processor.py:161} INFO - Started process (PID=420) to work on /opt/airflow/dags/flights-pipeline.py
[2026-04-29T15:45:27.767+0000] {processor.py:830} INFO - Processing file /opt/airflow/dags/flights-pipeline.py for tasks to queue
[2026-04-29T15:45:27.772+0000] {logging_mixin.py:188} INFO - [2026-04-29T15:45:27.772+0000] {dagbag.py:545} INFO - Filling up the DagBag from /opt/airflow/dags/flights-pipeline.py
[2026-04-29T15:45:27.832+0000] {logging_mixin.py:188} INFO - [2026-04-29T15:45:27.822+0000] {dagbag.py:355} ERROR - Failed to import: /opt/airflow/dags/flights-pipeline.py
Traceback (most recent call last):
  File "/home/airflow/.local/lib/python3.12/site-packages/airflow/models/dagbag.py", line 351, in parse
    loader.exec_module(new_module)
  File "<frozen importlib._bootstrap_external>", line 995, in exec_module
  File "<frozen importlib._bootstrap>", line 488, in _call_with_frames_removed
  File "/opt/airflow/dags/flights-pipeline.py", line 12, in <module>
    from scripts.bronze_layer import run_bronze_ingestion
ModuleNotFoundError: No module named 'scripts.bronze_layer'
[2026-04-29T15:45:27.836+0000] {processor.py:842} WARNING - No viable dags retrieved from /opt/airflow/dags/flights-pipeline.py
[2026-04-29T15:45:27.894+0000] {processor.py:183} INFO - Processing /opt/airflow/dags/flights-pipeline.py took 0.141 seconds
[2026-04-29T15:45:58.199+0000] {processor.py:161} INFO - Started process (PID=421) to work on /opt/airflow/dags/flights-pipeline.py
[2026-04-29T15:45:58.204+0000] {processor.py:830} INFO - Processing file /opt/airflow/dags/flights-pipeline.py for tasks to queue
[2026-04-29T15:45:58.212+0000] {logging_mixin.py:188} INFO - [2026-04-29T15:45:58.210+0000] {dagbag.py:545} INFO - Filling up the DagBag from /opt/airflow/dags/flights-pipeline.py
[2026-04-29T15:45:58.314+0000] {logging_mixin.py:188} INFO - [2026-04-29T15:45:58.292+0000] {dagbag.py:355} ERROR - Failed to import: /opt/airflow/dags/flights-pipeline.py
Traceback (most recent call last):
  File "/home/airflow/.local/lib/python3.12/site-packages/airflow/models/dagbag.py", line 351, in parse
    loader.exec_module(new_module)
  File "<frozen importlib._bootstrap_external>", line 995, in exec_module
  File "<frozen importlib._bootstrap>", line 488, in _call_with_frames_removed
  File "/opt/airflow/dags/flights-pipeline.py", line 12, in <module>
    from scripts.bronze_layer import run_bronze_ingestion
ModuleNotFoundError: No module named 'scripts.bronze_layer'
[2026-04-29T15:45:58.327+0000] {processor.py:842} WARNING - No viable dags retrieved from /opt/airflow/dags/flights-pipeline.py
[2026-04-29T15:45:58.414+0000] {processor.py:183} INFO - Processing /opt/airflow/dags/flights-pipeline.py took 0.243 seconds
[2026-04-29T15:46:28.762+0000] {processor.py:161} INFO - Started process (PID=422) to work on /opt/airflow/dags/flights-pipeline.py
[2026-04-29T15:46:28.766+0000] {processor.py:830} INFO - Processing file /opt/airflow/dags/flights-pipeline.py for tasks to queue
[2026-04-29T15:46:28.773+0000] {logging_mixin.py:188} INFO - [2026-04-29T15:46:28.772+0000] {dagbag.py:545} INFO - Filling up the DagBag from /opt/airflow/dags/flights-pipeline.py
[2026-04-29T15:46:28.873+0000] {logging_mixin.py:188} INFO - [2026-04-29T15:46:28.851+0000] {dagbag.py:355} ERROR - Failed to import: /opt/airflow/dags/flights-pipeline.py
Traceback (most recent call last):
  File "/home/airflow/.local/lib/python3.12/site-packages/airflow/models/dagbag.py", line 351, in parse
    loader.exec_module(new_module)
  File "<frozen importlib._bootstrap_external>", line 995, in exec_module
  File "<frozen importlib._bootstrap>", line 488, in _call_with_frames_removed
  File "/opt/airflow/dags/flights-pipeline.py", line 12, in <module>
    from scripts.bronze_layer import run_bronze_ingestion
ModuleNotFoundError: No module named 'scripts.bronze_layer'
[2026-04-29T15:46:28.880+0000] {processor.py:842} WARNING - No viable dags retrieved from /opt/airflow/dags/flights-pipeline.py
[2026-04-29T15:46:28.972+0000] {processor.py:183} INFO - Processing /opt/airflow/dags/flights-pipeline.py took 0.238 seconds
[2026-04-29T15:46:59.305+0000] {processor.py:161} INFO - Started process (PID=423) to work on /opt/airflow/dags/flights-pipeline.py
[2026-04-29T15:46:59.309+0000] {processor.py:830} INFO - Processing file /opt/airflow/dags/flights-pipeline.py for tasks to queue
[2026-04-29T15:46:59.316+0000] {logging_mixin.py:188} INFO - [2026-04-29T15:46:59.315+0000] {dagbag.py:545} INFO - Filling up the DagBag from /opt/airflow/dags/flights-pipeline.py
[2026-04-29T15:46:59.408+0000] {logging_mixin.py:188} INFO - [2026-04-29T15:46:59.392+0000] {dagbag.py:355} ERROR - Failed to import: /opt/airflow/dags/flights-pipeline.py
Traceback (most recent call last):
  File "/home/airflow/.local/lib/python3.12/site-packages/airflow/models/dagbag.py", line 351, in parse
    loader.exec_module(new_module)
  File "<frozen importlib._bootstrap_external>", line 995, in exec_module
  File "<frozen importlib._bootstrap>", line 488, in _call_with_frames_removed
  File "/opt/airflow/dags/flights-pipeline.py", line 12, in <module>
    from scripts.bronze_layer import run_bronze_ingestion
ModuleNotFoundError: No module named 'scripts.bronze_layer'
[2026-04-29T15:46:59.414+0000] {processor.py:842} WARNING - No viable dags retrieved from /opt/airflow/dags/flights-pipeline.py
[2026-04-29T15:46:59.505+0000] {processor.py:183} INFO - Processing /opt/airflow/dags/flights-pipeline.py took 0.227 seconds
[2026-04-29T15:47:29.969+0000] {processor.py:161} INFO - Started process (PID=424) to work on /opt/airflow/dags/flights-pipeline.py
[2026-04-29T15:47:29.973+0000] {processor.py:830} INFO - Processing file /opt/airflow/dags/flights-pipeline.py for tasks to queue
[2026-04-29T15:47:29.982+0000] {logging_mixin.py:188} INFO - [2026-04-29T15:47:29.980+0000] {dagbag.py:545} INFO - Filling up the DagBag from /opt/airflow/dags/flights-pipeline.py
[2026-04-29T15:47:30.070+0000] {logging_mixin.py:188} INFO - [2026-04-29T15:47:30.054+0000] {dagbag.py:355} ERROR - Failed to import: /opt/airflow/dags/flights-pipeline.py
Traceback (most recent call last):
  File "/home/airflow/.local/lib/python3.12/site-packages/airflow/models/dagbag.py", line 351, in parse
    loader.exec_module(new_module)
  File "<frozen importlib._bootstrap_external>", line 995, in exec_module
  File "<frozen importlib._bootstrap>", line 488, in _call_with_frames_removed
  File "/opt/airflow/dags/flights-pipeline.py", line 12, in <module>
    from scripts.bronze_layer import run_bronze_ingestion
ModuleNotFoundError: No module named 'scripts.bronze_layer'
[2026-04-29T15:47:30.076+0000] {processor.py:842} WARNING - No viable dags retrieved from /opt/airflow/dags/flights-pipeline.py
[2026-04-29T15:47:30.154+0000] {processor.py:183} INFO - Processing /opt/airflow/dags/flights-pipeline.py took 0.206 seconds
[2026-04-29T15:48:00.722+0000] {processor.py:161} INFO - Started process (PID=425) to work on /opt/airflow/dags/flights-pipeline.py
[2026-04-29T15:48:00.729+0000] {processor.py:830} INFO - Processing file /opt/airflow/dags/flights-pipeline.py for tasks to queue
[2026-04-29T15:48:00.734+0000] {logging_mixin.py:188} INFO - [2026-04-29T15:48:00.734+0000] {dagbag.py:545} INFO - Filling up the DagBag from /opt/airflow/dags/flights-pipeline.py
[2026-04-29T15:48:00.801+0000] {logging_mixin.py:188} INFO - [2026-04-29T15:48:00.788+0000] {dagbag.py:355} ERROR - Failed to import: /opt/airflow/dags/flights-pipeline.py
Traceback (most recent call last):
  File "/home/airflow/.local/lib/python3.12/site-packages/airflow/models/dagbag.py", line 351, in parse
    loader.exec_module(new_module)
  File "<frozen importlib._bootstrap_external>", line 995, in exec_module
  File "<frozen importlib._bootstrap>", line 488, in _call_with_frames_removed
  File "/opt/airflow/dags/flights-pipeline.py", line 12, in <module>
    from scripts.bronze_layer import run_bronze_ingestion
ModuleNotFoundError: No module named 'scripts.bronze_layer'
[2026-04-29T15:48:00.805+0000] {processor.py:842} WARNING - No viable dags retrieved from /opt/airflow/dags/flights-pipeline.py
[2026-04-29T15:48:00.870+0000] {processor.py:183} INFO - Processing /opt/airflow/dags/flights-pipeline.py took 0.170 seconds
[2026-04-29T15:48:31.118+0000] {processor.py:161} INFO - Started process (PID=426) to work on /opt/airflow/dags/flights-pipeline.py
[2026-04-29T15:48:31.122+0000] {processor.py:830} INFO - Processing file /opt/airflow/dags/flights-pipeline.py for tasks to queue
[2026-04-29T15:48:31.135+0000] {logging_mixin.py:188} INFO - [2026-04-29T15:48:31.135+0000] {dagbag.py:545} INFO - Filling up the DagBag from /opt/airflow/dags/flights-pipeline.py
[2026-04-29T15:48:31.211+0000] {logging_mixin.py:188} INFO - [2026-04-29T15:48:31.203+0000] {dagbag.py:355} ERROR - Failed to import: /opt/airflow/dags/flights-pipeline.py
Traceback (most recent call last):
  File "/home/airflow/.local/lib/python3.12/site-packages/airflow/models/dagbag.py", line 351, in parse
    loader.exec_module(new_module)
  File "<frozen importlib._bootstrap_external>", line 995, in exec_module
  File "<frozen importlib._bootstrap>", line 488, in _call_with_frames_removed
  File "/opt/airflow/dags/flights-pipeline.py", line 12, in <module>
    from scripts.bronze_layer import run_bronze_ingestion
ModuleNotFoundError: No module named 'scripts.bronze_layer'
[2026-04-29T15:48:31.215+0000] {processor.py:842} WARNING - No viable dags retrieved from /opt/airflow/dags/flights-pipeline.py
[2026-04-29T15:48:31.283+0000] {processor.py:183} INFO - Processing /opt/airflow/dags/flights-pipeline.py took 0.181 seconds
[2026-04-29T15:49:02.174+0000] {processor.py:161} INFO - Started process (PID=427) to work on /opt/airflow/dags/flights-pipeline.py
[2026-04-29T15:49:02.283+0000] {processor.py:830} INFO - Processing file /opt/airflow/dags/flights-pipeline.py for tasks to queue
[2026-04-29T15:49:02.327+0000] {logging_mixin.py:188} INFO - [2026-04-29T15:49:02.319+0000] {dagbag.py:545} INFO - Filling up the DagBag from /opt/airflow/dags/flights-pipeline.py
[2026-04-29T15:49:02.438+0000] {logging_mixin.py:188} INFO - [2026-04-29T15:49:02.419+0000] {dagbag.py:355} ERROR - Failed to import: /opt/airflow/dags/flights-pipeline.py
Traceback (most recent call last):
  File "/home/airflow/.local/lib/python3.12/site-packages/airflow/models/dagbag.py", line 351, in parse
    loader.exec_module(new_module)
  File "<frozen importlib._bootstrap_external>", line 995, in exec_module
  File "<frozen importlib._bootstrap>", line 488, in _call_with_frames_removed
  File "/opt/airflow/dags/flights-pipeline.py", line 12, in <module>
    from scripts.bronze_layer import run_bronze_ingestion
ModuleNotFoundError: No module named 'scripts.bronze_layer'
[2026-04-29T15:49:02.444+0000] {processor.py:842} WARNING - No viable dags retrieved from /opt/airflow/dags/flights-pipeline.py
[2026-04-29T15:49:02.671+0000] {processor.py:183} INFO - Processing /opt/airflow/dags/flights-pipeline.py took 0.615 seconds
[2026-04-29T15:49:33.070+0000] {processor.py:161} INFO - Started process (PID=428) to work on /opt/airflow/dags/flights-pipeline.py
[2026-04-29T15:49:33.073+0000] {processor.py:830} INFO - Processing file /opt/airflow/dags/flights-pipeline.py for tasks to queue
[2026-04-29T15:49:33.079+0000] {logging_mixin.py:188} INFO - [2026-04-29T15:49:33.078+0000] {dagbag.py:545} INFO - Filling up the DagBag from /opt/airflow/dags/flights-pipeline.py
[2026-04-29T15:49:33.123+0000] {logging_mixin.py:188} INFO - [2026-04-29T15:49:33.115+0000] {dagbag.py:355} ERROR - Failed to import: /opt/airflow/dags/flights-pipeline.py
Traceback (most recent call last):
  File "/home/airflow/.local/lib/python3.12/site-packages/airflow/models/dagbag.py", line 351, in parse
    loader.exec_module(new_module)
  File "<frozen importlib._bootstrap_external>", line 995, in exec_module
  File "<frozen importlib._bootstrap>", line 488, in _call_with_frames_removed
  File "/opt/airflow/dags/flights-pipeline.py", line 12, in <module>
    from scripts.bronze_layer import run_bronze_ingestion
ModuleNotFoundError: No module named 'scripts.bronze_layer'
[2026-04-29T15:49:33.127+0000] {processor.py:842} WARNING - No viable dags retrieved from /opt/airflow/dags/flights-pipeline.py
[2026-04-29T15:49:33.167+0000] {processor.py:183} INFO - Processing /opt/airflow/dags/flights-pipeline.py took 0.107 seconds
[2026-04-29T15:50:03.320+0000] {processor.py:161} INFO - Started process (PID=429) to work on /opt/airflow/dags/flights-pipeline.py
[2026-04-29T15:50:03.321+0000] {processor.py:830} INFO - Processing file /opt/airflow/dags/flights-pipeline.py for tasks to queue
[2026-04-29T15:50:03.327+0000] {logging_mixin.py:188} INFO - [2026-04-29T15:50:03.326+0000] {dagbag.py:545} INFO - Filling up the DagBag from /opt/airflow/dags/flights-pipeline.py
[2026-04-29T15:50:03.367+0000] {logging_mixin.py:188} INFO - [2026-04-29T15:50:03.361+0000] {dagbag.py:355} ERROR - Failed to import: /opt/airflow/dags/flights-pipeline.py
Traceback (most recent call last):
  File "/home/airflow/.local/lib/python3.12/site-packages/airflow/models/dagbag.py", line 351, in parse
    loader.exec_module(new_module)
  File "<frozen importlib._bootstrap_external>", line 995, in exec_module
  File "<frozen importlib._bootstrap>", line 488, in _call_with_frames_removed
  File "/opt/airflow/dags/flights-pipeline.py", line 12, in <module>
    from scripts.bronze_layer import run_bronze_ingestion
ModuleNotFoundError: No module named 'scripts.bronze_layer'
[2026-04-29T15:50:03.370+0000] {processor.py:842} WARNING - No viable dags retrieved from /opt/airflow/dags/flights-pipeline.py
[2026-04-29T15:50:03.412+0000] {processor.py:183} INFO - Processing /opt/airflow/dags/flights-pipeline.py took 0.104 seconds
[2026-04-29T15:50:33.891+0000] {processor.py:161} INFO - Started process (PID=430) to work on /opt/airflow/dags/flights-pipeline.py
[2026-04-29T15:50:33.894+0000] {processor.py:830} INFO - Processing file /opt/airflow/dags/flights-pipeline.py for tasks to queue
[2026-04-29T15:50:33.901+0000] {logging_mixin.py:188} INFO - [2026-04-29T15:50:33.900+0000] {dagbag.py:545} INFO - Filling up the DagBag from /opt/airflow/dags/flights-pipeline.py
[2026-04-29T15:50:33.964+0000] {logging_mixin.py:188} INFO - [2026-04-29T15:50:33.951+0000] {dagbag.py:355} ERROR - Failed to import: /opt/airflow/dags/flights-pipeline.py
Traceback (most recent call last):
  File "/home/airflow/.local/lib/python3.12/site-packages/airflow/models/dagbag.py", line 351, in parse
    loader.exec_module(new_module)
  File "<frozen importlib._bootstrap_external>", line 995, in exec_module
  File "<frozen importlib._bootstrap>", line 488, in _call_with_frames_removed
  File "/opt/airflow/dags/flights-pipeline.py", line 12, in <module>
    from scripts.bronze_layer import run_bronze_ingestion
ModuleNotFoundError: No module named 'scripts.bronze_layer'
[2026-04-29T15:50:33.969+0000] {processor.py:842} WARNING - No viable dags retrieved from /opt/airflow/dags/flights-pipeline.py
[2026-04-29T15:50:34.041+0000] {processor.py:183} INFO - Processing /opt/airflow/dags/flights-pipeline.py took 0.163 seconds
[2026-04-29T15:51:04.306+0000] {processor.py:161} INFO - Started process (PID=431) to work on /opt/airflow/dags/flights-pipeline.py
[2026-04-29T15:51:04.310+0000] {processor.py:830} INFO - Processing file /opt/airflow/dags/flights-pipeline.py for tasks to queue
[2026-04-29T15:51:04.317+0000] {logging_mixin.py:188} INFO - [2026-04-29T15:51:04.316+0000] {dagbag.py:545} INFO - Filling up the DagBag from /opt/airflow/dags/flights-pipeline.py
[2026-04-29T15:51:04.415+0000] {logging_mixin.py:188} INFO - [2026-04-29T15:51:04.396+0000] {dagbag.py:355} ERROR - Failed to import: /opt/airflow/dags/flights-pipeline.py
Traceback (most recent call last):
  File "/home/airflow/.local/lib/python3.12/site-packages/airflow/models/dagbag.py", line 351, in parse
    loader.exec_module(new_module)
  File "<frozen importlib._bootstrap_external>", line 995, in exec_module
  File "<frozen importlib._bootstrap>", line 488, in _call_with_frames_removed
  File "/opt/airflow/dags/flights-pipeline.py", line 12, in <module>
    from scripts.bronze_layer import run_bronze_ingestion
ModuleNotFoundError: No module named 'scripts.bronze_layer'
[2026-04-29T15:51:04.423+0000] {processor.py:842} WARNING - No viable dags retrieved from /opt/airflow/dags/flights-pipeline.py
[2026-04-29T15:51:04.518+0000] {processor.py:183} INFO - Processing /opt/airflow/dags/flights-pipeline.py took 0.238 seconds
[2026-04-29T15:51:34.817+0000] {processor.py:161} INFO - Started process (PID=432) to work on /opt/airflow/dags/flights-pipeline.py
[2026-04-29T15:51:34.819+0000] {processor.py:830} INFO - Processing file /opt/airflow/dags/flights-pipeline.py for tasks to queue
[2026-04-29T15:51:34.824+0000] {logging_mixin.py:188} INFO - [2026-04-29T15:51:34.824+0000] {dagbag.py:545} INFO - Filling up the DagBag from /opt/airflow/dags/flights-pipeline.py
[2026-04-29T15:51:34.885+0000] {logging_mixin.py:188} INFO - [2026-04-29T15:51:34.874+0000] {dagbag.py:355} ERROR - Failed to import: /opt/airflow/dags/flights-pipeline.py
Traceback (most recent call last):
  File "/home/airflow/.local/lib/python3.12/site-packages/airflow/models/dagbag.py", line 351, in parse
    loader.exec_module(new_module)
  File "<frozen importlib._bootstrap_external>", line 995, in exec_module
  File "<frozen importlib._bootstrap>", line 488, in _call_with_frames_removed
  File "/opt/airflow/dags/flights-pipeline.py", line 12, in <module>
    from scripts.bronze_layer import run_bronze_ingestion
ModuleNotFoundError: No module named 'scripts.bronze_layer'
[2026-04-29T15:51:34.889+0000] {processor.py:842} WARNING - No viable dags retrieved from /opt/airflow/dags/flights-pipeline.py
[2026-04-29T15:51:34.955+0000] {processor.py:183} INFO - Processing /opt/airflow/dags/flights-pipeline.py took 0.156 seconds
[2026-04-29T15:52:05.294+0000] {processor.py:161} INFO - Started process (PID=433) to work on /opt/airflow/dags/flights-pipeline.py
[2026-04-29T15:52:05.296+0000] {processor.py:830} INFO - Processing file /opt/airflow/dags/flights-pipeline.py for tasks to queue
[2026-04-29T15:52:05.301+0000] {logging_mixin.py:188} INFO - [2026-04-29T15:52:05.300+0000] {dagbag.py:545} INFO - Filling up the DagBag from /opt/airflow/dags/flights-pipeline.py
[2026-04-29T15:52:05.366+0000] {logging_mixin.py:188} INFO - [2026-04-29T15:52:05.355+0000] {dagbag.py:355} ERROR - Failed to import: /opt/airflow/dags/flights-pipeline.py
Traceback (most recent call last):
  File "/home/airflow/.local/lib/python3.12/site-packages/airflow/models/dagbag.py", line 351, in parse
    loader.exec_module(new_module)
  File "<frozen importlib._bootstrap_external>", line 995, in exec_module
  File "<frozen importlib._bootstrap>", line 488, in _call_with_frames_removed
  File "/opt/airflow/dags/flights-pipeline.py", line 12, in <module>
    from scripts.bronze_layer import run_bronze_ingestion
ModuleNotFoundError: No module named 'scripts.bronze_layer'
[2026-04-29T15:52:05.370+0000] {processor.py:842} WARNING - No viable dags retrieved from /opt/airflow/dags/flights-pipeline.py
[2026-04-29T15:52:05.443+0000] {processor.py:183} INFO - Processing /opt/airflow/dags/flights-pipeline.py took 0.167 seconds
[2026-04-29T15:52:35.741+0000] {processor.py:161} INFO - Started process (PID=434) to work on /opt/airflow/dags/flights-pipeline.py
[2026-04-29T15:52:35.744+0000] {processor.py:830} INFO - Processing file /opt/airflow/dags/flights-pipeline.py for tasks to queue
[2026-04-29T15:52:35.749+0000] {logging_mixin.py:188} INFO - [2026-04-29T15:52:35.748+0000] {dagbag.py:545} INFO - Filling up the DagBag from /opt/airflow/dags/flights-pipeline.py
[2026-04-29T15:52:35.853+0000] {logging_mixin.py:188} INFO - [2026-04-29T15:52:35.815+0000] {dagbag.py:355} ERROR - Failed to import: /opt/airflow/dags/flights-pipeline.py
Traceback (most recent call last):
  File "/home/airflow/.local/lib/python3.12/site-packages/airflow/models/dagbag.py", line 351, in parse
    loader.exec_module(new_module)
  File "<frozen importlib._bootstrap_external>", line 995, in exec_module
  File "<frozen importlib._bootstrap>", line 488, in _call_with_frames_removed
  File "/opt/airflow/dags/flights-pipeline.py", line 12, in <module>
    from scripts.bronze_layer import run_bronze_ingestion
ModuleNotFoundError: No module named 'scripts.bronze_layer'
[2026-04-29T15:52:35.907+0000] {processor.py:842} WARNING - No viable dags retrieved from /opt/airflow/dags/flights-pipeline.py
[2026-04-29T15:52:36.064+0000] {processor.py:183} INFO - Processing /opt/airflow/dags/flights-pipeline.py took 0.339 seconds
[2026-04-29T15:53:06.496+0000] {processor.py:161} INFO - Started process (PID=435) to work on /opt/airflow/dags/flights-pipeline.py
[2026-04-29T15:53:06.498+0000] {processor.py:830} INFO - Processing file /opt/airflow/dags/flights-pipeline.py for tasks to queue
[2026-04-29T15:53:06.505+0000] {logging_mixin.py:188} INFO - [2026-04-29T15:53:06.503+0000] {dagbag.py:545} INFO - Filling up the DagBag from /opt/airflow/dags/flights-pipeline.py
[2026-04-29T15:53:06.563+0000] {logging_mixin.py:188} INFO - [2026-04-29T15:53:06.554+0000] {dagbag.py:355} ERROR - Failed to import: /opt/airflow/dags/flights-pipeline.py
Traceback (most recent call last):
  File "/home/airflow/.local/lib/python3.12/site-packages/airflow/models/dagbag.py", line 351, in parse
    loader.exec_module(new_module)
  File "<frozen importlib._bootstrap_external>", line 995, in exec_module
  File "<frozen importlib._bootstrap>", line 488, in _call_with_frames_removed
  File "/opt/airflow/dags/flights-pipeline.py", line 12, in <module>
    from scripts.bronze_layer import run_bronze_ingestion
ModuleNotFoundError: No module named 'scripts.bronze_layer'
[2026-04-29T15:53:06.566+0000] {processor.py:842} WARNING - No viable dags retrieved from /opt/airflow/dags/flights-pipeline.py
[2026-04-29T15:53:06.621+0000] {processor.py:183} INFO - Processing /opt/airflow/dags/flights-pipeline.py took 0.142 seconds
[2026-04-29T15:53:37.012+0000] {processor.py:161} INFO - Started process (PID=436) to work on /opt/airflow/dags/flights-pipeline.py
[2026-04-29T15:53:37.016+0000] {processor.py:830} INFO - Processing file /opt/airflow/dags/flights-pipeline.py for tasks to queue
[2026-04-29T15:53:37.024+0000] {logging_mixin.py:188} INFO - [2026-04-29T15:53:37.022+0000] {dagbag.py:545} INFO - Filling up the DagBag from /opt/airflow/dags/flights-pipeline.py
[2026-04-29T15:53:37.173+0000] {logging_mixin.py:188} INFO - [2026-04-29T15:53:37.152+0000] {dagbag.py:355} ERROR - Failed to import: /opt/airflow/dags/flights-pipeline.py
Traceback (most recent call last):
  File "/home/airflow/.local/lib/python3.12/site-packages/airflow/models/dagbag.py", line 351, in parse
    loader.exec_module(new_module)
  File "<frozen importlib._bootstrap_external>", line 995, in exec_module
  File "<frozen importlib._bootstrap>", line 488, in _call_with_frames_removed
  File "/opt/airflow/dags/flights-pipeline.py", line 12, in <module>
    from scripts.bronze_layer import run_bronze_ingestion
ModuleNotFoundError: No module named 'scripts.bronze_layer'
[2026-04-29T15:53:37.177+0000] {processor.py:842} WARNING - No viable dags retrieved from /opt/airflow/dags/flights-pipeline.py
[2026-04-29T15:53:37.236+0000] {processor.py:183} INFO - Processing /opt/airflow/dags/flights-pipeline.py took 0.245 seconds
[2026-04-29T15:54:07.441+0000] {processor.py:161} INFO - Started process (PID=437) to work on /opt/airflow/dags/flights-pipeline.py
[2026-04-29T15:54:07.444+0000] {processor.py:830} INFO - Processing file /opt/airflow/dags/flights-pipeline.py for tasks to queue
[2026-04-29T15:54:07.452+0000] {logging_mixin.py:188} INFO - [2026-04-29T15:54:07.450+0000] {dagbag.py:545} INFO - Filling up the DagBag from /opt/airflow/dags/flights-pipeline.py
[2026-04-29T15:54:07.547+0000] {logging_mixin.py:188} INFO - [2026-04-29T15:54:07.535+0000] {dagbag.py:355} ERROR - Failed to import: /opt/airflow/dags/flights-pipeline.py
Traceback (most recent call last):
  File "/home/airflow/.local/lib/python3.12/site-packages/airflow/models/dagbag.py", line 351, in parse
    loader.exec_module(new_module)
  File "<frozen importlib._bootstrap_external>", line 995, in exec_module
  File "<frozen importlib._bootstrap>", line 488, in _call_with_frames_removed
  File "/opt/airflow/dags/flights-pipeline.py", line 12, in <module>
    from scripts.bronze_layer import run_bronze_ingestion
ModuleNotFoundError: No module named 'scripts.bronze_layer'
[2026-04-29T15:54:07.553+0000] {processor.py:842} WARNING - No viable dags retrieved from /opt/airflow/dags/flights-pipeline.py
[2026-04-29T15:54:07.624+0000] {processor.py:183} INFO - Processing /opt/airflow/dags/flights-pipeline.py took 0.199 seconds
[2026-04-29T15:54:38.032+0000] {processor.py:161} INFO - Started process (PID=438) to work on /opt/airflow/dags/flights-pipeline.py
[2026-04-29T15:54:38.036+0000] {processor.py:830} INFO - Processing file /opt/airflow/dags/flights-pipeline.py for tasks to queue
[2026-04-29T15:54:38.041+0000] {logging_mixin.py:188} INFO - [2026-04-29T15:54:38.041+0000] {dagbag.py:545} INFO - Filling up the DagBag from /opt/airflow/dags/flights-pipeline.py
[2026-04-29T15:54:38.112+0000] {logging_mixin.py:188} INFO - [2026-04-29T15:54:38.101+0000] {dagbag.py:355} ERROR - Failed to import: /opt/airflow/dags/flights-pipeline.py
Traceback (most recent call last):
  File "/home/airflow/.local/lib/python3.12/site-packages/airflow/models/dagbag.py", line 351, in parse
    loader.exec_module(new_module)
  File "<frozen importlib._bootstrap_external>", line 995, in exec_module
  File "<frozen importlib._bootstrap>", line 488, in _call_with_frames_removed
  File "/opt/airflow/dags/flights-pipeline.py", line 12, in <module>
    from scripts.bronze_layer import run_bronze_ingestion
ModuleNotFoundError: No module named 'scripts.bronze_layer'
[2026-04-29T15:54:38.117+0000] {processor.py:842} WARNING - No viable dags retrieved from /opt/airflow/dags/flights-pipeline.py
[2026-04-29T15:54:38.182+0000] {processor.py:183} INFO - Processing /opt/airflow/dags/flights-pipeline.py took 0.163 seconds
[2026-04-29T15:55:08.431+0000] {processor.py:161} INFO - Started process (PID=439) to work on /opt/airflow/dags/flights-pipeline.py
[2026-04-29T15:55:08.434+0000] {processor.py:830} INFO - Processing file /opt/airflow/dags/flights-pipeline.py for tasks to queue
[2026-04-29T15:55:08.439+0000] {logging_mixin.py:188} INFO - [2026-04-29T15:55:08.439+0000] {dagbag.py:545} INFO - Filling up the DagBag from /opt/airflow/dags/flights-pipeline.py
[2026-04-29T15:55:08.507+0000] {logging_mixin.py:188} INFO - [2026-04-29T15:55:08.494+0000] {dagbag.py:355} ERROR - Failed to import: /opt/airflow/dags/flights-pipeline.py
Traceback (most recent call last):
  File "/home/airflow/.local/lib/python3.12/site-packages/airflow/models/dagbag.py", line 351, in parse
    loader.exec_module(new_module)
  File "<frozen importlib._bootstrap_external>", line 995, in exec_module
  File "<frozen importlib._bootstrap>", line 488, in _call_with_frames_removed
  File "/opt/airflow/dags/flights-pipeline.py", line 12, in <module>
    from scripts.bronze_layer import run_bronze_ingestion
ModuleNotFoundError: No module named 'scripts.bronze_layer'
[2026-04-29T15:55:08.511+0000] {processor.py:842} WARNING - No viable dags retrieved from /opt/airflow/dags/flights-pipeline.py
[2026-04-29T15:55:08.575+0000] {processor.py:183} INFO - Processing /opt/airflow/dags/flights-pipeline.py took 0.160 seconds
[2026-04-29T15:55:39.012+0000] {processor.py:161} INFO - Started process (PID=440) to work on /opt/airflow/dags/flights-pipeline.py
[2026-04-29T15:55:39.015+0000] {processor.py:830} INFO - Processing file /opt/airflow/dags/flights-pipeline.py for tasks to queue
[2026-04-29T15:55:39.022+0000] {logging_mixin.py:188} INFO - [2026-04-29T15:55:39.021+0000] {dagbag.py:545} INFO - Filling up the DagBag from /opt/airflow/dags/flights-pipeline.py
[2026-04-29T15:55:39.103+0000] {logging_mixin.py:188} INFO - [2026-04-29T15:55:39.087+0000] {dagbag.py:355} ERROR - Failed to import: /opt/airflow/dags/flights-pipeline.py
Traceback (most recent call last):
  File "/home/airflow/.local/lib/python3.12/site-packages/airflow/models/dagbag.py", line 351, in parse
    loader.exec_module(new_module)
  File "<frozen importlib._bootstrap_external>", line 995, in exec_module
  File "<frozen importlib._bootstrap>", line 488, in _call_with_frames_removed
  File "/opt/airflow/dags/flights-pipeline.py", line 12, in <module>
    from scripts.bronze_layer import run_bronze_ingestion
ModuleNotFoundError: No module named 'scripts.bronze_layer'
[2026-04-29T15:55:39.108+0000] {processor.py:842} WARNING - No viable dags retrieved from /opt/airflow/dags/flights-pipeline.py
[2026-04-29T15:55:39.190+0000] {processor.py:183} INFO - Processing /opt/airflow/dags/flights-pipeline.py took 0.192 seconds
[2026-04-29T15:56:09.468+0000] {processor.py:161} INFO - Started process (PID=441) to work on /opt/airflow/dags/flights-pipeline.py
[2026-04-29T15:56:09.471+0000] {processor.py:830} INFO - Processing file /opt/airflow/dags/flights-pipeline.py for tasks to queue
[2026-04-29T15:56:09.477+0000] {logging_mixin.py:188} INFO - [2026-04-29T15:56:09.476+0000] {dagbag.py:545} INFO - Filling up the DagBag from /opt/airflow/dags/flights-pipeline.py
[2026-04-29T15:56:09.553+0000] {logging_mixin.py:188} INFO - [2026-04-29T15:56:09.539+0000] {dagbag.py:355} ERROR - Failed to import: /opt/airflow/dags/flights-pipeline.py
Traceback (most recent call last):
  File "/home/airflow/.local/lib/python3.12/site-packages/airflow/models/dagbag.py", line 351, in parse
    loader.exec_module(new_module)
  File "<frozen importlib._bootstrap_external>", line 995, in exec_module
  File "<frozen importlib._bootstrap>", line 488, in _call_with_frames_removed
  File "/opt/airflow/dags/flights-pipeline.py", line 12, in <module>
    from scripts.bronze_layer import run_bronze_ingestion
ModuleNotFoundError: No module named 'scripts.bronze_layer'
[2026-04-29T15:56:09.558+0000] {processor.py:842} WARNING - No viable dags retrieved from /opt/airflow/dags/flights-pipeline.py
[2026-04-29T15:56:09.619+0000] {processor.py:183} INFO - Processing /opt/airflow/dags/flights-pipeline.py took 0.173 seconds
[2026-04-29T15:56:39.999+0000] {processor.py:161} INFO - Started process (PID=442) to work on /opt/airflow/dags/flights-pipeline.py
[2026-04-29T15:56:40.002+0000] {processor.py:830} INFO - Processing file /opt/airflow/dags/flights-pipeline.py for tasks to queue
[2026-04-29T15:56:40.007+0000] {logging_mixin.py:188} INFO - [2026-04-29T15:56:40.006+0000] {dagbag.py:545} INFO - Filling up the DagBag from /opt/airflow/dags/flights-pipeline.py
[2026-04-29T15:56:40.083+0000] {logging_mixin.py:188} INFO - [2026-04-29T15:56:40.070+0000] {dagbag.py:355} ERROR - Failed to import: /opt/airflow/dags/flights-pipeline.py
Traceback (most recent call last):
  File "/home/airflow/.local/lib/python3.12/site-packages/airflow/models/dagbag.py", line 351, in parse
    loader.exec_module(new_module)
  File "<frozen importlib._bootstrap_external>", line 995, in exec_module
  File "<frozen importlib._bootstrap>", line 488, in _call_with_frames_removed
  File "/opt/airflow/dags/flights-pipeline.py", line 12, in <module>
    from scripts.bronze_layer import run_bronze_ingestion
ModuleNotFoundError: No module named 'scripts.bronze_layer'
[2026-04-29T15:56:40.088+0000] {processor.py:842} WARNING - No viable dags retrieved from /opt/airflow/dags/flights-pipeline.py
[2026-04-29T15:56:40.156+0000] {processor.py:183} INFO - Processing /opt/airflow/dags/flights-pipeline.py took 0.170 seconds
[2026-04-29T15:57:10.411+0000] {processor.py:161} INFO - Started process (PID=443) to work on /opt/airflow/dags/flights-pipeline.py
[2026-04-29T15:57:10.415+0000] {processor.py:830} INFO - Processing file /opt/airflow/dags/flights-pipeline.py for tasks to queue
[2026-04-29T15:57:10.419+0000] {logging_mixin.py:188} INFO - [2026-04-29T15:57:10.419+0000] {dagbag.py:545} INFO - Filling up the DagBag from /opt/airflow/dags/flights-pipeline.py
[2026-04-29T15:57:10.491+0000] {logging_mixin.py:188} INFO - [2026-04-29T15:57:10.478+0000] {dagbag.py:355} ERROR - Failed to import: /opt/airflow/dags/flights-pipeline.py
Traceback (most recent call last):
  File "/home/airflow/.local/lib/python3.12/site-packages/airflow/models/dagbag.py", line 351, in parse
    loader.exec_module(new_module)
  File "<frozen importlib._bootstrap_external>", line 995, in exec_module
  File "<frozen importlib._bootstrap>", line 488, in _call_with_frames_removed
  File "/opt/airflow/dags/flights-pipeline.py", line 12, in <module>
    from scripts.bronze_layer import run_bronze_ingestion
ModuleNotFoundError: No module named 'scripts.bronze_layer'
[2026-04-29T15:57:10.496+0000] {processor.py:842} WARNING - No viable dags retrieved from /opt/airflow/dags/flights-pipeline.py
[2026-04-29T15:57:10.560+0000] {processor.py:183} INFO - Processing /opt/airflow/dags/flights-pipeline.py took 0.165 seconds
[2026-04-29T15:57:41.034+0000] {processor.py:161} INFO - Started process (PID=444) to work on /opt/airflow/dags/flights-pipeline.py
[2026-04-29T15:57:41.038+0000] {processor.py:830} INFO - Processing file /opt/airflow/dags/flights-pipeline.py for tasks to queue
[2026-04-29T15:57:41.045+0000] {logging_mixin.py:188} INFO - [2026-04-29T15:57:41.044+0000] {dagbag.py:545} INFO - Filling up the DagBag from /opt/airflow/dags/flights-pipeline.py
[2026-04-29T15:57:41.167+0000] {logging_mixin.py:188} INFO - [2026-04-29T15:57:41.137+0000] {dagbag.py:355} ERROR - Failed to import: /opt/airflow/dags/flights-pipeline.py
Traceback (most recent call last):
  File "/home/airflow/.local/lib/python3.12/site-packages/airflow/models/dagbag.py", line 351, in parse
    loader.exec_module(new_module)
  File "<frozen importlib._bootstrap_external>", line 995, in exec_module
  File "<frozen importlib._bootstrap>", line 488, in _call_with_frames_removed
  File "/opt/airflow/dags/flights-pipeline.py", line 12, in <module>
    from scripts.bronze_layer import run_bronze_ingestion
ModuleNotFoundError: No module named 'scripts.bronze_layer'
[2026-04-29T15:57:41.177+0000] {processor.py:842} WARNING - No viable dags retrieved from /opt/airflow/dags/flights-pipeline.py
[2026-04-29T15:57:41.258+0000] {processor.py:183} INFO - Processing /opt/airflow/dags/flights-pipeline.py took 0.255 seconds
[2026-04-29T15:58:11.799+0000] {processor.py:161} INFO - Started process (PID=445) to work on /opt/airflow/dags/flights-pipeline.py
[2026-04-29T15:58:11.803+0000] {processor.py:830} INFO - Processing file /opt/airflow/dags/flights-pipeline.py for tasks to queue
[2026-04-29T15:58:11.810+0000] {logging_mixin.py:188} INFO - [2026-04-29T15:58:11.809+0000] {dagbag.py:545} INFO - Filling up the DagBag from /opt/airflow/dags/flights-pipeline.py
[2026-04-29T15:58:11.897+0000] {logging_mixin.py:188} INFO - [2026-04-29T15:58:11.883+0000] {dagbag.py:355} ERROR - Failed to import: /opt/airflow/dags/flights-pipeline.py
Traceback (most recent call last):
  File "/home/airflow/.local/lib/python3.12/site-packages/airflow/models/dagbag.py", line 351, in parse
    loader.exec_module(new_module)
  File "<frozen importlib._bootstrap_external>", line 995, in exec_module
  File "<frozen importlib._bootstrap>", line 488, in _call_with_frames_removed
  File "/opt/airflow/dags/flights-pipeline.py", line 12, in <module>
    from scripts.bronze_layer import run_bronze_ingestion
ModuleNotFoundError: No module named 'scripts.bronze_layer'
[2026-04-29T15:58:11.908+0000] {processor.py:842} WARNING - No viable dags retrieved from /opt/airflow/dags/flights-pipeline.py
[2026-04-29T15:58:12.008+0000] {processor.py:183} INFO - Processing /opt/airflow/dags/flights-pipeline.py took 0.226 seconds
[2026-04-29T15:58:42.241+0000] {processor.py:161} INFO - Started process (PID=446) to work on /opt/airflow/dags/flights-pipeline.py
[2026-04-29T15:58:42.243+0000] {processor.py:830} INFO - Processing file /opt/airflow/dags/flights-pipeline.py for tasks to queue
[2026-04-29T15:58:42.251+0000] {logging_mixin.py:188} INFO - [2026-04-29T15:58:42.250+0000] {dagbag.py:545} INFO - Filling up the DagBag from /opt/airflow/dags/flights-pipeline.py
[2026-04-29T15:58:42.303+0000] {logging_mixin.py:188} INFO - [2026-04-29T15:58:42.293+0000] {dagbag.py:355} ERROR - Failed to import: /opt/airflow/dags/flights-pipeline.py
Traceback (most recent call last):
  File "/home/airflow/.local/lib/python3.12/site-packages/airflow/models/dagbag.py", line 351, in parse
    loader.exec_module(new_module)
  File "<frozen importlib._bootstrap_external>", line 995, in exec_module
  File "<frozen importlib._bootstrap>", line 488, in _call_with_frames_removed
  File "/opt/airflow/dags/flights-pipeline.py", line 12, in <module>
    from scripts.bronze_layer import run_bronze_ingestion
ModuleNotFoundError: No module named 'scripts.bronze_layer'
[2026-04-29T15:58:42.308+0000] {processor.py:842} WARNING - No viable dags retrieved from /opt/airflow/dags/flights-pipeline.py
[2026-04-29T15:58:42.365+0000] {processor.py:183} INFO - Processing /opt/airflow/dags/flights-pipeline.py took 0.150 seconds
[2026-04-29T15:59:12.661+0000] {processor.py:161} INFO - Started process (PID=447) to work on /opt/airflow/dags/flights-pipeline.py
[2026-04-29T15:59:12.665+0000] {processor.py:830} INFO - Processing file /opt/airflow/dags/flights-pipeline.py for tasks to queue
[2026-04-29T15:59:12.673+0000] {logging_mixin.py:188} INFO - [2026-04-29T15:59:12.671+0000] {dagbag.py:545} INFO - Filling up the DagBag from /opt/airflow/dags/flights-pipeline.py
[2026-04-29T15:59:12.783+0000] {logging_mixin.py:188} INFO - [2026-04-29T15:59:12.764+0000] {dagbag.py:355} ERROR - Failed to import: /opt/airflow/dags/flights-pipeline.py
Traceback (most recent call last):
  File "/home/airflow/.local/lib/python3.12/site-packages/airflow/models/dagbag.py", line 351, in parse
    loader.exec_module(new_module)
  File "<frozen importlib._bootstrap_external>", line 995, in exec_module
  File "<frozen importlib._bootstrap>", line 488, in _call_with_frames_removed
  File "/opt/airflow/dags/flights-pipeline.py", line 12, in <module>
    from scripts.bronze_layer import run_bronze_ingestion
ModuleNotFoundError: No module named 'scripts.bronze_layer'
[2026-04-29T15:59:12.789+0000] {processor.py:842} WARNING - No viable dags retrieved from /opt/airflow/dags/flights-pipeline.py
[2026-04-29T15:59:12.879+0000] {processor.py:183} INFO - Processing /opt/airflow/dags/flights-pipeline.py took 0.242 seconds
[2026-04-29T15:59:43.196+0000] {processor.py:161} INFO - Started process (PID=448) to work on /opt/airflow/dags/flights-pipeline.py
[2026-04-29T15:59:43.204+0000] {processor.py:830} INFO - Processing file /opt/airflow/dags/flights-pipeline.py for tasks to queue
[2026-04-29T15:59:43.211+0000] {logging_mixin.py:188} INFO - [2026-04-29T15:59:43.209+0000] {dagbag.py:545} INFO - Filling up the DagBag from /opt/airflow/dags/flights-pipeline.py
[2026-04-29T15:59:43.288+0000] {logging_mixin.py:188} INFO - [2026-04-29T15:59:43.280+0000] {dagbag.py:355} ERROR - Failed to import: /opt/airflow/dags/flights-pipeline.py
Traceback (most recent call last):
  File "/home/airflow/.local/lib/python3.12/site-packages/airflow/models/dagbag.py", line 351, in parse
    loader.exec_module(new_module)
  File "<frozen importlib._bootstrap_external>", line 995, in exec_module
  File "<frozen importlib._bootstrap>", line 488, in _call_with_frames_removed
  File "/opt/airflow/dags/flights-pipeline.py", line 12, in <module>
    from scripts.bronze_layer import run_bronze_ingestion
ModuleNotFoundError: No module named 'scripts.bronze_layer'
[2026-04-29T15:59:43.290+0000] {processor.py:842} WARNING - No viable dags retrieved from /opt/airflow/dags/flights-pipeline.py
[2026-04-29T15:59:43.344+0000] {processor.py:183} INFO - Processing /opt/airflow/dags/flights-pipeline.py took 0.165 seconds
[2026-04-29T16:00:13.717+0000] {processor.py:161} INFO - Started process (PID=449) to work on /opt/airflow/dags/flights-pipeline.py
[2026-04-29T16:00:13.719+0000] {processor.py:830} INFO - Processing file /opt/airflow/dags/flights-pipeline.py for tasks to queue
[2026-04-29T16:00:13.724+0000] {logging_mixin.py:188} INFO - [2026-04-29T16:00:13.724+0000] {dagbag.py:545} INFO - Filling up the DagBag from /opt/airflow/dags/flights-pipeline.py
[2026-04-29T16:00:13.793+0000] {logging_mixin.py:188} INFO - [2026-04-29T16:00:13.781+0000] {dagbag.py:355} ERROR - Failed to import: /opt/airflow/dags/flights-pipeline.py
Traceback (most recent call last):
  File "/home/airflow/.local/lib/python3.12/site-packages/airflow/models/dagbag.py", line 351, in parse
    loader.exec_module(new_module)
  File "<frozen importlib._bootstrap_external>", line 995, in exec_module
  File "<frozen importlib._bootstrap>", line 488, in _call_with_frames_removed
  File "/opt/airflow/dags/flights-pipeline.py", line 12, in <module>
    from scripts.bronze_layer import run_bronze_ingestion
ModuleNotFoundError: No module named 'scripts.bronze_layer'
[2026-04-29T16:00:13.798+0000] {processor.py:842} WARNING - No viable dags retrieved from /opt/airflow/dags/flights-pipeline.py
[2026-04-29T16:00:13.856+0000] {processor.py:183} INFO - Processing /opt/airflow/dags/flights-pipeline.py took 0.151 seconds
[2026-04-29T16:00:44.157+0000] {processor.py:161} INFO - Started process (PID=450) to work on /opt/airflow/dags/flights-pipeline.py
[2026-04-29T16:00:44.160+0000] {processor.py:830} INFO - Processing file /opt/airflow/dags/flights-pipeline.py for tasks to queue
[2026-04-29T16:00:44.166+0000] {logging_mixin.py:188} INFO - [2026-04-29T16:00:44.164+0000] {dagbag.py:545} INFO - Filling up the DagBag from /opt/airflow/dags/flights-pipeline.py
[2026-04-29T16:00:44.272+0000] {logging_mixin.py:188} INFO - [2026-04-29T16:00:44.256+0000] {dagbag.py:355} ERROR - Failed to import: /opt/airflow/dags/flights-pipeline.py
Traceback (most recent call last):
  File "/home/airflow/.local/lib/python3.12/site-packages/airflow/models/dagbag.py", line 351, in parse
    loader.exec_module(new_module)
  File "<frozen importlib._bootstrap_external>", line 995, in exec_module
  File "<frozen importlib._bootstrap>", line 488, in _call_with_frames_removed
  File "/opt/airflow/dags/flights-pipeline.py", line 12, in <module>
    from scripts.bronze_layer import run_bronze_ingestion
ModuleNotFoundError: No module named 'scripts.bronze_layer'
[2026-04-29T16:00:44.277+0000] {processor.py:842} WARNING - No viable dags retrieved from /opt/airflow/dags/flights-pipeline.py
[2026-04-29T16:00:44.343+0000] {processor.py:183} INFO - Processing /opt/airflow/dags/flights-pipeline.py took 0.204 seconds
[2026-04-29T16:01:14.685+0000] {processor.py:161} INFO - Started process (PID=451) to work on /opt/airflow/dags/flights-pipeline.py
[2026-04-29T16:01:14.689+0000] {processor.py:830} INFO - Processing file /opt/airflow/dags/flights-pipeline.py for tasks to queue
[2026-04-29T16:01:14.695+0000] {logging_mixin.py:188} INFO - [2026-04-29T16:01:14.694+0000] {dagbag.py:545} INFO - Filling up the DagBag from /opt/airflow/dags/flights-pipeline.py
[2026-04-29T16:01:14.778+0000] {logging_mixin.py:188} INFO - [2026-04-29T16:01:14.765+0000] {dagbag.py:355} ERROR - Failed to import: /opt/airflow/dags/flights-pipeline.py
Traceback (most recent call last):
  File "/home/airflow/.local/lib/python3.12/site-packages/airflow/models/dagbag.py", line 351, in parse
    loader.exec_module(new_module)
  File "<frozen importlib._bootstrap_external>", line 995, in exec_module
  File "<frozen importlib._bootstrap>", line 488, in _call_with_frames_removed
  File "/opt/airflow/dags/flights-pipeline.py", line 12, in <module>
    from scripts.bronze_layer import run_bronze_ingestion
ModuleNotFoundError: No module named 'scripts.bronze_layer'
[2026-04-29T16:01:14.783+0000] {processor.py:842} WARNING - No viable dags retrieved from /opt/airflow/dags/flights-pipeline.py
[2026-04-29T16:01:14.854+0000] {processor.py:183} INFO - Processing /opt/airflow/dags/flights-pipeline.py took 0.185 seconds
[2026-04-29T16:01:45.242+0000] {processor.py:161} INFO - Started process (PID=452) to work on /opt/airflow/dags/flights-pipeline.py
[2026-04-29T16:01:45.246+0000] {processor.py:830} INFO - Processing file /opt/airflow/dags/flights-pipeline.py for tasks to queue
[2026-04-29T16:01:45.254+0000] {logging_mixin.py:188} INFO - [2026-04-29T16:01:45.252+0000] {dagbag.py:545} INFO - Filling up the DagBag from /opt/airflow/dags/flights-pipeline.py
[2026-04-29T16:01:45.360+0000] {logging_mixin.py:188} INFO - [2026-04-29T16:01:45.342+0000] {dagbag.py:355} ERROR - Failed to import: /opt/airflow/dags/flights-pipeline.py
Traceback (most recent call last):
  File "/home/airflow/.local/lib/python3.12/site-packages/airflow/models/dagbag.py", line 351, in parse
    loader.exec_module(new_module)
  File "<frozen importlib._bootstrap_external>", line 995, in exec_module
  File "<frozen importlib._bootstrap>", line 488, in _call_with_frames_removed
  File "/opt/airflow/dags/flights-pipeline.py", line 12, in <module>
    from scripts.bronze_layer import run_bronze_ingestion
ModuleNotFoundError: No module named 'scripts.bronze_layer'
[2026-04-29T16:01:45.367+0000] {processor.py:842} WARNING - No viable dags retrieved from /opt/airflow/dags/flights-pipeline.py
[2026-04-29T16:01:45.449+0000] {processor.py:183} INFO - Processing /opt/airflow/dags/flights-pipeline.py took 0.231 seconds
[2026-04-29T16:02:15.684+0000] {processor.py:161} INFO - Started process (PID=453) to work on /opt/airflow/dags/flights-pipeline.py
[2026-04-29T16:02:15.688+0000] {processor.py:830} INFO - Processing file /opt/airflow/dags/flights-pipeline.py for tasks to queue
[2026-04-29T16:02:15.694+0000] {logging_mixin.py:188} INFO - [2026-04-29T16:02:15.693+0000] {dagbag.py:545} INFO - Filling up the DagBag from /opt/airflow/dags/flights-pipeline.py
[2026-04-29T16:02:15.758+0000] {logging_mixin.py:188} INFO - [2026-04-29T16:02:15.747+0000] {dagbag.py:355} ERROR - Failed to import: /opt/airflow/dags/flights-pipeline.py
Traceback (most recent call last):
  File "/home/airflow/.local/lib/python3.12/site-packages/airflow/models/dagbag.py", line 351, in parse
    loader.exec_module(new_module)
  File "<frozen importlib._bootstrap_external>", line 995, in exec_module
  File "<frozen importlib._bootstrap>", line 488, in _call_with_frames_removed
  File "/opt/airflow/dags/flights-pipeline.py", line 12, in <module>
    from scripts.bronze_layer import run_bronze_ingestion
ModuleNotFoundError: No module named 'scripts.bronze_layer'
[2026-04-29T16:02:15.762+0000] {processor.py:842} WARNING - No viable dags retrieved from /opt/airflow/dags/flights-pipeline.py
[2026-04-29T16:02:15.820+0000] {processor.py:183} INFO - Processing /opt/airflow/dags/flights-pipeline.py took 0.152 seconds
[2026-04-29T16:02:46.502+0000] {processor.py:161} INFO - Started process (PID=454) to work on /opt/airflow/dags/flights-pipeline.py
[2026-04-29T16:02:46.505+0000] {processor.py:830} INFO - Processing file /opt/airflow/dags/flights-pipeline.py for tasks to queue
[2026-04-29T16:02:46.511+0000] {logging_mixin.py:188} INFO - [2026-04-29T16:02:46.510+0000] {dagbag.py:545} INFO - Filling up the DagBag from /opt/airflow/dags/flights-pipeline.py
[2026-04-29T16:02:46.586+0000] {logging_mixin.py:188} INFO - [2026-04-29T16:02:46.573+0000] {dagbag.py:355} ERROR - Failed to import: /opt/airflow/dags/flights-pipeline.py
Traceback (most recent call last):
  File "/home/airflow/.local/lib/python3.12/site-packages/airflow/models/dagbag.py", line 351, in parse
    loader.exec_module(new_module)
  File "<frozen importlib._bootstrap_external>", line 995, in exec_module
  File "<frozen importlib._bootstrap>", line 488, in _call_with_frames_removed
  File "/opt/airflow/dags/flights-pipeline.py", line 12, in <module>
    from scripts.bronze_layer import run_bronze_ingestion
ModuleNotFoundError: No module named 'scripts.bronze_layer'
[2026-04-29T16:02:46.590+0000] {processor.py:842} WARNING - No viable dags retrieved from /opt/airflow/dags/flights-pipeline.py
[2026-04-29T16:02:46.659+0000] {processor.py:183} INFO - Processing /opt/airflow/dags/flights-pipeline.py took 0.169 seconds
[2026-04-29T16:03:16.974+0000] {processor.py:161} INFO - Started process (PID=455) to work on /opt/airflow/dags/flights-pipeline.py
[2026-04-29T16:03:16.978+0000] {processor.py:830} INFO - Processing file /opt/airflow/dags/flights-pipeline.py for tasks to queue
[2026-04-29T16:03:16.993+0000] {logging_mixin.py:188} INFO - [2026-04-29T16:03:16.992+0000] {dagbag.py:545} INFO - Filling up the DagBag from /opt/airflow/dags/flights-pipeline.py
[2026-04-29T16:03:17.107+0000] {logging_mixin.py:188} INFO - [2026-04-29T16:03:17.087+0000] {dagbag.py:355} ERROR - Failed to import: /opt/airflow/dags/flights-pipeline.py
Traceback (most recent call last):
  File "/home/airflow/.local/lib/python3.12/site-packages/airflow/models/dagbag.py", line 351, in parse
    loader.exec_module(new_module)
  File "<frozen importlib._bootstrap_external>", line 995, in exec_module
  File "<frozen importlib._bootstrap>", line 488, in _call_with_frames_removed
  File "/opt/airflow/dags/flights-pipeline.py", line 12, in <module>
    from scripts.bronze_layer import run_bronze_ingestion
ModuleNotFoundError: No module named 'scripts.bronze_layer'
[2026-04-29T16:03:17.114+0000] {processor.py:842} WARNING - No viable dags retrieved from /opt/airflow/dags/flights-pipeline.py
[2026-04-29T16:03:17.207+0000] {processor.py:183} INFO - Processing /opt/airflow/dags/flights-pipeline.py took 0.256 seconds
[2026-04-29T16:03:47.551+0000] {processor.py:161} INFO - Started process (PID=456) to work on /opt/airflow/dags/flights-pipeline.py
[2026-04-29T16:03:47.558+0000] {processor.py:830} INFO - Processing file /opt/airflow/dags/flights-pipeline.py for tasks to queue
[2026-04-29T16:03:47.563+0000] {logging_mixin.py:188} INFO - [2026-04-29T16:03:47.563+0000] {dagbag.py:545} INFO - Filling up the DagBag from /opt/airflow/dags/flights-pipeline.py
[2026-04-29T16:03:47.664+0000] {logging_mixin.py:188} INFO - [2026-04-29T16:03:47.648+0000] {dagbag.py:355} ERROR - Failed to import: /opt/airflow/dags/flights-pipeline.py
Traceback (most recent call last):
  File "/home/airflow/.local/lib/python3.12/site-packages/airflow/models/dagbag.py", line 351, in parse
    loader.exec_module(new_module)
  File "<frozen importlib._bootstrap_external>", line 995, in exec_module
  File "<frozen importlib._bootstrap>", line 488, in _call_with_frames_removed
  File "/opt/airflow/dags/flights-pipeline.py", line 12, in <module>
    from scripts.bronze_layer import run_bronze_ingestion
ModuleNotFoundError: No module named 'scripts.bronze_layer'
[2026-04-29T16:03:47.669+0000] {processor.py:842} WARNING - No viable dags retrieved from /opt/airflow/dags/flights-pipeline.py
[2026-04-29T16:03:47.742+0000] {processor.py:183} INFO - Processing /opt/airflow/dags/flights-pipeline.py took 0.216 seconds
[2026-04-29T16:04:18.056+0000] {processor.py:161} INFO - Started process (PID=457) to work on /opt/airflow/dags/flights-pipeline.py
[2026-04-29T16:04:18.059+0000] {processor.py:830} INFO - Processing file /opt/airflow/dags/flights-pipeline.py for tasks to queue
[2026-04-29T16:04:18.066+0000] {logging_mixin.py:188} INFO - [2026-04-29T16:04:18.065+0000] {dagbag.py:545} INFO - Filling up the DagBag from /opt/airflow/dags/flights-pipeline.py
[2026-04-29T16:04:18.137+0000] {logging_mixin.py:188} INFO - [2026-04-29T16:04:18.126+0000] {dagbag.py:355} ERROR - Failed to import: /opt/airflow/dags/flights-pipeline.py
Traceback (most recent call last):
  File "/home/airflow/.local/lib/python3.12/site-packages/airflow/models/dagbag.py", line 351, in parse
    loader.exec_module(new_module)
  File "<frozen importlib._bootstrap_external>", line 995, in exec_module
  File "<frozen importlib._bootstrap>", line 488, in _call_with_frames_removed
  File "/opt/airflow/dags/flights-pipeline.py", line 12, in <module>
    from scripts.bronze_layer import run_bronze_ingestion
ModuleNotFoundError: No module named 'scripts.bronze_layer'
[2026-04-29T16:04:18.142+0000] {processor.py:842} WARNING - No viable dags retrieved from /opt/airflow/dags/flights-pipeline.py
[2026-04-29T16:04:18.217+0000] {processor.py:183} INFO - Processing /opt/airflow/dags/flights-pipeline.py took 0.181 seconds
[2026-04-29T16:04:48.651+0000] {processor.py:161} INFO - Started process (PID=458) to work on /opt/airflow/dags/flights-pipeline.py
[2026-04-29T16:04:48.654+0000] {processor.py:830} INFO - Processing file /opt/airflow/dags/flights-pipeline.py for tasks to queue
[2026-04-29T16:04:48.661+0000] {logging_mixin.py:188} INFO - [2026-04-29T16:04:48.660+0000] {dagbag.py:545} INFO - Filling up the DagBag from /opt/airflow/dags/flights-pipeline.py
[2026-04-29T16:04:48.734+0000] {logging_mixin.py:188} INFO - [2026-04-29T16:04:48.721+0000] {dagbag.py:355} ERROR - Failed to import: /opt/airflow/dags/flights-pipeline.py
Traceback (most recent call last):
  File "/home/airflow/.local/lib/python3.12/site-packages/airflow/models/dagbag.py", line 351, in parse
    loader.exec_module(new_module)
  File "<frozen importlib._bootstrap_external>", line 995, in exec_module
  File "<frozen importlib._bootstrap>", line 488, in _call_with_frames_removed
  File "/opt/airflow/dags/flights-pipeline.py", line 12, in <module>
    from scripts.bronze_layer import run_bronze_ingestion
ModuleNotFoundError: No module named 'scripts.bronze_layer'
[2026-04-29T16:04:48.738+0000] {processor.py:842} WARNING - No viable dags retrieved from /opt/airflow/dags/flights-pipeline.py
[2026-04-29T16:04:48.800+0000] {processor.py:183} INFO - Processing /opt/airflow/dags/flights-pipeline.py took 0.164 seconds
[2026-04-29T16:05:19.052+0000] {processor.py:161} INFO - Started process (PID=459) to work on /opt/airflow/dags/flights-pipeline.py
[2026-04-29T16:05:19.055+0000] {processor.py:830} INFO - Processing file /opt/airflow/dags/flights-pipeline.py for tasks to queue
[2026-04-29T16:05:19.063+0000] {logging_mixin.py:188} INFO - [2026-04-29T16:05:19.062+0000] {dagbag.py:545} INFO - Filling up the DagBag from /opt/airflow/dags/flights-pipeline.py
[2026-04-29T16:05:19.135+0000] {logging_mixin.py:188} INFO - [2026-04-29T16:05:19.123+0000] {dagbag.py:355} ERROR - Failed to import: /opt/airflow/dags/flights-pipeline.py
Traceback (most recent call last):
  File "/home/airflow/.local/lib/python3.12/site-packages/airflow/models/dagbag.py", line 351, in parse
    loader.exec_module(new_module)
  File "<frozen importlib._bootstrap_external>", line 995, in exec_module
  File "<frozen importlib._bootstrap>", line 488, in _call_with_frames_removed
  File "/opt/airflow/dags/flights-pipeline.py", line 12, in <module>
    from scripts.bronze_layer import run_bronze_ingestion
ModuleNotFoundError: No module named 'scripts.bronze_layer'
[2026-04-29T16:05:19.140+0000] {processor.py:842} WARNING - No viable dags retrieved from /opt/airflow/dags/flights-pipeline.py
[2026-04-29T16:05:19.203+0000] {processor.py:183} INFO - Processing /opt/airflow/dags/flights-pipeline.py took 0.165 seconds
[2026-04-29T16:05:49.664+0000] {processor.py:161} INFO - Started process (PID=460) to work on /opt/airflow/dags/flights-pipeline.py
[2026-04-29T16:05:49.670+0000] {processor.py:830} INFO - Processing file /opt/airflow/dags/flights-pipeline.py for tasks to queue
[2026-04-29T16:05:49.678+0000] {logging_mixin.py:188} INFO - [2026-04-29T16:05:49.676+0000] {dagbag.py:545} INFO - Filling up the DagBag from /opt/airflow/dags/flights-pipeline.py
[2026-04-29T16:05:49.797+0000] {logging_mixin.py:188} INFO - [2026-04-29T16:05:49.777+0000] {dagbag.py:355} ERROR - Failed to import: /opt/airflow/dags/flights-pipeline.py
Traceback (most recent call last):
  File "/home/airflow/.local/lib/python3.12/site-packages/airflow/models/dagbag.py", line 351, in parse
    loader.exec_module(new_module)
  File "<frozen importlib._bootstrap_external>", line 995, in exec_module
  File "<frozen importlib._bootstrap>", line 488, in _call_with_frames_removed
  File "/opt/airflow/dags/flights-pipeline.py", line 12, in <module>
    from scripts.bronze_layer import run_bronze_ingestion
ModuleNotFoundError: No module named 'scripts.bronze_layer'
[2026-04-29T16:05:49.804+0000] {processor.py:842} WARNING - No viable dags retrieved from /opt/airflow/dags/flights-pipeline.py
[2026-04-29T16:05:49.893+0000] {processor.py:183} INFO - Processing /opt/airflow/dags/flights-pipeline.py took 0.257 seconds
[2026-04-29T16:06:20.105+0000] {processor.py:161} INFO - Started process (PID=461) to work on /opt/airflow/dags/flights-pipeline.py
[2026-04-29T16:06:20.109+0000] {processor.py:830} INFO - Processing file /opt/airflow/dags/flights-pipeline.py for tasks to queue
[2026-04-29T16:06:20.116+0000] {logging_mixin.py:188} INFO - [2026-04-29T16:06:20.115+0000] {dagbag.py:545} INFO - Filling up the DagBag from /opt/airflow/dags/flights-pipeline.py
[2026-04-29T16:06:20.222+0000] {logging_mixin.py:188} INFO - [2026-04-29T16:06:20.202+0000] {dagbag.py:355} ERROR - Failed to import: /opt/airflow/dags/flights-pipeline.py
Traceback (most recent call last):
  File "/home/airflow/.local/lib/python3.12/site-packages/airflow/models/dagbag.py", line 351, in parse
    loader.exec_module(new_module)
  File "<frozen importlib._bootstrap_external>", line 995, in exec_module
  File "<frozen importlib._bootstrap>", line 488, in _call_with_frames_removed
  File "/opt/airflow/dags/flights-pipeline.py", line 12, in <module>
    from scripts.bronze_layer import run_bronze_ingestion
ModuleNotFoundError: No module named 'scripts.bronze_layer'
[2026-04-29T16:06:20.229+0000] {processor.py:842} WARNING - No viable dags retrieved from /opt/airflow/dags/flights-pipeline.py
[2026-04-29T16:06:20.315+0000] {processor.py:183} INFO - Processing /opt/airflow/dags/flights-pipeline.py took 0.237 seconds
[2026-04-29T16:06:50.777+0000] {processor.py:161} INFO - Started process (PID=462) to work on /opt/airflow/dags/flights-pipeline.py
[2026-04-29T16:06:50.779+0000] {processor.py:830} INFO - Processing file /opt/airflow/dags/flights-pipeline.py for tasks to queue
[2026-04-29T16:06:50.783+0000] {logging_mixin.py:188} INFO - [2026-04-29T16:06:50.783+0000] {dagbag.py:545} INFO - Filling up the DagBag from /opt/airflow/dags/flights-pipeline.py
[2026-04-29T16:06:50.843+0000] {logging_mixin.py:188} INFO - [2026-04-29T16:06:50.833+0000] {dagbag.py:355} ERROR - Failed to import: /opt/airflow/dags/flights-pipeline.py
Traceback (most recent call last):
  File "/home/airflow/.local/lib/python3.12/site-packages/airflow/models/dagbag.py", line 351, in parse
    loader.exec_module(new_module)
  File "<frozen importlib._bootstrap_external>", line 995, in exec_module
  File "<frozen importlib._bootstrap>", line 488, in _call_with_frames_removed
  File "/opt/airflow/dags/flights-pipeline.py", line 12, in <module>
    from scripts.bronze_layer import run_bronze_ingestion
ModuleNotFoundError: No module named 'scripts.bronze_layer'
[2026-04-29T16:06:50.847+0000] {processor.py:842} WARNING - No viable dags retrieved from /opt/airflow/dags/flights-pipeline.py
[2026-04-29T16:06:50.902+0000] {processor.py:183} INFO - Processing /opt/airflow/dags/flights-pipeline.py took 0.139 seconds
[2026-04-29T16:07:21.393+0000] {processor.py:161} INFO - Started process (PID=463) to work on /opt/airflow/dags/flights-pipeline.py
[2026-04-29T16:07:21.397+0000] {processor.py:830} INFO - Processing file /opt/airflow/dags/flights-pipeline.py for tasks to queue
[2026-04-29T16:07:21.406+0000] {logging_mixin.py:188} INFO - [2026-04-29T16:07:21.403+0000] {dagbag.py:545} INFO - Filling up the DagBag from /opt/airflow/dags/flights-pipeline.py
[2026-04-29T16:07:21.474+0000] {logging_mixin.py:188} INFO - [2026-04-29T16:07:21.463+0000] {dagbag.py:355} ERROR - Failed to import: /opt/airflow/dags/flights-pipeline.py
Traceback (most recent call last):
  File "/home/airflow/.local/lib/python3.12/site-packages/airflow/models/dagbag.py", line 351, in parse
    loader.exec_module(new_module)
  File "<frozen importlib._bootstrap_external>", line 995, in exec_module
  File "<frozen importlib._bootstrap>", line 488, in _call_with_frames_removed
  File "/opt/airflow/dags/flights-pipeline.py", line 12, in <module>
    from scripts.bronze_layer import run_bronze_ingestion
ModuleNotFoundError: No module named 'scripts.bronze_layer'
[2026-04-29T16:07:21.480+0000] {processor.py:842} WARNING - No viable dags retrieved from /opt/airflow/dags/flights-pipeline.py
[2026-04-29T16:07:21.549+0000] {processor.py:183} INFO - Processing /opt/airflow/dags/flights-pipeline.py took 0.171 seconds
[2026-04-29T16:07:51.831+0000] {processor.py:161} INFO - Started process (PID=464) to work on /opt/airflow/dags/flights-pipeline.py
[2026-04-29T16:07:51.834+0000] {processor.py:830} INFO - Processing file /opt/airflow/dags/flights-pipeline.py for tasks to queue
[2026-04-29T16:07:51.840+0000] {logging_mixin.py:188} INFO - [2026-04-29T16:07:51.839+0000] {dagbag.py:545} INFO - Filling up the DagBag from /opt/airflow/dags/flights-pipeline.py
[2026-04-29T16:07:51.913+0000] {logging_mixin.py:188} INFO - [2026-04-29T16:07:51.899+0000] {dagbag.py:355} ERROR - Failed to import: /opt/airflow/dags/flights-pipeline.py
Traceback (most recent call last):
  File "/home/airflow/.local/lib/python3.12/site-packages/airflow/models/dagbag.py", line 351, in parse
    loader.exec_module(new_module)
  File "<frozen importlib._bootstrap_external>", line 995, in exec_module
  File "<frozen importlib._bootstrap>", line 488, in _call_with_frames_removed
  File "/opt/airflow/dags/flights-pipeline.py", line 12, in <module>
    from scripts.bronze_layer import run_bronze_ingestion
ModuleNotFoundError: No module named 'scripts.bronze_layer'
[2026-04-29T16:07:51.918+0000] {processor.py:842} WARNING - No viable dags retrieved from /opt/airflow/dags/flights-pipeline.py
[2026-04-29T16:07:51.983+0000] {processor.py:183} INFO - Processing /opt/airflow/dags/flights-pipeline.py took 0.168 seconds
[2026-04-29T16:08:22.455+0000] {processor.py:161} INFO - Started process (PID=465) to work on /opt/airflow/dags/flights-pipeline.py
[2026-04-29T16:08:22.460+0000] {processor.py:830} INFO - Processing file /opt/airflow/dags/flights-pipeline.py for tasks to queue
[2026-04-29T16:08:22.465+0000] {logging_mixin.py:188} INFO - [2026-04-29T16:08:22.464+0000] {dagbag.py:545} INFO - Filling up the DagBag from /opt/airflow/dags/flights-pipeline.py
[2026-04-29T16:08:22.575+0000] {logging_mixin.py:188} INFO - [2026-04-29T16:08:22.562+0000] {dagbag.py:355} ERROR - Failed to import: /opt/airflow/dags/flights-pipeline.py
Traceback (most recent call last):
  File "/home/airflow/.local/lib/python3.12/site-packages/airflow/models/dagbag.py", line 351, in parse
    loader.exec_module(new_module)
  File "<frozen importlib._bootstrap_external>", line 995, in exec_module
  File "<frozen importlib._bootstrap>", line 488, in _call_with_frames_removed
  File "/opt/airflow/dags/flights-pipeline.py", line 12, in <module>
    from scripts.bronze_layer import run_bronze_ingestion
ModuleNotFoundError: No module named 'scripts.bronze_layer'
[2026-04-29T16:08:22.581+0000] {processor.py:842} WARNING - No viable dags retrieved from /opt/airflow/dags/flights-pipeline.py
[2026-04-29T16:08:22.656+0000] {processor.py:183} INFO - Processing /opt/airflow/dags/flights-pipeline.py took 0.217 seconds
[2026-04-29T16:08:52.893+0000] {processor.py:161} INFO - Started process (PID=466) to work on /opt/airflow/dags/flights-pipeline.py
[2026-04-29T16:08:52.896+0000] {processor.py:830} INFO - Processing file /opt/airflow/dags/flights-pipeline.py for tasks to queue
[2026-04-29T16:08:52.902+0000] {logging_mixin.py:188} INFO - [2026-04-29T16:08:52.901+0000] {dagbag.py:545} INFO - Filling up the DagBag from /opt/airflow/dags/flights-pipeline.py
[2026-04-29T16:08:52.978+0000] {logging_mixin.py:188} INFO - [2026-04-29T16:08:52.966+0000] {dagbag.py:355} ERROR - Failed to import: /opt/airflow/dags/flights-pipeline.py
Traceback (most recent call last):
  File "/home/airflow/.local/lib/python3.12/site-packages/airflow/models/dagbag.py", line 351, in parse
    loader.exec_module(new_module)
  File "<frozen importlib._bootstrap_external>", line 995, in exec_module
  File "<frozen importlib._bootstrap>", line 488, in _call_with_frames_removed
  File "/opt/airflow/dags/flights-pipeline.py", line 12, in <module>
    from scripts.bronze_layer import run_bronze_ingestion
ModuleNotFoundError: No module named 'scripts.bronze_layer'
[2026-04-29T16:08:52.982+0000] {processor.py:842} WARNING - No viable dags retrieved from /opt/airflow/dags/flights-pipeline.py
[2026-04-29T16:08:53.042+0000] {processor.py:183} INFO - Processing /opt/airflow/dags/flights-pipeline.py took 0.165 seconds
[2026-04-29T16:09:23.420+0000] {processor.py:161} INFO - Started process (PID=467) to work on /opt/airflow/dags/flights-pipeline.py
[2026-04-29T16:09:23.422+0000] {processor.py:830} INFO - Processing file /opt/airflow/dags/flights-pipeline.py for tasks to queue
[2026-04-29T16:09:23.428+0000] {logging_mixin.py:188} INFO - [2026-04-29T16:09:23.427+0000] {dagbag.py:545} INFO - Filling up the DagBag from /opt/airflow/dags/flights-pipeline.py
[2026-04-29T16:09:23.499+0000] {logging_mixin.py:188} INFO - [2026-04-29T16:09:23.488+0000] {dagbag.py:355} ERROR - Failed to import: /opt/airflow/dags/flights-pipeline.py
Traceback (most recent call last):
  File "/home/airflow/.local/lib/python3.12/site-packages/airflow/models/dagbag.py", line 351, in parse
    loader.exec_module(new_module)
  File "<frozen importlib._bootstrap_external>", line 995, in exec_module
  File "<frozen importlib._bootstrap>", line 488, in _call_with_frames_removed
  File "/opt/airflow/dags/flights-pipeline.py", line 12, in <module>
    from scripts.bronze_layer import run_bronze_ingestion
ModuleNotFoundError: No module named 'scripts.bronze_layer'
[2026-04-29T16:09:23.503+0000] {processor.py:842} WARNING - No viable dags retrieved from /opt/airflow/dags/flights-pipeline.py
[2026-04-29T16:09:23.566+0000] {processor.py:183} INFO - Processing /opt/airflow/dags/flights-pipeline.py took 0.159 seconds
[2026-04-29T16:09:53.728+0000] {processor.py:161} INFO - Started process (PID=468) to work on /opt/airflow/dags/flights-pipeline.py
[2026-04-29T16:09:53.731+0000] {processor.py:830} INFO - Processing file /opt/airflow/dags/flights-pipeline.py for tasks to queue
[2026-04-29T16:09:53.736+0000] {logging_mixin.py:188} INFO - [2026-04-29T16:09:53.735+0000] {dagbag.py:545} INFO - Filling up the DagBag from /opt/airflow/dags/flights-pipeline.py
[2026-04-29T16:09:53.797+0000] {logging_mixin.py:188} INFO - [2026-04-29T16:09:53.786+0000] {dagbag.py:355} ERROR - Failed to import: /opt/airflow/dags/flights-pipeline.py
Traceback (most recent call last):
  File "/home/airflow/.local/lib/python3.12/site-packages/airflow/models/dagbag.py", line 351, in parse
    loader.exec_module(new_module)
  File "<frozen importlib._bootstrap_external>", line 995, in exec_module
  File "<frozen importlib._bootstrap>", line 488, in _call_with_frames_removed
  File "/opt/airflow/dags/flights-pipeline.py", line 12, in <module>
    from scripts.bronze_layer import run_bronze_ingestion
ModuleNotFoundError: No module named 'scripts.bronze_layer'
[2026-04-29T16:09:53.801+0000] {processor.py:842} WARNING - No viable dags retrieved from /opt/airflow/dags/flights-pipeline.py
[2026-04-29T16:09:53.858+0000] {processor.py:183} INFO - Processing /opt/airflow/dags/flights-pipeline.py took 0.150 seconds
[2026-04-29T16:10:24.123+0000] {processor.py:161} INFO - Started process (PID=469) to work on /opt/airflow/dags/flights-pipeline.py
[2026-04-29T16:10:24.126+0000] {processor.py:830} INFO - Processing file /opt/airflow/dags/flights-pipeline.py for tasks to queue
[2026-04-29T16:10:24.136+0000] {logging_mixin.py:188} INFO - [2026-04-29T16:10:24.135+0000] {dagbag.py:545} INFO - Filling up the DagBag from /opt/airflow/dags/flights-pipeline.py
[2026-04-29T16:10:24.188+0000] {logging_mixin.py:188} INFO - [2026-04-29T16:10:24.179+0000] {dagbag.py:355} ERROR - Failed to import: /opt/airflow/dags/flights-pipeline.py
Traceback (most recent call last):
  File "/home/airflow/.local/lib/python3.12/site-packages/airflow/models/dagbag.py", line 351, in parse
    loader.exec_module(new_module)
  File "<frozen importlib._bootstrap_external>", line 995, in exec_module
  File "<frozen importlib._bootstrap>", line 488, in _call_with_frames_removed
  File "/opt/airflow/dags/flights-pipeline.py", line 12, in <module>
    from scripts.bronze_layer import run_bronze_ingestion
ModuleNotFoundError: No module named 'scripts.bronze_layer'
[2026-04-29T16:10:24.193+0000] {processor.py:842} WARNING - No viable dags retrieved from /opt/airflow/dags/flights-pipeline.py
[2026-04-29T16:10:24.242+0000] {processor.py:183} INFO - Processing /opt/airflow/dags/flights-pipeline.py took 0.130 seconds
[2026-04-29T16:10:54.519+0000] {processor.py:161} INFO - Started process (PID=470) to work on /opt/airflow/dags/flights-pipeline.py
[2026-04-29T16:10:54.523+0000] {processor.py:830} INFO - Processing file /opt/airflow/dags/flights-pipeline.py for tasks to queue
[2026-04-29T16:10:54.530+0000] {logging_mixin.py:188} INFO - [2026-04-29T16:10:54.529+0000] {dagbag.py:545} INFO - Filling up the DagBag from /opt/airflow/dags/flights-pipeline.py
[2026-04-29T16:10:54.640+0000] {logging_mixin.py:188} INFO - [2026-04-29T16:10:54.607+0000] {dagbag.py:355} ERROR - Failed to import: /opt/airflow/dags/flights-pipeline.py
Traceback (most recent call last):
  File "/home/airflow/.local/lib/python3.12/site-packages/airflow/models/dagbag.py", line 351, in parse
    loader.exec_module(new_module)
  File "<frozen importlib._bootstrap_external>", line 995, in exec_module
  File "<frozen importlib._bootstrap>", line 488, in _call_with_frames_removed
  File "/opt/airflow/dags/flights-pipeline.py", line 12, in <module>
    from scripts.bronze_layer import run_bronze_ingestion
ModuleNotFoundError: No module named 'scripts.bronze_layer'
[2026-04-29T16:10:54.651+0000] {processor.py:842} WARNING - No viable dags retrieved from /opt/airflow/dags/flights-pipeline.py
[2026-04-29T16:10:54.729+0000] {processor.py:183} INFO - Processing /opt/airflow/dags/flights-pipeline.py took 0.232 seconds
[2026-04-29T16:11:24.961+0000] {processor.py:161} INFO - Started process (PID=471) to work on /opt/airflow/dags/flights-pipeline.py
[2026-04-29T16:11:24.964+0000] {processor.py:830} INFO - Processing file /opt/airflow/dags/flights-pipeline.py for tasks to queue
[2026-04-29T16:11:24.969+0000] {logging_mixin.py:188} INFO - [2026-04-29T16:11:24.968+0000] {dagbag.py:545} INFO - Filling up the DagBag from /opt/airflow/dags/flights-pipeline.py
[2026-04-29T16:11:25.035+0000] {logging_mixin.py:188} INFO - [2026-04-29T16:11:25.022+0000] {dagbag.py:355} ERROR - Failed to import: /opt/airflow/dags/flights-pipeline.py
Traceback (most recent call last):
  File "/home/airflow/.local/lib/python3.12/site-packages/airflow/models/dagbag.py", line 351, in parse
    loader.exec_module(new_module)
  File "<frozen importlib._bootstrap_external>", line 995, in exec_module
  File "<frozen importlib._bootstrap>", line 488, in _call_with_frames_removed
  File "/opt/airflow/dags/flights-pipeline.py", line 12, in <module>
    from scripts.bronze_layer import run_bronze_ingestion
ModuleNotFoundError: No module named 'scripts.bronze_layer'
[2026-04-29T16:11:25.040+0000] {processor.py:842} WARNING - No viable dags retrieved from /opt/airflow/dags/flights-pipeline.py
[2026-04-29T16:11:25.098+0000] {processor.py:183} INFO - Processing /opt/airflow/dags/flights-pipeline.py took 0.151 seconds
[2026-04-29T16:11:55.542+0000] {processor.py:161} INFO - Started process (PID=472) to work on /opt/airflow/dags/flights-pipeline.py
[2026-04-29T16:11:55.545+0000] {processor.py:830} INFO - Processing file /opt/airflow/dags/flights-pipeline.py for tasks to queue
[2026-04-29T16:11:55.549+0000] {logging_mixin.py:188} INFO - [2026-04-29T16:11:55.548+0000] {dagbag.py:545} INFO - Filling up the DagBag from /opt/airflow/dags/flights-pipeline.py
[2026-04-29T16:11:55.630+0000] {logging_mixin.py:188} INFO - [2026-04-29T16:11:55.617+0000] {dagbag.py:355} ERROR - Failed to import: /opt/airflow/dags/flights-pipeline.py
Traceback (most recent call last):
  File "/home/airflow/.local/lib/python3.12/site-packages/airflow/models/dagbag.py", line 351, in parse
    loader.exec_module(new_module)
  File "<frozen importlib._bootstrap_external>", line 995, in exec_module
  File "<frozen importlib._bootstrap>", line 488, in _call_with_frames_removed
  File "/opt/airflow/dags/flights-pipeline.py", line 12, in <module>
    from scripts.bronze_layer import run_bronze_ingestion
ModuleNotFoundError: No module named 'scripts.bronze_layer'
[2026-04-29T16:11:55.634+0000] {processor.py:842} WARNING - No viable dags retrieved from /opt/airflow/dags/flights-pipeline.py
[2026-04-29T16:11:55.713+0000] {processor.py:183} INFO - Processing /opt/airflow/dags/flights-pipeline.py took 0.186 seconds
[2026-04-29T16:12:26.161+0000] {processor.py:161} INFO - Started process (PID=473) to work on /opt/airflow/dags/flights-pipeline.py
[2026-04-29T16:12:26.164+0000] {processor.py:830} INFO - Processing file /opt/airflow/dags/flights-pipeline.py for tasks to queue
[2026-04-29T16:12:26.170+0000] {logging_mixin.py:188} INFO - [2026-04-29T16:12:26.169+0000] {dagbag.py:545} INFO - Filling up the DagBag from /opt/airflow/dags/flights-pipeline.py
[2026-04-29T16:12:26.227+0000] {logging_mixin.py:188} INFO - [2026-04-29T16:12:26.216+0000] {dagbag.py:355} ERROR - Failed to import: /opt/airflow/dags/flights-pipeline.py
Traceback (most recent call last):
  File "/home/airflow/.local/lib/python3.12/site-packages/airflow/models/dagbag.py", line 351, in parse
    loader.exec_module(new_module)
  File "<frozen importlib._bootstrap_external>", line 995, in exec_module
  File "<frozen importlib._bootstrap>", line 488, in _call_with_frames_removed
  File "/opt/airflow/dags/flights-pipeline.py", line 12, in <module>
    from scripts.bronze_layer import run_bronze_ingestion
ModuleNotFoundError: No module named 'scripts.bronze_layer'
[2026-04-29T16:12:26.230+0000] {processor.py:842} WARNING - No viable dags retrieved from /opt/airflow/dags/flights-pipeline.py
[2026-04-29T16:12:26.295+0000] {processor.py:183} INFO - Processing /opt/airflow/dags/flights-pipeline.py took 0.147 seconds
[2026-04-29T16:12:56.526+0000] {processor.py:161} INFO - Started process (PID=474) to work on /opt/airflow/dags/flights-pipeline.py
[2026-04-29T16:12:56.529+0000] {processor.py:830} INFO - Processing file /opt/airflow/dags/flights-pipeline.py for tasks to queue
[2026-04-29T16:12:56.535+0000] {logging_mixin.py:188} INFO - [2026-04-29T16:12:56.534+0000] {dagbag.py:545} INFO - Filling up the DagBag from /opt/airflow/dags/flights-pipeline.py
[2026-04-29T16:12:56.587+0000] {logging_mixin.py:188} INFO - [2026-04-29T16:12:56.578+0000] {dagbag.py:355} ERROR - Failed to import: /opt/airflow/dags/flights-pipeline.py
Traceback (most recent call last):
  File "/home/airflow/.local/lib/python3.12/site-packages/airflow/models/dagbag.py", line 351, in parse
    loader.exec_module(new_module)
  File "<frozen importlib._bootstrap_external>", line 995, in exec_module
  File "<frozen importlib._bootstrap>", line 488, in _call_with_frames_removed
  File "/opt/airflow/dags/flights-pipeline.py", line 12, in <module>
    from scripts.bronze_layer import run_bronze_ingestion
ModuleNotFoundError: No module named 'scripts.bronze_layer'
[2026-04-29T16:12:56.592+0000] {processor.py:842} WARNING - No viable dags retrieved from /opt/airflow/dags/flights-pipeline.py
[2026-04-29T16:12:56.665+0000] {processor.py:183} INFO - Processing /opt/airflow/dags/flights-pipeline.py took 0.155 seconds
[2026-04-29T16:13:27.072+0000] {processor.py:161} INFO - Started process (PID=475) to work on /opt/airflow/dags/flights-pipeline.py
[2026-04-29T16:13:27.075+0000] {processor.py:830} INFO - Processing file /opt/airflow/dags/flights-pipeline.py for tasks to queue
[2026-04-29T16:13:27.079+0000] {logging_mixin.py:188} INFO - [2026-04-29T16:13:27.078+0000] {dagbag.py:545} INFO - Filling up the DagBag from /opt/airflow/dags/flights-pipeline.py
[2026-04-29T16:13:27.125+0000] {logging_mixin.py:188} INFO - [2026-04-29T16:13:27.115+0000] {dagbag.py:355} ERROR - Failed to import: /opt/airflow/dags/flights-pipeline.py
Traceback (most recent call last):
  File "/home/airflow/.local/lib/python3.12/site-packages/airflow/models/dagbag.py", line 351, in parse
    loader.exec_module(new_module)
  File "<frozen importlib._bootstrap_external>", line 995, in exec_module
  File "<frozen importlib._bootstrap>", line 488, in _call_with_frames_removed
  File "/opt/airflow/dags/flights-pipeline.py", line 12, in <module>
    from scripts.bronze_layer import run_bronze_ingestion
ModuleNotFoundError: No module named 'scripts.bronze_layer'
[2026-04-29T16:13:27.129+0000] {processor.py:842} WARNING - No viable dags retrieved from /opt/airflow/dags/flights-pipeline.py
[2026-04-29T16:13:27.188+0000] {processor.py:183} INFO - Processing /opt/airflow/dags/flights-pipeline.py took 0.129 seconds
[2026-04-29T16:13:57.552+0000] {processor.py:161} INFO - Started process (PID=476) to work on /opt/airflow/dags/flights-pipeline.py
[2026-04-29T16:13:57.555+0000] {processor.py:830} INFO - Processing file /opt/airflow/dags/flights-pipeline.py for tasks to queue
[2026-04-29T16:13:57.559+0000] {logging_mixin.py:188} INFO - [2026-04-29T16:13:57.558+0000] {dagbag.py:545} INFO - Filling up the DagBag from /opt/airflow/dags/flights-pipeline.py
[2026-04-29T16:13:57.602+0000] {logging_mixin.py:188} INFO - [2026-04-29T16:13:57.593+0000] {dagbag.py:355} ERROR - Failed to import: /opt/airflow/dags/flights-pipeline.py
Traceback (most recent call last):
  File "/home/airflow/.local/lib/python3.12/site-packages/airflow/models/dagbag.py", line 351, in parse
    loader.exec_module(new_module)
  File "<frozen importlib._bootstrap_external>", line 995, in exec_module
  File "<frozen importlib._bootstrap>", line 488, in _call_with_frames_removed
  File "/opt/airflow/dags/flights-pipeline.py", line 12, in <module>
    from scripts.bronze_layer import run_bronze_ingestion
ModuleNotFoundError: No module named 'scripts.bronze_layer'
[2026-04-29T16:13:57.606+0000] {processor.py:842} WARNING - No viable dags retrieved from /opt/airflow/dags/flights-pipeline.py
[2026-04-29T16:13:57.664+0000] {processor.py:183} INFO - Processing /opt/airflow/dags/flights-pipeline.py took 0.126 seconds
[2026-04-29T16:14:28.000+0000] {processor.py:161} INFO - Started process (PID=477) to work on /opt/airflow/dags/flights-pipeline.py
[2026-04-29T16:14:28.004+0000] {processor.py:830} INFO - Processing file /opt/airflow/dags/flights-pipeline.py for tasks to queue
[2026-04-29T16:14:28.011+0000] {logging_mixin.py:188} INFO - [2026-04-29T16:14:28.010+0000] {dagbag.py:545} INFO - Filling up the DagBag from /opt/airflow/dags/flights-pipeline.py
[2026-04-29T16:14:28.103+0000] {logging_mixin.py:188} INFO - [2026-04-29T16:14:28.086+0000] {dagbag.py:355} ERROR - Failed to import: /opt/airflow/dags/flights-pipeline.py
Traceback (most recent call last):
  File "/home/airflow/.local/lib/python3.12/site-packages/airflow/models/dagbag.py", line 351, in parse
    loader.exec_module(new_module)
  File "<frozen importlib._bootstrap_external>", line 995, in exec_module
  File "<frozen importlib._bootstrap>", line 488, in _call_with_frames_removed
  File "/opt/airflow/dags/flights-pipeline.py", line 12, in <module>
    from scripts.bronze_layer import run_bronze_ingestion
ModuleNotFoundError: No module named 'scripts.bronze_layer'
[2026-04-29T16:14:28.110+0000] {processor.py:842} WARNING - No viable dags retrieved from /opt/airflow/dags/flights-pipeline.py
[2026-04-29T16:14:28.186+0000] {processor.py:183} INFO - Processing /opt/airflow/dags/flights-pipeline.py took 0.209 seconds
[2026-04-29T16:14:58.449+0000] {processor.py:161} INFO - Started process (PID=478) to work on /opt/airflow/dags/flights-pipeline.py
[2026-04-29T16:14:58.453+0000] {processor.py:830} INFO - Processing file /opt/airflow/dags/flights-pipeline.py for tasks to queue
[2026-04-29T16:14:58.460+0000] {logging_mixin.py:188} INFO - [2026-04-29T16:14:58.459+0000] {dagbag.py:545} INFO - Filling up the DagBag from /opt/airflow/dags/flights-pipeline.py
[2026-04-29T16:14:58.544+0000] {logging_mixin.py:188} INFO - [2026-04-29T16:14:58.528+0000] {dagbag.py:355} ERROR - Failed to import: /opt/airflow/dags/flights-pipeline.py
Traceback (most recent call last):
  File "/home/airflow/.local/lib/python3.12/site-packages/airflow/models/dagbag.py", line 351, in parse
    loader.exec_module(new_module)
  File "<frozen importlib._bootstrap_external>", line 995, in exec_module
  File "<frozen importlib._bootstrap>", line 488, in _call_with_frames_removed
  File "/opt/airflow/dags/flights-pipeline.py", line 12, in <module>
    from scripts.bronze_layer import run_bronze_ingestion
ModuleNotFoundError: No module named 'scripts.bronze_layer'
[2026-04-29T16:14:58.549+0000] {processor.py:842} WARNING - No viable dags retrieved from /opt/airflow/dags/flights-pipeline.py
[2026-04-29T16:14:58.628+0000] {processor.py:183} INFO - Processing /opt/airflow/dags/flights-pipeline.py took 0.202 seconds
[2026-04-29T16:15:28.961+0000] {processor.py:161} INFO - Started process (PID=479) to work on /opt/airflow/dags/flights-pipeline.py
[2026-04-29T16:15:28.964+0000] {processor.py:830} INFO - Processing file /opt/airflow/dags/flights-pipeline.py for tasks to queue
[2026-04-29T16:15:28.971+0000] {logging_mixin.py:188} INFO - [2026-04-29T16:15:28.970+0000] {dagbag.py:545} INFO - Filling up the DagBag from /opt/airflow/dags/flights-pipeline.py
[2026-04-29T16:15:29.025+0000] {logging_mixin.py:188} INFO - [2026-04-29T16:15:29.016+0000] {dagbag.py:355} ERROR - Failed to import: /opt/airflow/dags/flights-pipeline.py
Traceback (most recent call last):
  File "/home/airflow/.local/lib/python3.12/site-packages/airflow/models/dagbag.py", line 351, in parse
    loader.exec_module(new_module)
  File "<frozen importlib._bootstrap_external>", line 995, in exec_module
  File "<frozen importlib._bootstrap>", line 488, in _call_with_frames_removed
  File "/opt/airflow/dags/flights-pipeline.py", line 12, in <module>
    from scripts.bronze_layer import run_bronze_ingestion
ModuleNotFoundError: No module named 'scripts.bronze_layer'
[2026-04-29T16:15:29.029+0000] {processor.py:842} WARNING - No viable dags retrieved from /opt/airflow/dags/flights-pipeline.py
[2026-04-29T16:15:29.094+0000] {processor.py:183} INFO - Processing /opt/airflow/dags/flights-pipeline.py took 0.147 seconds
[2026-04-29T16:15:59.413+0000] {processor.py:161} INFO - Started process (PID=480) to work on /opt/airflow/dags/flights-pipeline.py
[2026-04-29T16:15:59.417+0000] {processor.py:830} INFO - Processing file /opt/airflow/dags/flights-pipeline.py for tasks to queue
[2026-04-29T16:15:59.423+0000] {logging_mixin.py:188} INFO - [2026-04-29T16:15:59.421+0000] {dagbag.py:545} INFO - Filling up the DagBag from /opt/airflow/dags/flights-pipeline.py
[2026-04-29T16:15:59.476+0000] {logging_mixin.py:188} INFO - [2026-04-29T16:15:59.465+0000] {dagbag.py:355} ERROR - Failed to import: /opt/airflow/dags/flights-pipeline.py
Traceback (most recent call last):
  File "/home/airflow/.local/lib/python3.12/site-packages/airflow/models/dagbag.py", line 351, in parse
    loader.exec_module(new_module)
  File "<frozen importlib._bootstrap_external>", line 995, in exec_module
  File "<frozen importlib._bootstrap>", line 488, in _call_with_frames_removed
  File "/opt/airflow/dags/flights-pipeline.py", line 12, in <module>
    from scripts.bronze_layer import run_bronze_ingestion
ModuleNotFoundError: No module named 'scripts.bronze_layer'
[2026-04-29T16:15:59.480+0000] {processor.py:842} WARNING - No viable dags retrieved from /opt/airflow/dags/flights-pipeline.py
[2026-04-29T16:15:59.544+0000] {processor.py:183} INFO - Processing /opt/airflow/dags/flights-pipeline.py took 0.165 seconds
[2026-04-29T16:16:29.904+0000] {processor.py:161} INFO - Started process (PID=481) to work on /opt/airflow/dags/flights-pipeline.py
[2026-04-29T16:16:29.910+0000] {processor.py:830} INFO - Processing file /opt/airflow/dags/flights-pipeline.py for tasks to queue
[2026-04-29T16:16:29.919+0000] {logging_mixin.py:188} INFO - [2026-04-29T16:16:29.918+0000] {dagbag.py:545} INFO - Filling up the DagBag from /opt/airflow/dags/flights-pipeline.py
[2026-04-29T16:16:30.008+0000] {logging_mixin.py:188} INFO - [2026-04-29T16:16:29.993+0000] {dagbag.py:355} ERROR - Failed to import: /opt/airflow/dags/flights-pipeline.py
Traceback (most recent call last):
  File "/home/airflow/.local/lib/python3.12/site-packages/airflow/models/dagbag.py", line 351, in parse
    loader.exec_module(new_module)
  File "<frozen importlib._bootstrap_external>", line 995, in exec_module
  File "<frozen importlib._bootstrap>", line 488, in _call_with_frames_removed
  File "/opt/airflow/dags/flights-pipeline.py", line 12, in <module>
    from scripts.bronze_layer import run_bronze_ingestion
ModuleNotFoundError: No module named 'scripts.bronze_layer'
[2026-04-29T16:16:30.014+0000] {processor.py:842} WARNING - No viable dags retrieved from /opt/airflow/dags/flights-pipeline.py
[2026-04-29T16:16:30.104+0000] {processor.py:183} INFO - Processing /opt/airflow/dags/flights-pipeline.py took 0.234 seconds
[2026-04-29T16:17:00.258+0000] {processor.py:161} INFO - Started process (PID=482) to work on /opt/airflow/dags/flights-pipeline.py
[2026-04-29T16:17:00.261+0000] {processor.py:830} INFO - Processing file /opt/airflow/dags/flights-pipeline.py for tasks to queue
[2026-04-29T16:17:00.267+0000] {logging_mixin.py:188} INFO - [2026-04-29T16:17:00.266+0000] {dagbag.py:545} INFO - Filling up the DagBag from /opt/airflow/dags/flights-pipeline.py
[2026-04-29T16:17:00.321+0000] {logging_mixin.py:188} INFO - [2026-04-29T16:17:00.310+0000] {dagbag.py:355} ERROR - Failed to import: /opt/airflow/dags/flights-pipeline.py
Traceback (most recent call last):
  File "/home/airflow/.local/lib/python3.12/site-packages/airflow/models/dagbag.py", line 351, in parse
    loader.exec_module(new_module)
  File "<frozen importlib._bootstrap_external>", line 995, in exec_module
  File "<frozen importlib._bootstrap>", line 488, in _call_with_frames_removed
  File "/opt/airflow/dags/flights-pipeline.py", line 12, in <module>
    from scripts.bronze_layer import run_bronze_ingestion
ModuleNotFoundError: No module named 'scripts.bronze_layer'
[2026-04-29T16:17:00.325+0000] {processor.py:842} WARNING - No viable dags retrieved from /opt/airflow/dags/flights-pipeline.py
[2026-04-29T16:17:00.406+0000] {processor.py:183} INFO - Processing /opt/airflow/dags/flights-pipeline.py took 0.166 seconds
[2026-04-29T16:17:30.999+0000] {processor.py:161} INFO - Started process (PID=483) to work on /opt/airflow/dags/flights-pipeline.py
[2026-04-29T16:17:31.002+0000] {processor.py:830} INFO - Processing file /opt/airflow/dags/flights-pipeline.py for tasks to queue
[2026-04-29T16:17:31.012+0000] {logging_mixin.py:188} INFO - [2026-04-29T16:17:31.011+0000] {dagbag.py:545} INFO - Filling up the DagBag from /opt/airflow/dags/flights-pipeline.py
[2026-04-29T16:17:31.107+0000] {logging_mixin.py:188} INFO - [2026-04-29T16:17:31.092+0000] {dagbag.py:355} ERROR - Failed to import: /opt/airflow/dags/flights-pipeline.py
Traceback (most recent call last):
  File "/home/airflow/.local/lib/python3.12/site-packages/airflow/models/dagbag.py", line 351, in parse
    loader.exec_module(new_module)
  File "<frozen importlib._bootstrap_external>", line 995, in exec_module
  File "<frozen importlib._bootstrap>", line 488, in _call_with_frames_removed
  File "/opt/airflow/dags/flights-pipeline.py", line 12, in <module>
    from scripts.bronze_layer import run_bronze_ingestion
ModuleNotFoundError: No module named 'scripts.bronze_layer'
[2026-04-29T16:17:31.112+0000] {processor.py:842} WARNING - No viable dags retrieved from /opt/airflow/dags/flights-pipeline.py
[2026-04-29T16:17:31.176+0000] {processor.py:183} INFO - Processing /opt/airflow/dags/flights-pipeline.py took 0.196 seconds
[2026-04-29T16:18:01.379+0000] {processor.py:161} INFO - Started process (PID=484) to work on /opt/airflow/dags/flights-pipeline.py
[2026-04-29T16:18:01.383+0000] {processor.py:830} INFO - Processing file /opt/airflow/dags/flights-pipeline.py for tasks to queue
[2026-04-29T16:18:01.392+0000] {logging_mixin.py:188} INFO - [2026-04-29T16:18:01.391+0000] {dagbag.py:545} INFO - Filling up the DagBag from /opt/airflow/dags/flights-pipeline.py
[2026-04-29T16:18:01.449+0000] {logging_mixin.py:188} INFO - [2026-04-29T16:18:01.439+0000] {dagbag.py:355} ERROR - Failed to import: /opt/airflow/dags/flights-pipeline.py
Traceback (most recent call last):
  File "/home/airflow/.local/lib/python3.12/site-packages/airflow/models/dagbag.py", line 351, in parse
    loader.exec_module(new_module)
  File "<frozen importlib._bootstrap_external>", line 995, in exec_module
  File "<frozen importlib._bootstrap>", line 488, in _call_with_frames_removed
  File "/opt/airflow/dags/flights-pipeline.py", line 12, in <module>
    from scripts.bronze_layer import run_bronze_ingestion
ModuleNotFoundError: No module named 'scripts.bronze_layer'
[2026-04-29T16:18:01.453+0000] {processor.py:842} WARNING - No viable dags retrieved from /opt/airflow/dags/flights-pipeline.py
[2026-04-29T16:18:01.515+0000] {processor.py:183} INFO - Processing /opt/airflow/dags/flights-pipeline.py took 0.157 seconds
[2026-04-29T16:18:31.891+0000] {processor.py:161} INFO - Started process (PID=485) to work on /opt/airflow/dags/flights-pipeline.py
[2026-04-29T16:18:31.914+0000] {processor.py:830} INFO - Processing file /opt/airflow/dags/flights-pipeline.py for tasks to queue
[2026-04-29T16:18:31.986+0000] {logging_mixin.py:188} INFO - [2026-04-29T16:18:31.977+0000] {dagbag.py:545} INFO - Filling up the DagBag from /opt/airflow/dags/flights-pipeline.py
[2026-04-29T16:18:32.132+0000] {logging_mixin.py:188} INFO - [2026-04-29T16:18:32.103+0000] {dagbag.py:355} ERROR - Failed to import: /opt/airflow/dags/flights-pipeline.py
Traceback (most recent call last):
  File "/home/airflow/.local/lib/python3.12/site-packages/airflow/models/dagbag.py", line 351, in parse
    loader.exec_module(new_module)
  File "<frozen importlib._bootstrap_external>", line 995, in exec_module
  File "<frozen importlib._bootstrap>", line 488, in _call_with_frames_removed
  File "/opt/airflow/dags/flights-pipeline.py", line 12, in <module>
    from scripts.bronze_layer import run_bronze_ingestion
ModuleNotFoundError: No module named 'scripts.bronze_layer'
[2026-04-29T16:18:32.141+0000] {processor.py:842} WARNING - No viable dags retrieved from /opt/airflow/dags/flights-pipeline.py
[2026-04-29T16:18:32.449+0000] {processor.py:183} INFO - Processing /opt/airflow/dags/flights-pipeline.py took 0.722 seconds
[2026-04-29T16:19:03.103+0000] {processor.py:161} INFO - Started process (PID=486) to work on /opt/airflow/dags/flights-pipeline.py
[2026-04-29T16:19:03.107+0000] {processor.py:830} INFO - Processing file /opt/airflow/dags/flights-pipeline.py for tasks to queue
[2026-04-29T16:19:03.122+0000] {logging_mixin.py:188} INFO - [2026-04-29T16:19:03.120+0000] {dagbag.py:545} INFO - Filling up the DagBag from /opt/airflow/dags/flights-pipeline.py
[2026-04-29T16:19:03.208+0000] {logging_mixin.py:188} INFO - [2026-04-29T16:19:03.198+0000] {dagbag.py:355} ERROR - Failed to import: /opt/airflow/dags/flights-pipeline.py
Traceback (most recent call last):
  File "/home/airflow/.local/lib/python3.12/site-packages/airflow/models/dagbag.py", line 351, in parse
    loader.exec_module(new_module)
  File "<frozen importlib._bootstrap_external>", line 995, in exec_module
  File "<frozen importlib._bootstrap>", line 488, in _call_with_frames_removed
  File "/opt/airflow/dags/flights-pipeline.py", line 12, in <module>
    from scripts.bronze_layer import run_bronze_ingestion
ModuleNotFoundError: No module named 'scripts.bronze_layer'
[2026-04-29T16:19:03.212+0000] {processor.py:842} WARNING - No viable dags retrieved from /opt/airflow/dags/flights-pipeline.py
[2026-04-29T16:19:03.283+0000] {processor.py:183} INFO - Processing /opt/airflow/dags/flights-pipeline.py took 0.237 seconds
[2026-04-29T16:19:33.425+0000] {processor.py:161} INFO - Started process (PID=487) to work on /opt/airflow/dags/flights-pipeline.py
[2026-04-29T16:19:33.428+0000] {processor.py:830} INFO - Processing file /opt/airflow/dags/flights-pipeline.py for tasks to queue
[2026-04-29T16:19:33.434+0000] {logging_mixin.py:188} INFO - [2026-04-29T16:19:33.433+0000] {dagbag.py:545} INFO - Filling up the DagBag from /opt/airflow/dags/flights-pipeline.py
[2026-04-29T16:19:33.487+0000] {logging_mixin.py:188} INFO - [2026-04-29T16:19:33.478+0000] {dagbag.py:355} ERROR - Failed to import: /opt/airflow/dags/flights-pipeline.py
Traceback (most recent call last):
  File "/home/airflow/.local/lib/python3.12/site-packages/airflow/models/dagbag.py", line 351, in parse
    loader.exec_module(new_module)
  File "<frozen importlib._bootstrap_external>", line 995, in exec_module
  File "<frozen importlib._bootstrap>", line 488, in _call_with_frames_removed
  File "/opt/airflow/dags/flights-pipeline.py", line 12, in <module>
    from scripts.bronze_layer import run_bronze_ingestion
ModuleNotFoundError: No module named 'scripts.bronze_layer'
[2026-04-29T16:19:33.492+0000] {processor.py:842} WARNING - No viable dags retrieved from /opt/airflow/dags/flights-pipeline.py
[2026-04-29T16:19:33.553+0000] {processor.py:183} INFO - Processing /opt/airflow/dags/flights-pipeline.py took 0.142 seconds
[2026-04-29T16:20:03.845+0000] {processor.py:161} INFO - Started process (PID=488) to work on /opt/airflow/dags/flights-pipeline.py
[2026-04-29T16:20:03.849+0000] {processor.py:830} INFO - Processing file /opt/airflow/dags/flights-pipeline.py for tasks to queue
[2026-04-29T16:20:03.859+0000] {logging_mixin.py:188} INFO - [2026-04-29T16:20:03.858+0000] {dagbag.py:545} INFO - Filling up the DagBag from /opt/airflow/dags/flights-pipeline.py
[2026-04-29T16:20:03.924+0000] {logging_mixin.py:188} INFO - [2026-04-29T16:20:03.915+0000] {dagbag.py:355} ERROR - Failed to import: /opt/airflow/dags/flights-pipeline.py
Traceback (most recent call last):
  File "/home/airflow/.local/lib/python3.12/site-packages/airflow/models/dagbag.py", line 351, in parse
    loader.exec_module(new_module)
  File "<frozen importlib._bootstrap_external>", line 995, in exec_module
  File "<frozen importlib._bootstrap>", line 488, in _call_with_frames_removed
  File "/opt/airflow/dags/flights-pipeline.py", line 12, in <module>
    from scripts.bronze_layer import run_bronze_ingestion
ModuleNotFoundError: No module named 'scripts.bronze_layer'
[2026-04-29T16:20:03.928+0000] {processor.py:842} WARNING - No viable dags retrieved from /opt/airflow/dags/flights-pipeline.py
[2026-04-29T16:20:03.987+0000] {processor.py:183} INFO - Processing /opt/airflow/dags/flights-pipeline.py took 0.175 seconds
[2026-04-29T16:20:34.353+0000] {processor.py:161} INFO - Started process (PID=489) to work on /opt/airflow/dags/flights-pipeline.py
[2026-04-29T16:20:34.357+0000] {processor.py:830} INFO - Processing file /opt/airflow/dags/flights-pipeline.py for tasks to queue
[2026-04-29T16:20:34.363+0000] {logging_mixin.py:188} INFO - [2026-04-29T16:20:34.362+0000] {dagbag.py:545} INFO - Filling up the DagBag from /opt/airflow/dags/flights-pipeline.py
[2026-04-29T16:20:34.423+0000] {logging_mixin.py:188} INFO - [2026-04-29T16:20:34.410+0000] {dagbag.py:355} ERROR - Failed to import: /opt/airflow/dags/flights-pipeline.py
Traceback (most recent call last):
  File "/home/airflow/.local/lib/python3.12/site-packages/airflow/models/dagbag.py", line 351, in parse
    loader.exec_module(new_module)
  File "<frozen importlib._bootstrap_external>", line 995, in exec_module
  File "<frozen importlib._bootstrap>", line 488, in _call_with_frames_removed
  File "/opt/airflow/dags/flights-pipeline.py", line 12, in <module>
    from scripts.bronze_layer import run_bronze_ingestion
ModuleNotFoundError: No module named 'scripts.bronze_layer'
[2026-04-29T16:20:34.427+0000] {processor.py:842} WARNING - No viable dags retrieved from /opt/airflow/dags/flights-pipeline.py
[2026-04-29T16:20:34.486+0000] {processor.py:183} INFO - Processing /opt/airflow/dags/flights-pipeline.py took 0.150 seconds
[2026-04-29T16:21:04.818+0000] {processor.py:161} INFO - Started process (PID=490) to work on /opt/airflow/dags/flights-pipeline.py
[2026-04-29T16:21:04.821+0000] {processor.py:830} INFO - Processing file /opt/airflow/dags/flights-pipeline.py for tasks to queue
[2026-04-29T16:21:04.827+0000] {logging_mixin.py:188} INFO - [2026-04-29T16:21:04.826+0000] {dagbag.py:545} INFO - Filling up the DagBag from /opt/airflow/dags/flights-pipeline.py
[2026-04-29T16:21:04.884+0000] {logging_mixin.py:188} INFO - [2026-04-29T16:21:04.874+0000] {dagbag.py:355} ERROR - Failed to import: /opt/airflow/dags/flights-pipeline.py
Traceback (most recent call last):
  File "/home/airflow/.local/lib/python3.12/site-packages/airflow/models/dagbag.py", line 351, in parse
    loader.exec_module(new_module)
  File "<frozen importlib._bootstrap_external>", line 995, in exec_module
  File "<frozen importlib._bootstrap>", line 488, in _call_with_frames_removed
  File "/opt/airflow/dags/flights-pipeline.py", line 12, in <module>
    from scripts.bronze_layer import run_bronze_ingestion
ModuleNotFoundError: No module named 'scripts.bronze_layer'
[2026-04-29T16:21:04.888+0000] {processor.py:842} WARNING - No viable dags retrieved from /opt/airflow/dags/flights-pipeline.py
[2026-04-29T16:21:04.948+0000] {processor.py:183} INFO - Processing /opt/airflow/dags/flights-pipeline.py took 0.142 seconds
[2026-04-29T16:21:35.299+0000] {processor.py:161} INFO - Started process (PID=491) to work on /opt/airflow/dags/flights-pipeline.py
[2026-04-29T16:21:35.301+0000] {processor.py:830} INFO - Processing file /opt/airflow/dags/flights-pipeline.py for tasks to queue
[2026-04-29T16:21:35.306+0000] {logging_mixin.py:188} INFO - [2026-04-29T16:21:35.305+0000] {dagbag.py:545} INFO - Filling up the DagBag from /opt/airflow/dags/flights-pipeline.py
[2026-04-29T16:21:35.364+0000] {logging_mixin.py:188} INFO - [2026-04-29T16:21:35.353+0000] {dagbag.py:355} ERROR - Failed to import: /opt/airflow/dags/flights-pipeline.py
Traceback (most recent call last):
  File "/home/airflow/.local/lib/python3.12/site-packages/airflow/models/dagbag.py", line 351, in parse
    loader.exec_module(new_module)
  File "<frozen importlib._bootstrap_external>", line 995, in exec_module
  File "<frozen importlib._bootstrap>", line 488, in _call_with_frames_removed
  File "/opt/airflow/dags/flights-pipeline.py", line 12, in <module>
    from scripts.bronze_layer import run_bronze_ingestion
ModuleNotFoundError: No module named 'scripts.bronze_layer'
[2026-04-29T16:21:35.369+0000] {processor.py:842} WARNING - No viable dags retrieved from /opt/airflow/dags/flights-pipeline.py
[2026-04-29T16:21:35.425+0000] {processor.py:183} INFO - Processing /opt/airflow/dags/flights-pipeline.py took 0.143 seconds
[2026-04-29T16:22:05.691+0000] {processor.py:161} INFO - Started process (PID=492) to work on /opt/airflow/dags/flights-pipeline.py
[2026-04-29T16:22:05.694+0000] {processor.py:830} INFO - Processing file /opt/airflow/dags/flights-pipeline.py for tasks to queue
[2026-04-29T16:22:05.700+0000] {logging_mixin.py:188} INFO - [2026-04-29T16:22:05.699+0000] {dagbag.py:545} INFO - Filling up the DagBag from /opt/airflow/dags/flights-pipeline.py
[2026-04-29T16:22:05.753+0000] {logging_mixin.py:188} INFO - [2026-04-29T16:22:05.743+0000] {dagbag.py:355} ERROR - Failed to import: /opt/airflow/dags/flights-pipeline.py
Traceback (most recent call last):
  File "/home/airflow/.local/lib/python3.12/site-packages/airflow/models/dagbag.py", line 351, in parse
    loader.exec_module(new_module)
  File "<frozen importlib._bootstrap_external>", line 995, in exec_module
  File "<frozen importlib._bootstrap>", line 488, in _call_with_frames_removed
  File "/opt/airflow/dags/flights-pipeline.py", line 12, in <module>
    from scripts.bronze_layer import run_bronze_ingestion
ModuleNotFoundError: No module named 'scripts.bronze_layer'
[2026-04-29T16:22:05.757+0000] {processor.py:842} WARNING - No viable dags retrieved from /opt/airflow/dags/flights-pipeline.py
[2026-04-29T16:22:05.812+0000] {processor.py:183} INFO - Processing /opt/airflow/dags/flights-pipeline.py took 0.138 seconds
[2026-04-29T16:22:36.353+0000] {processor.py:161} INFO - Started process (PID=493) to work on /opt/airflow/dags/flights-pipeline.py
[2026-04-29T16:22:36.357+0000] {processor.py:830} INFO - Processing file /opt/airflow/dags/flights-pipeline.py for tasks to queue
[2026-04-29T16:22:36.362+0000] {logging_mixin.py:188} INFO - [2026-04-29T16:22:36.361+0000] {dagbag.py:545} INFO - Filling up the DagBag from /opt/airflow/dags/flights-pipeline.py
[2026-04-29T16:22:36.413+0000] {logging_mixin.py:188} INFO - [2026-04-29T16:22:36.404+0000] {dagbag.py:355} ERROR - Failed to import: /opt/airflow/dags/flights-pipeline.py
Traceback (most recent call last):
  File "/home/airflow/.local/lib/python3.12/site-packages/airflow/models/dagbag.py", line 351, in parse
    loader.exec_module(new_module)
  File "<frozen importlib._bootstrap_external>", line 995, in exec_module
  File "<frozen importlib._bootstrap>", line 488, in _call_with_frames_removed
  File "/opt/airflow/dags/flights-pipeline.py", line 12, in <module>
    from scripts.bronze_layer import run_bronze_ingestion
ModuleNotFoundError: No module named 'scripts.bronze_layer'
[2026-04-29T16:22:36.416+0000] {processor.py:842} WARNING - No viable dags retrieved from /opt/airflow/dags/flights-pipeline.py
[2026-04-29T16:22:36.471+0000] {processor.py:183} INFO - Processing /opt/airflow/dags/flights-pipeline.py took 0.133 seconds
[2026-04-29T19:22:48.321+0000] {processor.py:161} INFO - Started process (PID=494) to work on /opt/airflow/dags/flights-pipeline.py
[2026-04-29T19:22:48.327+0000] {processor.py:830} INFO - Processing file /opt/airflow/dags/flights-pipeline.py for tasks to queue
[2026-04-29T19:22:48.358+0000] {logging_mixin.py:188} INFO - [2026-04-29T19:22:48.355+0000] {dagbag.py:545} INFO - Filling up the DagBag from /opt/airflow/dags/flights-pipeline.py
[2026-04-29T19:22:48.444+0000] {logging_mixin.py:188} INFO - [2026-04-29T19:22:48.432+0000] {dagbag.py:355} ERROR - Failed to import: /opt/airflow/dags/flights-pipeline.py
Traceback (most recent call last):
  File "/home/airflow/.local/lib/python3.12/site-packages/airflow/models/dagbag.py", line 351, in parse
    loader.exec_module(new_module)
  File "<frozen importlib._bootstrap_external>", line 995, in exec_module
  File "<frozen importlib._bootstrap>", line 488, in _call_with_frames_removed
  File "/opt/airflow/dags/flights-pipeline.py", line 12, in <module>
    from scripts.bronze_layer import run_bronze_ingestion
ModuleNotFoundError: No module named 'scripts.bronze_layer'
[2026-04-29T19:22:48.449+0000] {processor.py:842} WARNING - No viable dags retrieved from /opt/airflow/dags/flights-pipeline.py
[2026-04-29T19:22:48.577+0000] {processor.py:183} INFO - Processing /opt/airflow/dags/flights-pipeline.py took 0.318 seconds
