[2026-08-13T00:00:10.188+0000] {processor.py:161} INFO - Started process (PID=1695) to work on /opt/airflow/dags/flights-pipeline.py
[2026-08-13T00:00:10.189+0000] {processor.py:830} INFO - Processing file /opt/airflow/dags/flights-pipeline.py for tasks to queue
[2026-08-13T00:00:10.191+0000] {logging_mixin.py:188} INFO - [2026-08-13T00:00:10.190+0000] {dagbag.py:545} INFO - Filling up the DagBag from /opt/airflow/dags/flights-pipeline.py
[2026-08-13T00:00:11.007+0000] {processor.py:840} INFO - DAG(s) 'flights_ops_medallion_pipe' retrieved from /opt/airflow/dags/flights-pipeline.py
[2026-08-13T00:00:11.048+0000] {logging_mixin.py:188} INFO - [2026-08-13T00:00:11.048+0000] {dag.py:3089} INFO - Sync 1 DAGs
[2026-08-13T00:00:11.072+0000] {logging_mixin.py:188} INFO - [2026-08-13T00:00:11.072+0000] {dag.py:3947} INFO - Setting next_dagrun for flights_ops_medallion_pipe to 2026-08-13 00:00:00+00:00, run_after=2026-08-13 00:30:00+00:00
[2026-08-13T00:00:11.097+0000] {processor.py:183} INFO - Processing /opt/airflow/dags/flights-pipeline.py took 0.916 seconds
[2026-08-13T00:00:41.430+0000] {processor.py:161} INFO - Started process (PID=1730) to work on /opt/airflow/dags/flights-pipeline.py
[2026-08-13T00:00:41.432+0000] {processor.py:830} INFO - Processing file /opt/airflow/dags/flights-pipeline.py for tasks to queue
[2026-08-13T00:00:41.435+0000] {logging_mixin.py:188} INFO - [2026-08-13T00:00:41.434+0000] {dagbag.py:545} INFO - Filling up the DagBag from /opt/airflow/dags/flights-pipeline.py
[2026-08-13T00:00:42.608+0000] {processor.py:840} INFO - DAG(s) 'flights_ops_medallion_pipe' retrieved from /opt/airflow/dags/flights-pipeline.py
[2026-08-13T00:00:42.659+0000] {logging_mixin.py:188} INFO - [2026-08-13T00:00:42.658+0000] {dag.py:3089} INFO - Sync 1 DAGs
[2026-08-13T00:00:42.686+0000] {logging_mixin.py:188} INFO - [2026-08-13T00:00:42.686+0000] {dag.py:3947} INFO - Setting next_dagrun for flights_ops_medallion_pipe to 2026-08-13 00:00:00+00:00, run_after=2026-08-13 00:30:00+00:00
[2026-08-13T00:00:42.717+0000] {processor.py:183} INFO - Processing /opt/airflow/dags/flights-pipeline.py took 1.302 seconds
[2026-08-13T00:01:12.984+0000] {processor.py:161} INFO - Started process (PID=1733) to work on /opt/airflow/dags/flights-pipeline.py
[2026-08-13T00:01:12.987+0000] {processor.py:830} INFO - Processing file /opt/airflow/dags/flights-pipeline.py for tasks to queue
[2026-08-13T00:01:12.988+0000] {logging_mixin.py:188} INFO - [2026-08-13T00:01:12.988+0000] {dagbag.py:545} INFO - Filling up the DagBag from /opt/airflow/dags/flights-pipeline.py
[2026-08-13T00:01:13.884+0000] {processor.py:840} INFO - DAG(s) 'flights_ops_medallion_pipe' retrieved from /opt/airflow/dags/flights-pipeline.py
[2026-08-13T00:01:13.923+0000] {logging_mixin.py:188} INFO - [2026-08-13T00:01:13.922+0000] {dag.py:3089} INFO - Sync 1 DAGs
[2026-08-13T00:01:13.951+0000] {logging_mixin.py:188} INFO - [2026-08-13T00:01:13.951+0000] {dag.py:3947} INFO - Setting next_dagrun for flights_ops_medallion_pipe to 2026-08-13 00:00:00+00:00, run_after=2026-08-13 00:30:00+00:00
[2026-08-13T00:01:13.975+0000] {processor.py:183} INFO - Processing /opt/airflow/dags/flights-pipeline.py took 0.998 seconds
[2026-08-13T00:01:44.274+0000] {processor.py:161} INFO - Started process (PID=1736) to work on /opt/airflow/dags/flights-pipeline.py
[2026-08-13T00:01:44.276+0000] {processor.py:830} INFO - Processing file /opt/airflow/dags/flights-pipeline.py for tasks to queue
[2026-08-13T00:01:44.277+0000] {logging_mixin.py:188} INFO - [2026-08-13T00:01:44.277+0000] {dagbag.py:545} INFO - Filling up the DagBag from /opt/airflow/dags/flights-pipeline.py
[2026-08-13T00:01:45.118+0000] {processor.py:840} INFO - DAG(s) 'flights_ops_medallion_pipe' retrieved from /opt/airflow/dags/flights-pipeline.py
[2026-08-13T00:01:45.152+0000] {logging_mixin.py:188} INFO - [2026-08-13T00:01:45.152+0000] {dag.py:3089} INFO - Sync 1 DAGs
[2026-08-13T00:01:45.177+0000] {logging_mixin.py:188} INFO - [2026-08-13T00:01:45.177+0000] {dag.py:3947} INFO - Setting next_dagrun for flights_ops_medallion_pipe to 2026-08-13 00:00:00+00:00, run_after=2026-08-13 00:30:00+00:00
[2026-08-13T00:01:45.203+0000] {processor.py:183} INFO - Processing /opt/airflow/dags/flights-pipeline.py took 0.937 seconds
[2026-08-13T00:02:15.481+0000] {processor.py:161} INFO - Started process (PID=1739) to work on /opt/airflow/dags/flights-pipeline.py
[2026-08-13T00:02:15.483+0000] {processor.py:830} INFO - Processing file /opt/airflow/dags/flights-pipeline.py for tasks to queue
[2026-08-13T00:02:15.484+0000] {logging_mixin.py:188} INFO - [2026-08-13T00:02:15.483+0000] {dagbag.py:545} INFO - Filling up the DagBag from /opt/airflow/dags/flights-pipeline.py
[2026-08-13T00:02:16.375+0000] {processor.py:840} INFO - DAG(s) 'flights_ops_medallion_pipe' retrieved from /opt/airflow/dags/flights-pipeline.py
[2026-08-13T00:02:16.408+0000] {logging_mixin.py:188} INFO - [2026-08-13T00:02:16.406+0000] {dag.py:3089} INFO - Sync 1 DAGs
[2026-08-13T00:02:16.434+0000] {logging_mixin.py:188} INFO - [2026-08-13T00:02:16.434+0000] {dag.py:3947} INFO - Setting next_dagrun for flights_ops_medallion_pipe to 2026-08-13 00:00:00+00:00, run_after=2026-08-13 00:30:00+00:00
[2026-08-13T00:02:16.462+0000] {processor.py:183} INFO - Processing /opt/airflow/dags/flights-pipeline.py took 0.988 seconds
[2026-08-13T00:02:46.730+0000] {processor.py:161} INFO - Started process (PID=1742) to work on /opt/airflow/dags/flights-pipeline.py
[2026-08-13T00:02:46.733+0000] {processor.py:830} INFO - Processing file /opt/airflow/dags/flights-pipeline.py for tasks to queue
[2026-08-13T00:02:46.735+0000] {logging_mixin.py:188} INFO - [2026-08-13T00:02:46.734+0000] {dagbag.py:545} INFO - Filling up the DagBag from /opt/airflow/dags/flights-pipeline.py
[2026-08-13T00:02:47.591+0000] {processor.py:840} INFO - DAG(s) 'flights_ops_medallion_pipe' retrieved from /opt/airflow/dags/flights-pipeline.py
[2026-08-13T00:02:47.626+0000] {logging_mixin.py:188} INFO - [2026-08-13T00:02:47.625+0000] {dag.py:3089} INFO - Sync 1 DAGs
[2026-08-13T00:02:47.651+0000] {logging_mixin.py:188} INFO - [2026-08-13T00:02:47.650+0000] {dag.py:3947} INFO - Setting next_dagrun for flights_ops_medallion_pipe to 2026-08-13 00:00:00+00:00, run_after=2026-08-13 00:30:00+00:00
[2026-08-13T00:02:47.675+0000] {processor.py:183} INFO - Processing /opt/airflow/dags/flights-pipeline.py took 0.956 seconds
[2026-08-13T00:03:18.161+0000] {processor.py:161} INFO - Started process (PID=1745) to work on /opt/airflow/dags/flights-pipeline.py
[2026-08-13T00:03:18.163+0000] {processor.py:830} INFO - Processing file /opt/airflow/dags/flights-pipeline.py for tasks to queue
[2026-08-13T00:03:18.164+0000] {logging_mixin.py:188} INFO - [2026-08-13T00:03:18.164+0000] {dagbag.py:545} INFO - Filling up the DagBag from /opt/airflow/dags/flights-pipeline.py
[2026-08-13T00:03:18.951+0000] {processor.py:840} INFO - DAG(s) 'flights_ops_medallion_pipe' retrieved from /opt/airflow/dags/flights-pipeline.py
[2026-08-13T00:03:18.981+0000] {logging_mixin.py:188} INFO - [2026-08-13T00:03:18.980+0000] {dag.py:3089} INFO - Sync 1 DAGs
[2026-08-13T00:03:19.005+0000] {logging_mixin.py:188} INFO - [2026-08-13T00:03:19.005+0000] {dag.py:3947} INFO - Setting next_dagrun for flights_ops_medallion_pipe to 2026-08-13 00:00:00+00:00, run_after=2026-08-13 00:30:00+00:00
[2026-08-13T00:03:19.030+0000] {processor.py:183} INFO - Processing /opt/airflow/dags/flights-pipeline.py took 0.875 seconds
[2026-08-13T00:03:49.332+0000] {processor.py:161} INFO - Started process (PID=1748) to work on /opt/airflow/dags/flights-pipeline.py
[2026-08-13T00:03:49.334+0000] {processor.py:830} INFO - Processing file /opt/airflow/dags/flights-pipeline.py for tasks to queue
[2026-08-13T00:03:49.336+0000] {logging_mixin.py:188} INFO - [2026-08-13T00:03:49.335+0000] {dagbag.py:545} INFO - Filling up the DagBag from /opt/airflow/dags/flights-pipeline.py
[2026-08-13T00:03:50.221+0000] {processor.py:840} INFO - DAG(s) 'flights_ops_medallion_pipe' retrieved from /opt/airflow/dags/flights-pipeline.py
[2026-08-13T00:03:50.253+0000] {logging_mixin.py:188} INFO - [2026-08-13T00:03:50.253+0000] {dag.py:3089} INFO - Sync 1 DAGs
[2026-08-13T00:03:50.277+0000] {logging_mixin.py:188} INFO - [2026-08-13T00:03:50.277+0000] {dag.py:3947} INFO - Setting next_dagrun for flights_ops_medallion_pipe to 2026-08-13 00:00:00+00:00, run_after=2026-08-13 00:30:00+00:00
[2026-08-13T00:03:50.305+0000] {processor.py:183} INFO - Processing /opt/airflow/dags/flights-pipeline.py took 0.981 seconds
[2026-08-13T00:04:20.568+0000] {processor.py:161} INFO - Started process (PID=1751) to work on /opt/airflow/dags/flights-pipeline.py
[2026-08-13T00:04:20.569+0000] {processor.py:830} INFO - Processing file /opt/airflow/dags/flights-pipeline.py for tasks to queue
[2026-08-13T00:04:20.571+0000] {logging_mixin.py:188} INFO - [2026-08-13T00:04:20.570+0000] {dagbag.py:545} INFO - Filling up the DagBag from /opt/airflow/dags/flights-pipeline.py
[2026-08-13T00:04:21.381+0000] {processor.py:840} INFO - DAG(s) 'flights_ops_medallion_pipe' retrieved from /opt/airflow/dags/flights-pipeline.py
[2026-08-13T00:04:21.415+0000] {logging_mixin.py:188} INFO - [2026-08-13T00:04:21.414+0000] {dag.py:3089} INFO - Sync 1 DAGs
[2026-08-13T00:04:21.441+0000] {logging_mixin.py:188} INFO - [2026-08-13T00:04:21.441+0000] {dag.py:3947} INFO - Setting next_dagrun for flights_ops_medallion_pipe to 2026-08-13 00:00:00+00:00, run_after=2026-08-13 00:30:00+00:00
[2026-08-13T00:04:21.468+0000] {processor.py:183} INFO - Processing /opt/airflow/dags/flights-pipeline.py took 0.908 seconds
[2026-08-13T00:04:51.752+0000] {processor.py:161} INFO - Started process (PID=1754) to work on /opt/airflow/dags/flights-pipeline.py
[2026-08-13T00:04:51.754+0000] {processor.py:830} INFO - Processing file /opt/airflow/dags/flights-pipeline.py for tasks to queue
[2026-08-13T00:04:51.755+0000] {logging_mixin.py:188} INFO - [2026-08-13T00:04:51.755+0000] {dagbag.py:545} INFO - Filling up the DagBag from /opt/airflow/dags/flights-pipeline.py
[2026-08-13T00:04:52.542+0000] {processor.py:840} INFO - DAG(s) 'flights_ops_medallion_pipe' retrieved from /opt/airflow/dags/flights-pipeline.py
[2026-08-13T00:04:52.572+0000] {logging_mixin.py:188} INFO - [2026-08-13T00:04:52.571+0000] {dag.py:3089} INFO - Sync 1 DAGs
[2026-08-13T00:04:52.597+0000] {logging_mixin.py:188} INFO - [2026-08-13T00:04:52.597+0000] {dag.py:3947} INFO - Setting next_dagrun for flights_ops_medallion_pipe to 2026-08-13 00:00:00+00:00, run_after=2026-08-13 00:30:00+00:00
[2026-08-13T00:04:52.620+0000] {processor.py:183} INFO - Processing /opt/airflow/dags/flights-pipeline.py took 0.875 seconds
[2026-08-13T00:05:22.892+0000] {processor.py:161} INFO - Started process (PID=1757) to work on /opt/airflow/dags/flights-pipeline.py
[2026-08-13T00:05:22.894+0000] {processor.py:830} INFO - Processing file /opt/airflow/dags/flights-pipeline.py for tasks to queue
[2026-08-13T00:05:22.895+0000] {logging_mixin.py:188} INFO - [2026-08-13T00:05:22.895+0000] {dagbag.py:545} INFO - Filling up the DagBag from /opt/airflow/dags/flights-pipeline.py
[2026-08-13T00:05:23.693+0000] {processor.py:840} INFO - DAG(s) 'flights_ops_medallion_pipe' retrieved from /opt/airflow/dags/flights-pipeline.py
[2026-08-13T00:05:23.723+0000] {logging_mixin.py:188} INFO - [2026-08-13T00:05:23.722+0000] {dag.py:3089} INFO - Sync 1 DAGs
[2026-08-13T00:05:23.748+0000] {logging_mixin.py:188} INFO - [2026-08-13T00:05:23.747+0000] {dag.py:3947} INFO - Setting next_dagrun for flights_ops_medallion_pipe to 2026-08-13 00:00:00+00:00, run_after=2026-08-13 00:30:00+00:00
[2026-08-13T00:05:23.772+0000] {processor.py:183} INFO - Processing /opt/airflow/dags/flights-pipeline.py took 0.888 seconds
[2026-08-13T00:05:54.078+0000] {processor.py:161} INFO - Started process (PID=1760) to work on /opt/airflow/dags/flights-pipeline.py
[2026-08-13T00:05:54.080+0000] {processor.py:830} INFO - Processing file /opt/airflow/dags/flights-pipeline.py for tasks to queue
[2026-08-13T00:05:54.082+0000] {logging_mixin.py:188} INFO - [2026-08-13T00:05:54.081+0000] {dagbag.py:545} INFO - Filling up the DagBag from /opt/airflow/dags/flights-pipeline.py
[2026-08-13T00:05:54.906+0000] {processor.py:840} INFO - DAG(s) 'flights_ops_medallion_pipe' retrieved from /opt/airflow/dags/flights-pipeline.py
[2026-08-13T00:05:54.938+0000] {logging_mixin.py:188} INFO - [2026-08-13T00:05:54.938+0000] {dag.py:3089} INFO - Sync 1 DAGs
[2026-08-13T00:05:54.960+0000] {logging_mixin.py:188} INFO - [2026-08-13T00:05:54.960+0000] {dag.py:3947} INFO - Setting next_dagrun for flights_ops_medallion_pipe to 2026-08-13 00:00:00+00:00, run_after=2026-08-13 00:30:00+00:00
[2026-08-13T00:05:54.986+0000] {processor.py:183} INFO - Processing /opt/airflow/dags/flights-pipeline.py took 0.919 seconds
[2026-08-13T00:06:25.273+0000] {processor.py:161} INFO - Started process (PID=1763) to work on /opt/airflow/dags/flights-pipeline.py
[2026-08-13T00:06:25.274+0000] {processor.py:830} INFO - Processing file /opt/airflow/dags/flights-pipeline.py for tasks to queue
[2026-08-13T00:06:25.276+0000] {logging_mixin.py:188} INFO - [2026-08-13T00:06:25.275+0000] {dagbag.py:545} INFO - Filling up the DagBag from /opt/airflow/dags/flights-pipeline.py
[2026-08-13T00:06:26.165+0000] {processor.py:840} INFO - DAG(s) 'flights_ops_medallion_pipe' retrieved from /opt/airflow/dags/flights-pipeline.py
[2026-08-13T00:06:26.194+0000] {logging_mixin.py:188} INFO - [2026-08-13T00:06:26.194+0000] {dag.py:3089} INFO - Sync 1 DAGs
[2026-08-13T00:06:26.219+0000] {logging_mixin.py:188} INFO - [2026-08-13T00:06:26.219+0000] {dag.py:3947} INFO - Setting next_dagrun for flights_ops_medallion_pipe to 2026-08-13 00:00:00+00:00, run_after=2026-08-13 00:30:00+00:00
[2026-08-13T00:06:26.267+0000] {processor.py:183} INFO - Processing /opt/airflow/dags/flights-pipeline.py took 1.002 seconds
[2026-08-13T00:06:56.572+0000] {processor.py:161} INFO - Started process (PID=1766) to work on /opt/airflow/dags/flights-pipeline.py
[2026-08-13T00:06:56.574+0000] {processor.py:830} INFO - Processing file /opt/airflow/dags/flights-pipeline.py for tasks to queue
[2026-08-13T00:06:56.575+0000] {logging_mixin.py:188} INFO - [2026-08-13T00:06:56.574+0000] {dagbag.py:545} INFO - Filling up the DagBag from /opt/airflow/dags/flights-pipeline.py
[2026-08-13T00:06:57.361+0000] {processor.py:840} INFO - DAG(s) 'flights_ops_medallion_pipe' retrieved from /opt/airflow/dags/flights-pipeline.py
[2026-08-13T00:06:57.391+0000] {logging_mixin.py:188} INFO - [2026-08-13T00:06:57.390+0000] {dag.py:3089} INFO - Sync 1 DAGs
[2026-08-13T00:06:57.418+0000] {logging_mixin.py:188} INFO - [2026-08-13T00:06:57.417+0000] {dag.py:3947} INFO - Setting next_dagrun for flights_ops_medallion_pipe to 2026-08-13 00:00:00+00:00, run_after=2026-08-13 00:30:00+00:00
[2026-08-13T00:06:57.444+0000] {processor.py:183} INFO - Processing /opt/airflow/dags/flights-pipeline.py took 0.880 seconds
[2026-08-13T00:07:27.730+0000] {processor.py:161} INFO - Started process (PID=1769) to work on /opt/airflow/dags/flights-pipeline.py
[2026-08-13T00:07:27.732+0000] {processor.py:830} INFO - Processing file /opt/airflow/dags/flights-pipeline.py for tasks to queue
[2026-08-13T00:07:27.734+0000] {logging_mixin.py:188} INFO - [2026-08-13T00:07:27.733+0000] {dagbag.py:545} INFO - Filling up the DagBag from /opt/airflow/dags/flights-pipeline.py
[2026-08-13T00:07:28.673+0000] {processor.py:840} INFO - DAG(s) 'flights_ops_medallion_pipe' retrieved from /opt/airflow/dags/flights-pipeline.py
[2026-08-13T00:07:28.993+0000] {logging_mixin.py:188} INFO - [2026-08-13T00:07:28.993+0000] {dag.py:3089} INFO - Sync 1 DAGs
[2026-08-13T00:07:29.018+0000] {logging_mixin.py:188} INFO - [2026-08-13T00:07:29.018+0000] {dag.py:3947} INFO - Setting next_dagrun for flights_ops_medallion_pipe to 2026-08-13 00:00:00+00:00, run_after=2026-08-13 00:30:00+00:00
[2026-08-13T00:07:29.059+0000] {processor.py:183} INFO - Processing /opt/airflow/dags/flights-pipeline.py took 1.338 seconds
[2026-08-13T00:07:59.217+0000] {processor.py:161} INFO - Started process (PID=1772) to work on /opt/airflow/dags/flights-pipeline.py
[2026-08-13T00:07:59.218+0000] {processor.py:830} INFO - Processing file /opt/airflow/dags/flights-pipeline.py for tasks to queue
[2026-08-13T00:07:59.220+0000] {logging_mixin.py:188} INFO - [2026-08-13T00:07:59.220+0000] {dagbag.py:545} INFO - Filling up the DagBag from /opt/airflow/dags/flights-pipeline.py
[2026-08-13T00:08:00.187+0000] {processor.py:840} INFO - DAG(s) 'flights_ops_medallion_pipe' retrieved from /opt/airflow/dags/flights-pipeline.py
[2026-08-13T00:08:00.259+0000] {logging_mixin.py:188} INFO - [2026-08-13T00:08:00.259+0000] {dag.py:3089} INFO - Sync 1 DAGs
[2026-08-13T00:08:00.295+0000] {logging_mixin.py:188} INFO - [2026-08-13T00:08:00.294+0000] {dag.py:3947} INFO - Setting next_dagrun for flights_ops_medallion_pipe to 2026-08-13 00:00:00+00:00, run_after=2026-08-13 00:30:00+00:00
[2026-08-13T00:08:00.330+0000] {processor.py:183} INFO - Processing /opt/airflow/dags/flights-pipeline.py took 1.122 seconds
[2026-08-13T00:08:30.523+0000] {processor.py:161} INFO - Started process (PID=1775) to work on /opt/airflow/dags/flights-pipeline.py
[2026-08-13T00:08:30.525+0000] {processor.py:830} INFO - Processing file /opt/airflow/dags/flights-pipeline.py for tasks to queue
[2026-08-13T00:08:30.527+0000] {logging_mixin.py:188} INFO - [2026-08-13T00:08:30.526+0000] {dagbag.py:545} INFO - Filling up the DagBag from /opt/airflow/dags/flights-pipeline.py
[2026-08-13T00:08:31.354+0000] {processor.py:840} INFO - DAG(s) 'flights_ops_medallion_pipe' retrieved from /opt/airflow/dags/flights-pipeline.py
[2026-08-13T00:08:31.390+0000] {logging_mixin.py:188} INFO - [2026-08-13T00:08:31.390+0000] {dag.py:3089} INFO - Sync 1 DAGs
[2026-08-13T00:08:31.418+0000] {logging_mixin.py:188} INFO - [2026-08-13T00:08:31.418+0000] {dag.py:3947} INFO - Setting next_dagrun for flights_ops_medallion_pipe to 2026-08-13 00:00:00+00:00, run_after=2026-08-13 00:30:00+00:00
[2026-08-13T00:08:31.442+0000] {processor.py:183} INFO - Processing /opt/airflow/dags/flights-pipeline.py took 0.927 seconds
[2026-08-13T00:09:01.761+0000] {processor.py:161} INFO - Started process (PID=1778) to work on /opt/airflow/dags/flights-pipeline.py
[2026-08-13T00:09:01.763+0000] {processor.py:830} INFO - Processing file /opt/airflow/dags/flights-pipeline.py for tasks to queue
[2026-08-13T00:09:01.764+0000] {logging_mixin.py:188} INFO - [2026-08-13T00:09:01.764+0000] {dagbag.py:545} INFO - Filling up the DagBag from /opt/airflow/dags/flights-pipeline.py
[2026-08-13T00:09:02.565+0000] {processor.py:840} INFO - DAG(s) 'flights_ops_medallion_pipe' retrieved from /opt/airflow/dags/flights-pipeline.py
[2026-08-13T00:09:02.596+0000] {logging_mixin.py:188} INFO - [2026-08-13T00:09:02.595+0000] {dag.py:3089} INFO - Sync 1 DAGs
[2026-08-13T00:09:02.622+0000] {logging_mixin.py:188} INFO - [2026-08-13T00:09:02.622+0000] {dag.py:3947} INFO - Setting next_dagrun for flights_ops_medallion_pipe to 2026-08-13 00:00:00+00:00, run_after=2026-08-13 00:30:00+00:00
[2026-08-13T00:09:02.646+0000] {processor.py:183} INFO - Processing /opt/airflow/dags/flights-pipeline.py took 0.892 seconds
[2026-08-13T00:09:32.927+0000] {processor.py:161} INFO - Started process (PID=1781) to work on /opt/airflow/dags/flights-pipeline.py
[2026-08-13T00:09:32.928+0000] {processor.py:830} INFO - Processing file /opt/airflow/dags/flights-pipeline.py for tasks to queue
[2026-08-13T00:09:32.930+0000] {logging_mixin.py:188} INFO - [2026-08-13T00:09:32.929+0000] {dagbag.py:545} INFO - Filling up the DagBag from /opt/airflow/dags/flights-pipeline.py
[2026-08-13T00:09:33.746+0000] {processor.py:840} INFO - DAG(s) 'flights_ops_medallion_pipe' retrieved from /opt/airflow/dags/flights-pipeline.py
[2026-08-13T00:09:33.774+0000] {logging_mixin.py:188} INFO - [2026-08-13T00:09:33.773+0000] {dag.py:3089} INFO - Sync 1 DAGs
[2026-08-13T00:09:33.798+0000] {logging_mixin.py:188} INFO - [2026-08-13T00:09:33.798+0000] {dag.py:3947} INFO - Setting next_dagrun for flights_ops_medallion_pipe to 2026-08-13 00:00:00+00:00, run_after=2026-08-13 00:30:00+00:00
[2026-08-13T00:09:33.824+0000] {processor.py:183} INFO - Processing /opt/airflow/dags/flights-pipeline.py took 0.916 seconds
[2026-08-13T00:10:04.113+0000] {processor.py:161} INFO - Started process (PID=1784) to work on /opt/airflow/dags/flights-pipeline.py
[2026-08-13T00:10:04.115+0000] {processor.py:830} INFO - Processing file /opt/airflow/dags/flights-pipeline.py for tasks to queue
[2026-08-13T00:10:04.116+0000] {logging_mixin.py:188} INFO - [2026-08-13T00:10:04.116+0000] {dagbag.py:545} INFO - Filling up the DagBag from /opt/airflow/dags/flights-pipeline.py
[2026-08-13T00:10:04.954+0000] {processor.py:840} INFO - DAG(s) 'flights_ops_medallion_pipe' retrieved from /opt/airflow/dags/flights-pipeline.py
[2026-08-13T00:10:04.984+0000] {logging_mixin.py:188} INFO - [2026-08-13T00:10:04.984+0000] {dag.py:3089} INFO - Sync 1 DAGs
[2026-08-13T00:10:05.008+0000] {logging_mixin.py:188} INFO - [2026-08-13T00:10:05.008+0000] {dag.py:3947} INFO - Setting next_dagrun for flights_ops_medallion_pipe to 2026-08-13 00:00:00+00:00, run_after=2026-08-13 00:30:00+00:00
[2026-08-13T00:10:05.034+0000] {processor.py:183} INFO - Processing /opt/airflow/dags/flights-pipeline.py took 0.927 seconds
[2026-08-13T00:10:35.329+0000] {processor.py:161} INFO - Started process (PID=1787) to work on /opt/airflow/dags/flights-pipeline.py
[2026-08-13T00:10:35.330+0000] {processor.py:830} INFO - Processing file /opt/airflow/dags/flights-pipeline.py for tasks to queue
[2026-08-13T00:10:35.331+0000] {logging_mixin.py:188} INFO - [2026-08-13T00:10:35.331+0000] {dagbag.py:545} INFO - Filling up the DagBag from /opt/airflow/dags/flights-pipeline.py
[2026-08-13T00:10:36.164+0000] {processor.py:840} INFO - DAG(s) 'flights_ops_medallion_pipe' retrieved from /opt/airflow/dags/flights-pipeline.py
[2026-08-13T00:10:36.203+0000] {logging_mixin.py:188} INFO - [2026-08-13T00:10:36.202+0000] {dag.py:3089} INFO - Sync 1 DAGs
[2026-08-13T00:10:36.241+0000] {logging_mixin.py:188} INFO - [2026-08-13T00:10:36.241+0000] {dag.py:3947} INFO - Setting next_dagrun for flights_ops_medallion_pipe to 2026-08-13 00:00:00+00:00, run_after=2026-08-13 00:30:00+00:00
[2026-08-13T00:10:36.271+0000] {processor.py:183} INFO - Processing /opt/airflow/dags/flights-pipeline.py took 0.949 seconds
[2026-08-13T00:11:06.564+0000] {processor.py:161} INFO - Started process (PID=1790) to work on /opt/airflow/dags/flights-pipeline.py
[2026-08-13T00:11:06.565+0000] {processor.py:830} INFO - Processing file /opt/airflow/dags/flights-pipeline.py for tasks to queue
[2026-08-13T00:11:06.567+0000] {logging_mixin.py:188} INFO - [2026-08-13T00:11:06.566+0000] {dagbag.py:545} INFO - Filling up the DagBag from /opt/airflow/dags/flights-pipeline.py
[2026-08-13T00:11:07.408+0000] {processor.py:840} INFO - DAG(s) 'flights_ops_medallion_pipe' retrieved from /opt/airflow/dags/flights-pipeline.py
[2026-08-13T00:11:07.439+0000] {logging_mixin.py:188} INFO - [2026-08-13T00:11:07.439+0000] {dag.py:3089} INFO - Sync 1 DAGs
[2026-08-13T00:11:07.462+0000] {logging_mixin.py:188} INFO - [2026-08-13T00:11:07.462+0000] {dag.py:3947} INFO - Setting next_dagrun for flights_ops_medallion_pipe to 2026-08-13 00:00:00+00:00, run_after=2026-08-13 00:30:00+00:00
[2026-08-13T00:11:07.488+0000] {processor.py:183} INFO - Processing /opt/airflow/dags/flights-pipeline.py took 0.931 seconds
[2026-08-13T00:11:37.773+0000] {processor.py:161} INFO - Started process (PID=1793) to work on /opt/airflow/dags/flights-pipeline.py
[2026-08-13T00:11:37.775+0000] {processor.py:830} INFO - Processing file /opt/airflow/dags/flights-pipeline.py for tasks to queue
[2026-08-13T00:11:37.777+0000] {logging_mixin.py:188} INFO - [2026-08-13T00:11:37.776+0000] {dagbag.py:545} INFO - Filling up the DagBag from /opt/airflow/dags/flights-pipeline.py
[2026-08-13T00:11:38.600+0000] {processor.py:840} INFO - DAG(s) 'flights_ops_medallion_pipe' retrieved from /opt/airflow/dags/flights-pipeline.py
[2026-08-13T00:11:38.631+0000] {logging_mixin.py:188} INFO - [2026-08-13T00:11:38.630+0000] {dag.py:3089} INFO - Sync 1 DAGs
[2026-08-13T00:11:38.654+0000] {logging_mixin.py:188} INFO - [2026-08-13T00:11:38.654+0000] {dag.py:3947} INFO - Setting next_dagrun for flights_ops_medallion_pipe to 2026-08-13 00:00:00+00:00, run_after=2026-08-13 00:30:00+00:00
[2026-08-13T00:11:38.679+0000] {processor.py:183} INFO - Processing /opt/airflow/dags/flights-pipeline.py took 0.913 seconds
[2026-08-13T00:12:09.031+0000] {processor.py:161} INFO - Started process (PID=1796) to work on /opt/airflow/dags/flights-pipeline.py
[2026-08-13T00:12:09.032+0000] {processor.py:830} INFO - Processing file /opt/airflow/dags/flights-pipeline.py for tasks to queue
[2026-08-13T00:12:09.034+0000] {logging_mixin.py:188} INFO - [2026-08-13T00:12:09.033+0000] {dagbag.py:545} INFO - Filling up the DagBag from /opt/airflow/dags/flights-pipeline.py
[2026-08-13T00:12:09.838+0000] {processor.py:840} INFO - DAG(s) 'flights_ops_medallion_pipe' retrieved from /opt/airflow/dags/flights-pipeline.py
[2026-08-13T00:12:09.867+0000] {logging_mixin.py:188} INFO - [2026-08-13T00:12:09.867+0000] {dag.py:3089} INFO - Sync 1 DAGs
[2026-08-13T00:12:09.890+0000] {logging_mixin.py:188} INFO - [2026-08-13T00:12:09.890+0000] {dag.py:3947} INFO - Setting next_dagrun for flights_ops_medallion_pipe to 2026-08-13 00:00:00+00:00, run_after=2026-08-13 00:30:00+00:00
[2026-08-13T00:12:09.917+0000] {processor.py:183} INFO - Processing /opt/airflow/dags/flights-pipeline.py took 0.893 seconds
[2026-08-13T00:12:40.212+0000] {processor.py:161} INFO - Started process (PID=1799) to work on /opt/airflow/dags/flights-pipeline.py
[2026-08-13T00:12:40.213+0000] {processor.py:830} INFO - Processing file /opt/airflow/dags/flights-pipeline.py for tasks to queue
[2026-08-13T00:12:40.216+0000] {logging_mixin.py:188} INFO - [2026-08-13T00:12:40.215+0000] {dagbag.py:545} INFO - Filling up the DagBag from /opt/airflow/dags/flights-pipeline.py
[2026-08-13T00:12:41.017+0000] {processor.py:840} INFO - DAG(s) 'flights_ops_medallion_pipe' retrieved from /opt/airflow/dags/flights-pipeline.py
[2026-08-13T00:12:41.049+0000] {logging_mixin.py:188} INFO - [2026-08-13T00:12:41.049+0000] {dag.py:3089} INFO - Sync 1 DAGs
[2026-08-13T00:12:41.087+0000] {logging_mixin.py:188} INFO - [2026-08-13T00:12:41.087+0000] {dag.py:3947} INFO - Setting next_dagrun for flights_ops_medallion_pipe to 2026-08-13 00:00:00+00:00, run_after=2026-08-13 00:30:00+00:00
[2026-08-13T00:12:41.114+0000] {processor.py:183} INFO - Processing /opt/airflow/dags/flights-pipeline.py took 0.909 seconds
[2026-08-13T00:13:11.400+0000] {processor.py:161} INFO - Started process (PID=1802) to work on /opt/airflow/dags/flights-pipeline.py
[2026-08-13T00:13:11.401+0000] {processor.py:830} INFO - Processing file /opt/airflow/dags/flights-pipeline.py for tasks to queue
[2026-08-13T00:13:11.403+0000] {logging_mixin.py:188} INFO - [2026-08-13T00:13:11.402+0000] {dagbag.py:545} INFO - Filling up the DagBag from /opt/airflow/dags/flights-pipeline.py
[2026-08-13T00:13:12.254+0000] {processor.py:840} INFO - DAG(s) 'flights_ops_medallion_pipe' retrieved from /opt/airflow/dags/flights-pipeline.py
[2026-08-13T00:13:12.290+0000] {logging_mixin.py:188} INFO - [2026-08-13T00:13:12.289+0000] {dag.py:3089} INFO - Sync 1 DAGs
[2026-08-13T00:13:12.315+0000] {logging_mixin.py:188} INFO - [2026-08-13T00:13:12.314+0000] {dag.py:3947} INFO - Setting next_dagrun for flights_ops_medallion_pipe to 2026-08-13 00:00:00+00:00, run_after=2026-08-13 00:30:00+00:00
[2026-08-13T00:13:12.353+0000] {processor.py:183} INFO - Processing /opt/airflow/dags/flights-pipeline.py took 0.960 seconds
[2026-08-13T00:13:42.631+0000] {processor.py:161} INFO - Started process (PID=1805) to work on /opt/airflow/dags/flights-pipeline.py
[2026-08-13T00:13:42.632+0000] {processor.py:830} INFO - Processing file /opt/airflow/dags/flights-pipeline.py for tasks to queue
[2026-08-13T00:13:42.633+0000] {logging_mixin.py:188} INFO - [2026-08-13T00:13:42.633+0000] {dagbag.py:545} INFO - Filling up the DagBag from /opt/airflow/dags/flights-pipeline.py
[2026-08-13T00:13:43.425+0000] {processor.py:840} INFO - DAG(s) 'flights_ops_medallion_pipe' retrieved from /opt/airflow/dags/flights-pipeline.py
[2026-08-13T00:13:43.457+0000] {logging_mixin.py:188} INFO - [2026-08-13T00:13:43.456+0000] {dag.py:3089} INFO - Sync 1 DAGs
[2026-08-13T00:13:43.481+0000] {logging_mixin.py:188} INFO - [2026-08-13T00:13:43.481+0000] {dag.py:3947} INFO - Setting next_dagrun for flights_ops_medallion_pipe to 2026-08-13 00:00:00+00:00, run_after=2026-08-13 00:30:00+00:00
[2026-08-13T00:13:43.504+0000] {processor.py:183} INFO - Processing /opt/airflow/dags/flights-pipeline.py took 0.880 seconds
[2026-08-13T00:14:13.801+0000] {processor.py:161} INFO - Started process (PID=1808) to work on /opt/airflow/dags/flights-pipeline.py
[2026-08-13T00:14:13.802+0000] {processor.py:830} INFO - Processing file /opt/airflow/dags/flights-pipeline.py for tasks to queue
[2026-08-13T00:14:13.803+0000] {logging_mixin.py:188} INFO - [2026-08-13T00:14:13.803+0000] {dagbag.py:545} INFO - Filling up the DagBag from /opt/airflow/dags/flights-pipeline.py
[2026-08-13T00:14:15.173+0000] {processor.py:840} INFO - DAG(s) 'flights_ops_medallion_pipe' retrieved from /opt/airflow/dags/flights-pipeline.py
[2026-08-13T00:14:15.202+0000] {logging_mixin.py:188} INFO - [2026-08-13T00:14:15.200+0000] {dag.py:3089} INFO - Sync 1 DAGs
[2026-08-13T00:14:15.224+0000] {logging_mixin.py:188} INFO - [2026-08-13T00:14:15.224+0000] {dag.py:3947} INFO - Setting next_dagrun for flights_ops_medallion_pipe to 2026-08-13 00:00:00+00:00, run_after=2026-08-13 00:30:00+00:00
[2026-08-13T00:14:15.246+0000] {processor.py:183} INFO - Processing /opt/airflow/dags/flights-pipeline.py took 1.453 seconds
[2026-08-13T00:14:45.503+0000] {processor.py:161} INFO - Started process (PID=1811) to work on /opt/airflow/dags/flights-pipeline.py
[2026-08-13T00:14:45.505+0000] {processor.py:830} INFO - Processing file /opt/airflow/dags/flights-pipeline.py for tasks to queue
[2026-08-13T00:14:45.507+0000] {logging_mixin.py:188} INFO - [2026-08-13T00:14:45.506+0000] {dagbag.py:545} INFO - Filling up the DagBag from /opt/airflow/dags/flights-pipeline.py
[2026-08-13T00:14:46.365+0000] {processor.py:840} INFO - DAG(s) 'flights_ops_medallion_pipe' retrieved from /opt/airflow/dags/flights-pipeline.py
[2026-08-13T00:14:46.404+0000] {logging_mixin.py:188} INFO - [2026-08-13T00:14:46.403+0000] {dag.py:3089} INFO - Sync 1 DAGs
[2026-08-13T00:14:46.447+0000] {logging_mixin.py:188} INFO - [2026-08-13T00:14:46.446+0000] {dag.py:3947} INFO - Setting next_dagrun for flights_ops_medallion_pipe to 2026-08-13 00:00:00+00:00, run_after=2026-08-13 00:30:00+00:00
[2026-08-13T00:14:46.471+0000] {processor.py:183} INFO - Processing /opt/airflow/dags/flights-pipeline.py took 0.976 seconds
[2026-08-13T00:15:16.768+0000] {processor.py:161} INFO - Started process (PID=1814) to work on /opt/airflow/dags/flights-pipeline.py
[2026-08-13T00:15:16.769+0000] {processor.py:830} INFO - Processing file /opt/airflow/dags/flights-pipeline.py for tasks to queue
[2026-08-13T00:15:16.771+0000] {logging_mixin.py:188} INFO - [2026-08-13T00:15:16.770+0000] {dagbag.py:545} INFO - Filling up the DagBag from /opt/airflow/dags/flights-pipeline.py
[2026-08-13T00:15:17.608+0000] {processor.py:840} INFO - DAG(s) 'flights_ops_medallion_pipe' retrieved from /opt/airflow/dags/flights-pipeline.py
[2026-08-13T00:15:17.638+0000] {logging_mixin.py:188} INFO - [2026-08-13T00:15:17.637+0000] {dag.py:3089} INFO - Sync 1 DAGs
[2026-08-13T00:15:17.663+0000] {logging_mixin.py:188} INFO - [2026-08-13T00:15:17.663+0000] {dag.py:3947} INFO - Setting next_dagrun for flights_ops_medallion_pipe to 2026-08-13 00:00:00+00:00, run_after=2026-08-13 00:30:00+00:00
[2026-08-13T00:15:17.686+0000] {processor.py:183} INFO - Processing /opt/airflow/dags/flights-pipeline.py took 0.926 seconds
[2026-08-13T00:15:47.987+0000] {processor.py:161} INFO - Started process (PID=1817) to work on /opt/airflow/dags/flights-pipeline.py
[2026-08-13T00:15:47.988+0000] {processor.py:830} INFO - Processing file /opt/airflow/dags/flights-pipeline.py for tasks to queue
[2026-08-13T00:15:47.989+0000] {logging_mixin.py:188} INFO - [2026-08-13T00:15:47.989+0000] {dagbag.py:545} INFO - Filling up the DagBag from /opt/airflow/dags/flights-pipeline.py
[2026-08-13T00:15:48.930+0000] {processor.py:840} INFO - DAG(s) 'flights_ops_medallion_pipe' retrieved from /opt/airflow/dags/flights-pipeline.py
[2026-08-13T00:15:48.969+0000] {logging_mixin.py:188} INFO - [2026-08-13T00:15:48.968+0000] {dag.py:3089} INFO - Sync 1 DAGs
[2026-08-13T00:15:49.010+0000] {logging_mixin.py:188} INFO - [2026-08-13T00:15:49.009+0000] {dag.py:3947} INFO - Setting next_dagrun for flights_ops_medallion_pipe to 2026-08-13 00:00:00+00:00, run_after=2026-08-13 00:30:00+00:00
[2026-08-13T00:15:49.041+0000] {processor.py:183} INFO - Processing /opt/airflow/dags/flights-pipeline.py took 1.061 seconds
[2026-08-13T00:16:19.245+0000] {processor.py:161} INFO - Started process (PID=1820) to work on /opt/airflow/dags/flights-pipeline.py
[2026-08-13T00:16:19.246+0000] {processor.py:830} INFO - Processing file /opt/airflow/dags/flights-pipeline.py for tasks to queue
[2026-08-13T00:16:19.248+0000] {logging_mixin.py:188} INFO - [2026-08-13T00:16:19.248+0000] {dagbag.py:545} INFO - Filling up the DagBag from /opt/airflow/dags/flights-pipeline.py
[2026-08-13T00:16:20.221+0000] {processor.py:840} INFO - DAG(s) 'flights_ops_medallion_pipe' retrieved from /opt/airflow/dags/flights-pipeline.py
[2026-08-13T00:16:20.266+0000] {logging_mixin.py:188} INFO - [2026-08-13T00:16:20.265+0000] {dag.py:3089} INFO - Sync 1 DAGs
[2026-08-13T00:16:20.292+0000] {logging_mixin.py:188} INFO - [2026-08-13T00:16:20.291+0000] {dag.py:3947} INFO - Setting next_dagrun for flights_ops_medallion_pipe to 2026-08-13 00:00:00+00:00, run_after=2026-08-13 00:30:00+00:00
[2026-08-13T00:16:20.316+0000] {processor.py:183} INFO - Processing /opt/airflow/dags/flights-pipeline.py took 1.080 seconds
[2026-08-13T00:16:50.557+0000] {processor.py:161} INFO - Started process (PID=1823) to work on /opt/airflow/dags/flights-pipeline.py
[2026-08-13T00:16:50.559+0000] {processor.py:830} INFO - Processing file /opt/airflow/dags/flights-pipeline.py for tasks to queue
[2026-08-13T00:16:50.561+0000] {logging_mixin.py:188} INFO - [2026-08-13T00:16:50.560+0000] {dagbag.py:545} INFO - Filling up the DagBag from /opt/airflow/dags/flights-pipeline.py
[2026-08-13T00:16:51.400+0000] {processor.py:840} INFO - DAG(s) 'flights_ops_medallion_pipe' retrieved from /opt/airflow/dags/flights-pipeline.py
[2026-08-13T00:16:51.431+0000] {logging_mixin.py:188} INFO - [2026-08-13T00:16:51.430+0000] {dag.py:3089} INFO - Sync 1 DAGs
[2026-08-13T00:16:51.456+0000] {logging_mixin.py:188} INFO - [2026-08-13T00:16:51.456+0000] {dag.py:3947} INFO - Setting next_dagrun for flights_ops_medallion_pipe to 2026-08-13 00:00:00+00:00, run_after=2026-08-13 00:30:00+00:00
[2026-08-13T00:16:51.480+0000] {processor.py:183} INFO - Processing /opt/airflow/dags/flights-pipeline.py took 0.930 seconds
[2026-08-13T00:17:21.769+0000] {processor.py:161} INFO - Started process (PID=1826) to work on /opt/airflow/dags/flights-pipeline.py
[2026-08-13T00:17:21.770+0000] {processor.py:830} INFO - Processing file /opt/airflow/dags/flights-pipeline.py for tasks to queue
[2026-08-13T00:17:21.772+0000] {logging_mixin.py:188} INFO - [2026-08-13T00:17:21.771+0000] {dagbag.py:545} INFO - Filling up the DagBag from /opt/airflow/dags/flights-pipeline.py
[2026-08-13T00:17:22.596+0000] {processor.py:840} INFO - DAG(s) 'flights_ops_medallion_pipe' retrieved from /opt/airflow/dags/flights-pipeline.py
[2026-08-13T00:17:22.629+0000] {logging_mixin.py:188} INFO - [2026-08-13T00:17:22.627+0000] {dag.py:3089} INFO - Sync 1 DAGs
[2026-08-13T00:17:22.652+0000] {logging_mixin.py:188} INFO - [2026-08-13T00:17:22.652+0000] {dag.py:3947} INFO - Setting next_dagrun for flights_ops_medallion_pipe to 2026-08-13 00:00:00+00:00, run_after=2026-08-13 00:30:00+00:00
[2026-08-13T00:17:22.679+0000] {processor.py:183} INFO - Processing /opt/airflow/dags/flights-pipeline.py took 0.916 seconds
[2026-08-13T00:17:52.962+0000] {processor.py:161} INFO - Started process (PID=1829) to work on /opt/airflow/dags/flights-pipeline.py
[2026-08-13T00:17:52.963+0000] {processor.py:830} INFO - Processing file /opt/airflow/dags/flights-pipeline.py for tasks to queue
[2026-08-13T00:17:52.965+0000] {logging_mixin.py:188} INFO - [2026-08-13T00:17:52.964+0000] {dagbag.py:545} INFO - Filling up the DagBag from /opt/airflow/dags/flights-pipeline.py
[2026-08-13T00:17:53.797+0000] {processor.py:840} INFO - DAG(s) 'flights_ops_medallion_pipe' retrieved from /opt/airflow/dags/flights-pipeline.py
[2026-08-13T00:17:53.829+0000] {logging_mixin.py:188} INFO - [2026-08-13T00:17:53.829+0000] {dag.py:3089} INFO - Sync 1 DAGs
[2026-08-13T00:17:53.854+0000] {logging_mixin.py:188} INFO - [2026-08-13T00:17:53.854+0000] {dag.py:3947} INFO - Setting next_dagrun for flights_ops_medallion_pipe to 2026-08-13 00:00:00+00:00, run_after=2026-08-13 00:30:00+00:00
[2026-08-13T00:17:53.878+0000] {processor.py:183} INFO - Processing /opt/airflow/dags/flights-pipeline.py took 0.923 seconds
[2026-08-13T00:18:24.163+0000] {processor.py:161} INFO - Started process (PID=1832) to work on /opt/airflow/dags/flights-pipeline.py
[2026-08-13T00:18:24.165+0000] {processor.py:830} INFO - Processing file /opt/airflow/dags/flights-pipeline.py for tasks to queue
[2026-08-13T00:18:24.166+0000] {logging_mixin.py:188} INFO - [2026-08-13T00:18:24.166+0000] {dagbag.py:545} INFO - Filling up the DagBag from /opt/airflow/dags/flights-pipeline.py
[2026-08-13T00:18:25.065+0000] {processor.py:840} INFO - DAG(s) 'flights_ops_medallion_pipe' retrieved from /opt/airflow/dags/flights-pipeline.py
[2026-08-13T00:18:25.101+0000] {logging_mixin.py:188} INFO - [2026-08-13T00:18:25.101+0000] {dag.py:3089} INFO - Sync 1 DAGs
[2026-08-13T00:18:25.125+0000] {logging_mixin.py:188} INFO - [2026-08-13T00:18:25.125+0000] {dag.py:3947} INFO - Setting next_dagrun for flights_ops_medallion_pipe to 2026-08-13 00:00:00+00:00, run_after=2026-08-13 00:30:00+00:00
[2026-08-13T00:18:25.151+0000] {processor.py:183} INFO - Processing /opt/airflow/dags/flights-pipeline.py took 0.996 seconds
[2026-08-13T00:18:55.443+0000] {processor.py:161} INFO - Started process (PID=1835) to work on /opt/airflow/dags/flights-pipeline.py
[2026-08-13T00:18:55.446+0000] {processor.py:830} INFO - Processing file /opt/airflow/dags/flights-pipeline.py for tasks to queue
[2026-08-13T00:18:55.448+0000] {logging_mixin.py:188} INFO - [2026-08-13T00:18:55.447+0000] {dagbag.py:545} INFO - Filling up the DagBag from /opt/airflow/dags/flights-pipeline.py
[2026-08-13T00:18:56.425+0000] {processor.py:840} INFO - DAG(s) 'flights_ops_medallion_pipe' retrieved from /opt/airflow/dags/flights-pipeline.py
[2026-08-13T00:18:56.461+0000] {logging_mixin.py:188} INFO - [2026-08-13T00:18:56.460+0000] {dag.py:3089} INFO - Sync 1 DAGs
[2026-08-13T00:18:56.484+0000] {logging_mixin.py:188} INFO - [2026-08-13T00:18:56.484+0000] {dag.py:3947} INFO - Setting next_dagrun for flights_ops_medallion_pipe to 2026-08-13 00:00:00+00:00, run_after=2026-08-13 00:30:00+00:00
[2026-08-13T00:18:56.517+0000] {processor.py:183} INFO - Processing /opt/airflow/dags/flights-pipeline.py took 1.087 seconds
[2026-08-13T00:19:26.854+0000] {processor.py:161} INFO - Started process (PID=1838) to work on /opt/airflow/dags/flights-pipeline.py
[2026-08-13T00:19:26.855+0000] {processor.py:830} INFO - Processing file /opt/airflow/dags/flights-pipeline.py for tasks to queue
[2026-08-13T00:19:26.857+0000] {logging_mixin.py:188} INFO - [2026-08-13T00:19:26.857+0000] {dagbag.py:545} INFO - Filling up the DagBag from /opt/airflow/dags/flights-pipeline.py
[2026-08-13T00:19:27.792+0000] {processor.py:840} INFO - DAG(s) 'flights_ops_medallion_pipe' retrieved from /opt/airflow/dags/flights-pipeline.py
[2026-08-13T00:19:27.823+0000] {logging_mixin.py:188} INFO - [2026-08-13T00:19:27.822+0000] {dag.py:3089} INFO - Sync 1 DAGs
[2026-08-13T00:19:27.847+0000] {logging_mixin.py:188} INFO - [2026-08-13T00:19:27.847+0000] {dag.py:3947} INFO - Setting next_dagrun for flights_ops_medallion_pipe to 2026-08-13 00:00:00+00:00, run_after=2026-08-13 00:30:00+00:00
[2026-08-13T00:19:27.872+0000] {processor.py:183} INFO - Processing /opt/airflow/dags/flights-pipeline.py took 1.040 seconds
[2026-08-13T00:19:58.073+0000] {processor.py:161} INFO - Started process (PID=1841) to work on /opt/airflow/dags/flights-pipeline.py
[2026-08-13T00:19:58.074+0000] {processor.py:830} INFO - Processing file /opt/airflow/dags/flights-pipeline.py for tasks to queue
[2026-08-13T00:19:58.076+0000] {logging_mixin.py:188} INFO - [2026-08-13T00:19:58.075+0000] {dagbag.py:545} INFO - Filling up the DagBag from /opt/airflow/dags/flights-pipeline.py
[2026-08-13T00:19:58.991+0000] {processor.py:840} INFO - DAG(s) 'flights_ops_medallion_pipe' retrieved from /opt/airflow/dags/flights-pipeline.py
[2026-08-13T00:19:59.022+0000] {logging_mixin.py:188} INFO - [2026-08-13T00:19:59.021+0000] {dag.py:3089} INFO - Sync 1 DAGs
[2026-08-13T00:19:59.044+0000] {logging_mixin.py:188} INFO - [2026-08-13T00:19:59.044+0000] {dag.py:3947} INFO - Setting next_dagrun for flights_ops_medallion_pipe to 2026-08-13 00:00:00+00:00, run_after=2026-08-13 00:30:00+00:00
[2026-08-13T00:19:59.068+0000] {processor.py:183} INFO - Processing /opt/airflow/dags/flights-pipeline.py took 1.003 seconds
[2026-08-13T00:20:29.321+0000] {processor.py:161} INFO - Started process (PID=1844) to work on /opt/airflow/dags/flights-pipeline.py
[2026-08-13T00:20:29.323+0000] {processor.py:830} INFO - Processing file /opt/airflow/dags/flights-pipeline.py for tasks to queue
[2026-08-13T00:20:29.326+0000] {logging_mixin.py:188} INFO - [2026-08-13T00:20:29.325+0000] {dagbag.py:545} INFO - Filling up the DagBag from /opt/airflow/dags/flights-pipeline.py
[2026-08-13T00:20:30.277+0000] {processor.py:840} INFO - DAG(s) 'flights_ops_medallion_pipe' retrieved from /opt/airflow/dags/flights-pipeline.py
[2026-08-13T00:20:30.314+0000] {logging_mixin.py:188} INFO - [2026-08-13T00:20:30.314+0000] {dag.py:3089} INFO - Sync 1 DAGs
[2026-08-13T00:20:30.339+0000] {logging_mixin.py:188} INFO - [2026-08-13T00:20:30.339+0000] {dag.py:3947} INFO - Setting next_dagrun for flights_ops_medallion_pipe to 2026-08-13 00:00:00+00:00, run_after=2026-08-13 00:30:00+00:00
[2026-08-13T00:20:30.365+0000] {processor.py:183} INFO - Processing /opt/airflow/dags/flights-pipeline.py took 1.066 seconds
[2026-08-13T00:21:00.611+0000] {processor.py:161} INFO - Started process (PID=1847) to work on /opt/airflow/dags/flights-pipeline.py
[2026-08-13T00:21:00.612+0000] {processor.py:830} INFO - Processing file /opt/airflow/dags/flights-pipeline.py for tasks to queue
[2026-08-13T00:21:00.614+0000] {logging_mixin.py:188} INFO - [2026-08-13T00:21:00.614+0000] {dagbag.py:545} INFO - Filling up the DagBag from /opt/airflow/dags/flights-pipeline.py
[2026-08-13T00:21:01.433+0000] {processor.py:840} INFO - DAG(s) 'flights_ops_medallion_pipe' retrieved from /opt/airflow/dags/flights-pipeline.py
[2026-08-13T00:21:01.463+0000] {logging_mixin.py:188} INFO - [2026-08-13T00:21:01.462+0000] {dag.py:3089} INFO - Sync 1 DAGs
[2026-08-13T00:21:01.486+0000] {logging_mixin.py:188} INFO - [2026-08-13T00:21:01.485+0000] {dag.py:3947} INFO - Setting next_dagrun for flights_ops_medallion_pipe to 2026-08-13 00:00:00+00:00, run_after=2026-08-13 00:30:00+00:00
[2026-08-13T00:21:01.510+0000] {processor.py:183} INFO - Processing /opt/airflow/dags/flights-pipeline.py took 0.911 seconds
[2026-08-13T00:21:31.807+0000] {processor.py:161} INFO - Started process (PID=1850) to work on /opt/airflow/dags/flights-pipeline.py
[2026-08-13T00:21:31.808+0000] {processor.py:830} INFO - Processing file /opt/airflow/dags/flights-pipeline.py for tasks to queue
[2026-08-13T00:21:31.810+0000] {logging_mixin.py:188} INFO - [2026-08-13T00:21:31.809+0000] {dagbag.py:545} INFO - Filling up the DagBag from /opt/airflow/dags/flights-pipeline.py
[2026-08-13T00:21:32.804+0000] {processor.py:840} INFO - DAG(s) 'flights_ops_medallion_pipe' retrieved from /opt/airflow/dags/flights-pipeline.py
[2026-08-13T00:21:32.831+0000] {logging_mixin.py:188} INFO - [2026-08-13T00:21:32.831+0000] {dag.py:3089} INFO - Sync 1 DAGs
[2026-08-13T00:21:32.854+0000] {logging_mixin.py:188} INFO - [2026-08-13T00:21:32.854+0000] {dag.py:3947} INFO - Setting next_dagrun for flights_ops_medallion_pipe to 2026-08-13 00:00:00+00:00, run_after=2026-08-13 00:30:00+00:00
[2026-08-13T00:21:32.880+0000] {processor.py:183} INFO - Processing /opt/airflow/dags/flights-pipeline.py took 1.080 seconds
[2026-08-13T00:22:03.096+0000] {processor.py:161} INFO - Started process (PID=1853) to work on /opt/airflow/dags/flights-pipeline.py
[2026-08-13T00:22:03.097+0000] {processor.py:830} INFO - Processing file /opt/airflow/dags/flights-pipeline.py for tasks to queue
[2026-08-13T00:22:03.099+0000] {logging_mixin.py:188} INFO - [2026-08-13T00:22:03.098+0000] {dagbag.py:545} INFO - Filling up the DagBag from /opt/airflow/dags/flights-pipeline.py
[2026-08-13T00:22:03.996+0000] {processor.py:840} INFO - DAG(s) 'flights_ops_medallion_pipe' retrieved from /opt/airflow/dags/flights-pipeline.py
[2026-08-13T00:22:04.024+0000] {logging_mixin.py:188} INFO - [2026-08-13T00:22:04.024+0000] {dag.py:3089} INFO - Sync 1 DAGs
[2026-08-13T00:22:04.047+0000] {logging_mixin.py:188} INFO - [2026-08-13T00:22:04.046+0000] {dag.py:3947} INFO - Setting next_dagrun for flights_ops_medallion_pipe to 2026-08-13 00:00:00+00:00, run_after=2026-08-13 00:30:00+00:00
[2026-08-13T00:22:04.075+0000] {processor.py:183} INFO - Processing /opt/airflow/dags/flights-pipeline.py took 0.989 seconds
[2026-08-13T00:22:34.342+0000] {processor.py:161} INFO - Started process (PID=1856) to work on /opt/airflow/dags/flights-pipeline.py
[2026-08-13T00:22:34.343+0000] {processor.py:830} INFO - Processing file /opt/airflow/dags/flights-pipeline.py for tasks to queue
[2026-08-13T00:22:34.345+0000] {logging_mixin.py:188} INFO - [2026-08-13T00:22:34.344+0000] {dagbag.py:545} INFO - Filling up the DagBag from /opt/airflow/dags/flights-pipeline.py
[2026-08-13T00:22:35.252+0000] {processor.py:840} INFO - DAG(s) 'flights_ops_medallion_pipe' retrieved from /opt/airflow/dags/flights-pipeline.py
[2026-08-13T00:22:35.282+0000] {logging_mixin.py:188} INFO - [2026-08-13T00:22:35.281+0000] {dag.py:3089} INFO - Sync 1 DAGs
[2026-08-13T00:22:35.308+0000] {logging_mixin.py:188} INFO - [2026-08-13T00:22:35.307+0000] {dag.py:3947} INFO - Setting next_dagrun for flights_ops_medallion_pipe to 2026-08-13 00:00:00+00:00, run_after=2026-08-13 00:30:00+00:00
[2026-08-13T00:22:35.335+0000] {processor.py:183} INFO - Processing /opt/airflow/dags/flights-pipeline.py took 1.001 seconds
[2026-08-13T00:23:05.593+0000] {processor.py:161} INFO - Started process (PID=1859) to work on /opt/airflow/dags/flights-pipeline.py
[2026-08-13T00:23:05.595+0000] {processor.py:830} INFO - Processing file /opt/airflow/dags/flights-pipeline.py for tasks to queue
[2026-08-13T00:23:05.598+0000] {logging_mixin.py:188} INFO - [2026-08-13T00:23:05.597+0000] {dagbag.py:545} INFO - Filling up the DagBag from /opt/airflow/dags/flights-pipeline.py
[2026-08-13T00:23:06.388+0000] {processor.py:840} INFO - DAG(s) 'flights_ops_medallion_pipe' retrieved from /opt/airflow/dags/flights-pipeline.py
[2026-08-13T00:23:06.419+0000] {logging_mixin.py:188} INFO - [2026-08-13T00:23:06.419+0000] {dag.py:3089} INFO - Sync 1 DAGs
[2026-08-13T00:23:06.443+0000] {logging_mixin.py:188} INFO - [2026-08-13T00:23:06.443+0000] {dag.py:3947} INFO - Setting next_dagrun for flights_ops_medallion_pipe to 2026-08-13 00:00:00+00:00, run_after=2026-08-13 00:30:00+00:00
[2026-08-13T00:23:06.466+0000] {processor.py:183} INFO - Processing /opt/airflow/dags/flights-pipeline.py took 0.881 seconds
[2026-08-13T00:23:36.867+0000] {processor.py:161} INFO - Started process (PID=1862) to work on /opt/airflow/dags/flights-pipeline.py
[2026-08-13T00:23:36.869+0000] {processor.py:830} INFO - Processing file /opt/airflow/dags/flights-pipeline.py for tasks to queue
[2026-08-13T00:23:36.871+0000] {logging_mixin.py:188} INFO - [2026-08-13T00:23:36.870+0000] {dagbag.py:545} INFO - Filling up the DagBag from /opt/airflow/dags/flights-pipeline.py
[2026-08-13T00:23:37.718+0000] {processor.py:840} INFO - DAG(s) 'flights_ops_medallion_pipe' retrieved from /opt/airflow/dags/flights-pipeline.py
[2026-08-13T00:23:37.753+0000] {logging_mixin.py:188} INFO - [2026-08-13T00:23:37.752+0000] {dag.py:3089} INFO - Sync 1 DAGs
[2026-08-13T00:23:37.775+0000] {logging_mixin.py:188} INFO - [2026-08-13T00:23:37.774+0000] {dag.py:3947} INFO - Setting next_dagrun for flights_ops_medallion_pipe to 2026-08-13 00:00:00+00:00, run_after=2026-08-13 00:30:00+00:00
[2026-08-13T00:23:37.799+0000] {processor.py:183} INFO - Processing /opt/airflow/dags/flights-pipeline.py took 0.943 seconds
[2026-08-13T00:24:08.080+0000] {processor.py:161} INFO - Started process (PID=1865) to work on /opt/airflow/dags/flights-pipeline.py
[2026-08-13T00:24:08.081+0000] {processor.py:830} INFO - Processing file /opt/airflow/dags/flights-pipeline.py for tasks to queue
[2026-08-13T00:24:08.083+0000] {logging_mixin.py:188} INFO - [2026-08-13T00:24:08.082+0000] {dagbag.py:545} INFO - Filling up the DagBag from /opt/airflow/dags/flights-pipeline.py
[2026-08-13T00:24:08.896+0000] {processor.py:840} INFO - DAG(s) 'flights_ops_medallion_pipe' retrieved from /opt/airflow/dags/flights-pipeline.py
[2026-08-13T00:24:08.930+0000] {logging_mixin.py:188} INFO - [2026-08-13T00:24:08.929+0000] {dag.py:3089} INFO - Sync 1 DAGs
[2026-08-13T00:24:08.955+0000] {logging_mixin.py:188} INFO - [2026-08-13T00:24:08.955+0000] {dag.py:3947} INFO - Setting next_dagrun for flights_ops_medallion_pipe to 2026-08-13 00:00:00+00:00, run_after=2026-08-13 00:30:00+00:00
[2026-08-13T00:24:08.982+0000] {processor.py:183} INFO - Processing /opt/airflow/dags/flights-pipeline.py took 0.910 seconds
[2026-08-13T00:24:39.284+0000] {processor.py:161} INFO - Started process (PID=1868) to work on /opt/airflow/dags/flights-pipeline.py
[2026-08-13T00:24:39.286+0000] {processor.py:830} INFO - Processing file /opt/airflow/dags/flights-pipeline.py for tasks to queue
[2026-08-13T00:24:39.288+0000] {logging_mixin.py:188} INFO - [2026-08-13T00:24:39.287+0000] {dagbag.py:545} INFO - Filling up the DagBag from /opt/airflow/dags/flights-pipeline.py
[2026-08-13T00:24:40.115+0000] {processor.py:840} INFO - DAG(s) 'flights_ops_medallion_pipe' retrieved from /opt/airflow/dags/flights-pipeline.py
[2026-08-13T00:24:40.154+0000] {logging_mixin.py:188} INFO - [2026-08-13T00:24:40.153+0000] {dag.py:3089} INFO - Sync 1 DAGs
[2026-08-13T00:24:40.178+0000] {logging_mixin.py:188} INFO - [2026-08-13T00:24:40.178+0000] {dag.py:3947} INFO - Setting next_dagrun for flights_ops_medallion_pipe to 2026-08-13 00:00:00+00:00, run_after=2026-08-13 00:30:00+00:00
[2026-08-13T00:24:40.202+0000] {processor.py:183} INFO - Processing /opt/airflow/dags/flights-pipeline.py took 0.926 seconds
[2026-08-13T00:25:10.489+0000] {processor.py:161} INFO - Started process (PID=1871) to work on /opt/airflow/dags/flights-pipeline.py
[2026-08-13T00:25:10.490+0000] {processor.py:830} INFO - Processing file /opt/airflow/dags/flights-pipeline.py for tasks to queue
[2026-08-13T00:25:10.492+0000] {logging_mixin.py:188} INFO - [2026-08-13T00:25:10.491+0000] {dagbag.py:545} INFO - Filling up the DagBag from /opt/airflow/dags/flights-pipeline.py
[2026-08-13T00:25:11.281+0000] {processor.py:840} INFO - DAG(s) 'flights_ops_medallion_pipe' retrieved from /opt/airflow/dags/flights-pipeline.py
[2026-08-13T00:25:11.312+0000] {logging_mixin.py:188} INFO - [2026-08-13T00:25:11.311+0000] {dag.py:3089} INFO - Sync 1 DAGs
[2026-08-13T00:25:11.334+0000] {logging_mixin.py:188} INFO - [2026-08-13T00:25:11.334+0000] {dag.py:3947} INFO - Setting next_dagrun for flights_ops_medallion_pipe to 2026-08-13 00:00:00+00:00, run_after=2026-08-13 00:30:00+00:00
[2026-08-13T00:25:11.362+0000] {processor.py:183} INFO - Processing /opt/airflow/dags/flights-pipeline.py took 0.880 seconds
[2026-08-13T00:25:41.645+0000] {processor.py:161} INFO - Started process (PID=1874) to work on /opt/airflow/dags/flights-pipeline.py
[2026-08-13T00:25:41.646+0000] {processor.py:830} INFO - Processing file /opt/airflow/dags/flights-pipeline.py for tasks to queue
[2026-08-13T00:25:41.648+0000] {logging_mixin.py:188} INFO - [2026-08-13T00:25:41.647+0000] {dagbag.py:545} INFO - Filling up the DagBag from /opt/airflow/dags/flights-pipeline.py
[2026-08-13T00:25:42.460+0000] {processor.py:840} INFO - DAG(s) 'flights_ops_medallion_pipe' retrieved from /opt/airflow/dags/flights-pipeline.py
[2026-08-13T00:25:42.490+0000] {logging_mixin.py:188} INFO - [2026-08-13T00:25:42.489+0000] {dag.py:3089} INFO - Sync 1 DAGs
[2026-08-13T00:25:42.514+0000] {logging_mixin.py:188} INFO - [2026-08-13T00:25:42.514+0000] {dag.py:3947} INFO - Setting next_dagrun for flights_ops_medallion_pipe to 2026-08-13 00:00:00+00:00, run_after=2026-08-13 00:30:00+00:00
[2026-08-13T00:25:42.539+0000] {processor.py:183} INFO - Processing /opt/airflow/dags/flights-pipeline.py took 0.902 seconds
[2026-08-13T00:26:12.813+0000] {processor.py:161} INFO - Started process (PID=1877) to work on /opt/airflow/dags/flights-pipeline.py
[2026-08-13T00:26:12.815+0000] {processor.py:830} INFO - Processing file /opt/airflow/dags/flights-pipeline.py for tasks to queue
[2026-08-13T00:26:12.816+0000] {logging_mixin.py:188} INFO - [2026-08-13T00:26:12.816+0000] {dagbag.py:545} INFO - Filling up the DagBag from /opt/airflow/dags/flights-pipeline.py
[2026-08-13T00:26:13.621+0000] {processor.py:840} INFO - DAG(s) 'flights_ops_medallion_pipe' retrieved from /opt/airflow/dags/flights-pipeline.py
[2026-08-13T00:26:13.655+0000] {logging_mixin.py:188} INFO - [2026-08-13T00:26:13.653+0000] {dag.py:3089} INFO - Sync 1 DAGs
[2026-08-13T00:26:13.678+0000] {logging_mixin.py:188} INFO - [2026-08-13T00:26:13.678+0000] {dag.py:3947} INFO - Setting next_dagrun for flights_ops_medallion_pipe to 2026-08-13 00:00:00+00:00, run_after=2026-08-13 00:30:00+00:00
[2026-08-13T00:26:13.704+0000] {processor.py:183} INFO - Processing /opt/airflow/dags/flights-pipeline.py took 0.898 seconds
[2026-08-13T00:26:44.043+0000] {processor.py:161} INFO - Started process (PID=1880) to work on /opt/airflow/dags/flights-pipeline.py
[2026-08-13T00:26:44.045+0000] {processor.py:830} INFO - Processing file /opt/airflow/dags/flights-pipeline.py for tasks to queue
[2026-08-13T00:26:44.047+0000] {logging_mixin.py:188} INFO - [2026-08-13T00:26:44.046+0000] {dagbag.py:545} INFO - Filling up the DagBag from /opt/airflow/dags/flights-pipeline.py
[2026-08-13T00:26:44.876+0000] {processor.py:840} INFO - DAG(s) 'flights_ops_medallion_pipe' retrieved from /opt/airflow/dags/flights-pipeline.py
[2026-08-13T00:26:44.909+0000] {logging_mixin.py:188} INFO - [2026-08-13T00:26:44.908+0000] {dag.py:3089} INFO - Sync 1 DAGs
[2026-08-13T00:26:44.936+0000] {logging_mixin.py:188} INFO - [2026-08-13T00:26:44.936+0000] {dag.py:3947} INFO - Setting next_dagrun for flights_ops_medallion_pipe to 2026-08-13 00:00:00+00:00, run_after=2026-08-13 00:30:00+00:00
[2026-08-13T00:26:44.961+0000] {processor.py:183} INFO - Processing /opt/airflow/dags/flights-pipeline.py took 0.926 seconds
[2026-08-13T00:27:15.253+0000] {processor.py:161} INFO - Started process (PID=1883) to work on /opt/airflow/dags/flights-pipeline.py
[2026-08-13T00:27:15.255+0000] {processor.py:830} INFO - Processing file /opt/airflow/dags/flights-pipeline.py for tasks to queue
[2026-08-13T00:27:15.257+0000] {logging_mixin.py:188} INFO - [2026-08-13T00:27:15.256+0000] {dagbag.py:545} INFO - Filling up the DagBag from /opt/airflow/dags/flights-pipeline.py
[2026-08-13T00:27:16.078+0000] {processor.py:840} INFO - DAG(s) 'flights_ops_medallion_pipe' retrieved from /opt/airflow/dags/flights-pipeline.py
[2026-08-13T00:27:16.126+0000] {logging_mixin.py:188} INFO - [2026-08-13T00:27:16.126+0000] {dag.py:3089} INFO - Sync 1 DAGs
[2026-08-13T00:27:16.166+0000] {logging_mixin.py:188} INFO - [2026-08-13T00:27:16.166+0000] {dag.py:3947} INFO - Setting next_dagrun for flights_ops_medallion_pipe to 2026-08-13 00:00:00+00:00, run_after=2026-08-13 00:30:00+00:00
[2026-08-13T00:27:16.192+0000] {processor.py:183} INFO - Processing /opt/airflow/dags/flights-pipeline.py took 0.946 seconds
[2026-08-13T00:27:46.485+0000] {processor.py:161} INFO - Started process (PID=1886) to work on /opt/airflow/dags/flights-pipeline.py
[2026-08-13T00:27:46.486+0000] {processor.py:830} INFO - Processing file /opt/airflow/dags/flights-pipeline.py for tasks to queue
[2026-08-13T00:27:46.488+0000] {logging_mixin.py:188} INFO - [2026-08-13T00:27:46.487+0000] {dagbag.py:545} INFO - Filling up the DagBag from /opt/airflow/dags/flights-pipeline.py
[2026-08-13T00:27:47.394+0000] {processor.py:840} INFO - DAG(s) 'flights_ops_medallion_pipe' retrieved from /opt/airflow/dags/flights-pipeline.py
[2026-08-13T00:27:47.429+0000] {logging_mixin.py:188} INFO - [2026-08-13T00:27:47.429+0000] {dag.py:3089} INFO - Sync 1 DAGs
[2026-08-13T00:27:47.452+0000] {logging_mixin.py:188} INFO - [2026-08-13T00:27:47.452+0000] {dag.py:3947} INFO - Setting next_dagrun for flights_ops_medallion_pipe to 2026-08-13 00:00:00+00:00, run_after=2026-08-13 00:30:00+00:00
[2026-08-13T00:27:47.478+0000] {processor.py:183} INFO - Processing /opt/airflow/dags/flights-pipeline.py took 1.001 seconds
[2026-08-13T00:28:17.736+0000] {processor.py:161} INFO - Started process (PID=1889) to work on /opt/airflow/dags/flights-pipeline.py
[2026-08-13T00:28:17.737+0000] {processor.py:830} INFO - Processing file /opt/airflow/dags/flights-pipeline.py for tasks to queue
[2026-08-13T00:28:17.739+0000] {logging_mixin.py:188} INFO - [2026-08-13T00:28:17.738+0000] {dagbag.py:545} INFO - Filling up the DagBag from /opt/airflow/dags/flights-pipeline.py
[2026-08-13T00:28:18.514+0000] {processor.py:840} INFO - DAG(s) 'flights_ops_medallion_pipe' retrieved from /opt/airflow/dags/flights-pipeline.py
[2026-08-13T00:28:18.543+0000] {logging_mixin.py:188} INFO - [2026-08-13T00:28:18.543+0000] {dag.py:3089} INFO - Sync 1 DAGs
[2026-08-13T00:28:18.568+0000] {logging_mixin.py:188} INFO - [2026-08-13T00:28:18.567+0000] {dag.py:3947} INFO - Setting next_dagrun for flights_ops_medallion_pipe to 2026-08-13 00:00:00+00:00, run_after=2026-08-13 00:30:00+00:00
[2026-08-13T00:28:18.593+0000] {processor.py:183} INFO - Processing /opt/airflow/dags/flights-pipeline.py took 0.864 seconds
[2026-08-13T00:28:48.879+0000] {processor.py:161} INFO - Started process (PID=1892) to work on /opt/airflow/dags/flights-pipeline.py
[2026-08-13T00:28:48.881+0000] {processor.py:830} INFO - Processing file /opt/airflow/dags/flights-pipeline.py for tasks to queue
[2026-08-13T00:28:48.883+0000] {logging_mixin.py:188} INFO - [2026-08-13T00:28:48.882+0000] {dagbag.py:545} INFO - Filling up the DagBag from /opt/airflow/dags/flights-pipeline.py
[2026-08-13T00:28:49.709+0000] {processor.py:840} INFO - DAG(s) 'flights_ops_medallion_pipe' retrieved from /opt/airflow/dags/flights-pipeline.py
[2026-08-13T00:28:49.737+0000] {logging_mixin.py:188} INFO - [2026-08-13T00:28:49.737+0000] {dag.py:3089} INFO - Sync 1 DAGs
[2026-08-13T00:28:49.760+0000] {logging_mixin.py:188} INFO - [2026-08-13T00:28:49.760+0000] {dag.py:3947} INFO - Setting next_dagrun for flights_ops_medallion_pipe to 2026-08-13 00:00:00+00:00, run_after=2026-08-13 00:30:00+00:00
[2026-08-13T00:28:49.785+0000] {processor.py:183} INFO - Processing /opt/airflow/dags/flights-pipeline.py took 0.913 seconds
[2026-08-13T00:29:20.077+0000] {processor.py:161} INFO - Started process (PID=1895) to work on /opt/airflow/dags/flights-pipeline.py
[2026-08-13T00:29:20.078+0000] {processor.py:830} INFO - Processing file /opt/airflow/dags/flights-pipeline.py for tasks to queue
[2026-08-13T00:29:20.080+0000] {logging_mixin.py:188} INFO - [2026-08-13T00:29:20.079+0000] {dagbag.py:545} INFO - Filling up the DagBag from /opt/airflow/dags/flights-pipeline.py
[2026-08-13T00:29:21.002+0000] {processor.py:840} INFO - DAG(s) 'flights_ops_medallion_pipe' retrieved from /opt/airflow/dags/flights-pipeline.py
[2026-08-13T00:29:21.033+0000] {logging_mixin.py:188} INFO - [2026-08-13T00:29:21.031+0000] {dag.py:3089} INFO - Sync 1 DAGs
[2026-08-13T00:29:21.056+0000] {logging_mixin.py:188} INFO - [2026-08-13T00:29:21.056+0000] {dag.py:3947} INFO - Setting next_dagrun for flights_ops_medallion_pipe to 2026-08-13 00:00:00+00:00, run_after=2026-08-13 00:30:00+00:00
[2026-08-13T00:29:21.082+0000] {processor.py:183} INFO - Processing /opt/airflow/dags/flights-pipeline.py took 1.012 seconds
[2026-08-13T00:29:51.316+0000] {processor.py:161} INFO - Started process (PID=1898) to work on /opt/airflow/dags/flights-pipeline.py
[2026-08-13T00:29:51.318+0000] {processor.py:830} INFO - Processing file /opt/airflow/dags/flights-pipeline.py for tasks to queue
[2026-08-13T00:29:51.320+0000] {logging_mixin.py:188} INFO - [2026-08-13T00:29:51.319+0000] {dagbag.py:545} INFO - Filling up the DagBag from /opt/airflow/dags/flights-pipeline.py
[2026-08-13T00:29:52.080+0000] {processor.py:840} INFO - DAG(s) 'flights_ops_medallion_pipe' retrieved from /opt/airflow/dags/flights-pipeline.py
[2026-08-13T00:29:52.111+0000] {logging_mixin.py:188} INFO - [2026-08-13T00:29:52.110+0000] {dag.py:3089} INFO - Sync 1 DAGs
[2026-08-13T00:29:52.135+0000] {logging_mixin.py:188} INFO - [2026-08-13T00:29:52.134+0000] {dag.py:3947} INFO - Setting next_dagrun for flights_ops_medallion_pipe to 2026-08-13 00:00:00+00:00, run_after=2026-08-13 00:30:00+00:00
[2026-08-13T00:29:52.161+0000] {processor.py:183} INFO - Processing /opt/airflow/dags/flights-pipeline.py took 0.851 seconds
[2026-08-13T00:30:22.445+0000] {processor.py:161} INFO - Started process (PID=1945) to work on /opt/airflow/dags/flights-pipeline.py
[2026-08-13T00:30:22.446+0000] {processor.py:830} INFO - Processing file /opt/airflow/dags/flights-pipeline.py for tasks to queue
[2026-08-13T00:30:22.449+0000] {logging_mixin.py:188} INFO - [2026-08-13T00:30:22.449+0000] {dagbag.py:545} INFO - Filling up the DagBag from /opt/airflow/dags/flights-pipeline.py
[2026-08-13T00:30:25.137+0000] {processor.py:840} INFO - DAG(s) 'flights_ops_medallion_pipe' retrieved from /opt/airflow/dags/flights-pipeline.py
[2026-08-13T00:30:25.170+0000] {logging_mixin.py:188} INFO - [2026-08-13T00:30:25.170+0000] {dag.py:3089} INFO - Sync 1 DAGs
[2026-08-13T00:30:25.196+0000] {logging_mixin.py:188} INFO - [2026-08-13T00:30:25.196+0000] {dag.py:3947} INFO - Setting next_dagrun for flights_ops_medallion_pipe to 2026-08-13 00:30:00+00:00, run_after=2026-08-13 01:00:00+00:00
[2026-08-13T00:30:25.218+0000] {processor.py:183} INFO - Processing /opt/airflow/dags/flights-pipeline.py took 2.784 seconds
[2026-08-13T00:30:55.482+0000] {processor.py:161} INFO - Started process (PID=1948) to work on /opt/airflow/dags/flights-pipeline.py
[2026-08-13T00:30:55.484+0000] {processor.py:830} INFO - Processing file /opt/airflow/dags/flights-pipeline.py for tasks to queue
[2026-08-13T00:30:55.485+0000] {logging_mixin.py:188} INFO - [2026-08-13T00:30:55.485+0000] {dagbag.py:545} INFO - Filling up the DagBag from /opt/airflow/dags/flights-pipeline.py
[2026-08-13T00:30:56.375+0000] {processor.py:840} INFO - DAG(s) 'flights_ops_medallion_pipe' retrieved from /opt/airflow/dags/flights-pipeline.py
[2026-08-13T00:30:56.407+0000] {logging_mixin.py:188} INFO - [2026-08-13T00:30:56.406+0000] {dag.py:3089} INFO - Sync 1 DAGs
[2026-08-13T00:30:56.437+0000] {logging_mixin.py:188} INFO - [2026-08-13T00:30:56.437+0000] {dag.py:3947} INFO - Setting next_dagrun for flights_ops_medallion_pipe to 2026-08-13 00:30:00+00:00, run_after=2026-08-13 01:00:00+00:00
[2026-08-13T00:30:56.464+0000] {processor.py:183} INFO - Processing /opt/airflow/dags/flights-pipeline.py took 0.990 seconds
[2026-08-13T00:31:26.734+0000] {processor.py:161} INFO - Started process (PID=1951) to work on /opt/airflow/dags/flights-pipeline.py
[2026-08-13T00:31:26.736+0000] {processor.py:830} INFO - Processing file /opt/airflow/dags/flights-pipeline.py for tasks to queue
[2026-08-13T00:31:26.737+0000] {logging_mixin.py:188} INFO - [2026-08-13T00:31:26.737+0000] {dagbag.py:545} INFO - Filling up the DagBag from /opt/airflow/dags/flights-pipeline.py
[2026-08-13T00:31:27.715+0000] {processor.py:840} INFO - DAG(s) 'flights_ops_medallion_pipe' retrieved from /opt/airflow/dags/flights-pipeline.py
[2026-08-13T00:31:27.748+0000] {logging_mixin.py:188} INFO - [2026-08-13T00:31:27.747+0000] {dag.py:3089} INFO - Sync 1 DAGs
[2026-08-13T00:31:27.772+0000] {logging_mixin.py:188} INFO - [2026-08-13T00:31:27.772+0000] {dag.py:3947} INFO - Setting next_dagrun for flights_ops_medallion_pipe to 2026-08-13 00:30:00+00:00, run_after=2026-08-13 01:00:00+00:00
[2026-08-13T00:31:27.796+0000] {processor.py:183} INFO - Processing /opt/airflow/dags/flights-pipeline.py took 1.071 seconds
[2026-08-13T00:31:58.014+0000] {processor.py:161} INFO - Started process (PID=1954) to work on /opt/airflow/dags/flights-pipeline.py
[2026-08-13T00:31:58.016+0000] {processor.py:830} INFO - Processing file /opt/airflow/dags/flights-pipeline.py for tasks to queue
[2026-08-13T00:31:58.018+0000] {logging_mixin.py:188} INFO - [2026-08-13T00:31:58.017+0000] {dagbag.py:545} INFO - Filling up the DagBag from /opt/airflow/dags/flights-pipeline.py
[2026-08-13T00:31:58.833+0000] {processor.py:840} INFO - DAG(s) 'flights_ops_medallion_pipe' retrieved from /opt/airflow/dags/flights-pipeline.py
[2026-08-13T00:31:58.866+0000] {logging_mixin.py:188} INFO - [2026-08-13T00:31:58.865+0000] {dag.py:3089} INFO - Sync 1 DAGs
[2026-08-13T00:31:58.894+0000] {logging_mixin.py:188} INFO - [2026-08-13T00:31:58.894+0000] {dag.py:3947} INFO - Setting next_dagrun for flights_ops_medallion_pipe to 2026-08-13 00:30:00+00:00, run_after=2026-08-13 01:00:00+00:00
[2026-08-13T00:31:58.921+0000] {processor.py:183} INFO - Processing /opt/airflow/dags/flights-pipeline.py took 0.916 seconds
[2026-08-13T00:32:29.210+0000] {processor.py:161} INFO - Started process (PID=1957) to work on /opt/airflow/dags/flights-pipeline.py
[2026-08-13T00:32:29.212+0000] {processor.py:830} INFO - Processing file /opt/airflow/dags/flights-pipeline.py for tasks to queue
[2026-08-13T00:32:29.213+0000] {logging_mixin.py:188} INFO - [2026-08-13T00:32:29.213+0000] {dagbag.py:545} INFO - Filling up the DagBag from /opt/airflow/dags/flights-pipeline.py
[2026-08-13T00:32:30.046+0000] {processor.py:840} INFO - DAG(s) 'flights_ops_medallion_pipe' retrieved from /opt/airflow/dags/flights-pipeline.py
[2026-08-13T00:32:30.090+0000] {logging_mixin.py:188} INFO - [2026-08-13T00:32:30.088+0000] {dag.py:3089} INFO - Sync 1 DAGs
[2026-08-13T00:32:30.120+0000] {logging_mixin.py:188} INFO - [2026-08-13T00:32:30.120+0000] {dag.py:3947} INFO - Setting next_dagrun for flights_ops_medallion_pipe to 2026-08-13 00:30:00+00:00, run_after=2026-08-13 01:00:00+00:00
[2026-08-13T00:32:30.146+0000] {processor.py:183} INFO - Processing /opt/airflow/dags/flights-pipeline.py took 0.944 seconds
[2026-08-13T00:33:00.433+0000] {processor.py:161} INFO - Started process (PID=1960) to work on /opt/airflow/dags/flights-pipeline.py
[2026-08-13T00:33:00.435+0000] {processor.py:830} INFO - Processing file /opt/airflow/dags/flights-pipeline.py for tasks to queue
[2026-08-13T00:33:00.437+0000] {logging_mixin.py:188} INFO - [2026-08-13T00:33:00.436+0000] {dagbag.py:545} INFO - Filling up the DagBag from /opt/airflow/dags/flights-pipeline.py
[2026-08-13T00:33:01.251+0000] {processor.py:840} INFO - DAG(s) 'flights_ops_medallion_pipe' retrieved from /opt/airflow/dags/flights-pipeline.py
[2026-08-13T00:33:01.285+0000] {logging_mixin.py:188} INFO - [2026-08-13T00:33:01.284+0000] {dag.py:3089} INFO - Sync 1 DAGs
[2026-08-13T00:33:01.310+0000] {logging_mixin.py:188} INFO - [2026-08-13T00:33:01.309+0000] {dag.py:3947} INFO - Setting next_dagrun for flights_ops_medallion_pipe to 2026-08-13 00:30:00+00:00, run_after=2026-08-13 01:00:00+00:00
[2026-08-13T00:33:01.334+0000] {processor.py:183} INFO - Processing /opt/airflow/dags/flights-pipeline.py took 0.908 seconds
[2026-08-13T00:33:31.830+0000] {processor.py:161} INFO - Started process (PID=1963) to work on /opt/airflow/dags/flights-pipeline.py
[2026-08-13T00:33:31.831+0000] {processor.py:830} INFO - Processing file /opt/airflow/dags/flights-pipeline.py for tasks to queue
[2026-08-13T00:33:31.833+0000] {logging_mixin.py:188} INFO - [2026-08-13T00:33:31.832+0000] {dagbag.py:545} INFO - Filling up the DagBag from /opt/airflow/dags/flights-pipeline.py
[2026-08-13T00:33:32.703+0000] {processor.py:840} INFO - DAG(s) 'flights_ops_medallion_pipe' retrieved from /opt/airflow/dags/flights-pipeline.py
[2026-08-13T00:33:32.734+0000] {logging_mixin.py:188} INFO - [2026-08-13T00:33:32.733+0000] {dag.py:3089} INFO - Sync 1 DAGs
[2026-08-13T00:33:32.760+0000] {logging_mixin.py:188} INFO - [2026-08-13T00:33:32.759+0000] {dag.py:3947} INFO - Setting next_dagrun for flights_ops_medallion_pipe to 2026-08-13 00:30:00+00:00, run_after=2026-08-13 01:00:00+00:00
[2026-08-13T00:33:32.786+0000] {processor.py:183} INFO - Processing /opt/airflow/dags/flights-pipeline.py took 0.964 seconds
[2026-08-13T00:34:03.067+0000] {processor.py:161} INFO - Started process (PID=1966) to work on /opt/airflow/dags/flights-pipeline.py
[2026-08-13T00:34:03.069+0000] {processor.py:830} INFO - Processing file /opt/airflow/dags/flights-pipeline.py for tasks to queue
[2026-08-13T00:34:03.070+0000] {logging_mixin.py:188} INFO - [2026-08-13T00:34:03.070+0000] {dagbag.py:545} INFO - Filling up the DagBag from /opt/airflow/dags/flights-pipeline.py
[2026-08-13T00:34:04.020+0000] {processor.py:840} INFO - DAG(s) 'flights_ops_medallion_pipe' retrieved from /opt/airflow/dags/flights-pipeline.py
[2026-08-13T00:34:04.053+0000] {logging_mixin.py:188} INFO - [2026-08-13T00:34:04.052+0000] {dag.py:3089} INFO - Sync 1 DAGs
[2026-08-13T00:34:04.079+0000] {logging_mixin.py:188} INFO - [2026-08-13T00:34:04.078+0000] {dag.py:3947} INFO - Setting next_dagrun for flights_ops_medallion_pipe to 2026-08-13 00:30:00+00:00, run_after=2026-08-13 01:00:00+00:00
[2026-08-13T00:34:04.103+0000] {processor.py:183} INFO - Processing /opt/airflow/dags/flights-pipeline.py took 1.047 seconds
[2026-08-13T00:34:34.301+0000] {processor.py:161} INFO - Started process (PID=1969) to work on /opt/airflow/dags/flights-pipeline.py
[2026-08-13T00:34:34.303+0000] {processor.py:830} INFO - Processing file /opt/airflow/dags/flights-pipeline.py for tasks to queue
[2026-08-13T00:34:34.304+0000] {logging_mixin.py:188} INFO - [2026-08-13T00:34:34.304+0000] {dagbag.py:545} INFO - Filling up the DagBag from /opt/airflow/dags/flights-pipeline.py
[2026-08-13T00:34:35.219+0000] {processor.py:840} INFO - DAG(s) 'flights_ops_medallion_pipe' retrieved from /opt/airflow/dags/flights-pipeline.py
[2026-08-13T00:34:35.257+0000] {logging_mixin.py:188} INFO - [2026-08-13T00:34:35.256+0000] {dag.py:3089} INFO - Sync 1 DAGs
[2026-08-13T00:34:35.286+0000] {logging_mixin.py:188} INFO - [2026-08-13T00:34:35.285+0000] {dag.py:3947} INFO - Setting next_dagrun for flights_ops_medallion_pipe to 2026-08-13 00:30:00+00:00, run_after=2026-08-13 01:00:00+00:00
[2026-08-13T00:34:35.339+0000] {processor.py:183} INFO - Processing /opt/airflow/dags/flights-pipeline.py took 1.045 seconds
[2026-08-13T00:35:05.591+0000] {processor.py:161} INFO - Started process (PID=1972) to work on /opt/airflow/dags/flights-pipeline.py
[2026-08-13T00:35:05.592+0000] {processor.py:830} INFO - Processing file /opt/airflow/dags/flights-pipeline.py for tasks to queue
[2026-08-13T00:35:05.594+0000] {logging_mixin.py:188} INFO - [2026-08-13T00:35:05.593+0000] {dagbag.py:545} INFO - Filling up the DagBag from /opt/airflow/dags/flights-pipeline.py
[2026-08-13T00:35:06.451+0000] {processor.py:840} INFO - DAG(s) 'flights_ops_medallion_pipe' retrieved from /opt/airflow/dags/flights-pipeline.py
[2026-08-13T00:35:06.480+0000] {logging_mixin.py:188} INFO - [2026-08-13T00:35:06.479+0000] {dag.py:3089} INFO - Sync 1 DAGs
[2026-08-13T00:35:06.504+0000] {logging_mixin.py:188} INFO - [2026-08-13T00:35:06.503+0000] {dag.py:3947} INFO - Setting next_dagrun for flights_ops_medallion_pipe to 2026-08-13 00:30:00+00:00, run_after=2026-08-13 01:00:00+00:00
[2026-08-13T00:35:06.527+0000] {processor.py:183} INFO - Processing /opt/airflow/dags/flights-pipeline.py took 0.944 seconds
[2026-08-13T00:35:36.817+0000] {processor.py:161} INFO - Started process (PID=1975) to work on /opt/airflow/dags/flights-pipeline.py
[2026-08-13T00:35:36.818+0000] {processor.py:830} INFO - Processing file /opt/airflow/dags/flights-pipeline.py for tasks to queue
[2026-08-13T00:35:36.820+0000] {logging_mixin.py:188} INFO - [2026-08-13T00:35:36.819+0000] {dagbag.py:545} INFO - Filling up the DagBag from /opt/airflow/dags/flights-pipeline.py
[2026-08-13T00:35:37.787+0000] {processor.py:840} INFO - DAG(s) 'flights_ops_medallion_pipe' retrieved from /opt/airflow/dags/flights-pipeline.py
[2026-08-13T00:35:37.821+0000] {logging_mixin.py:188} INFO - [2026-08-13T00:35:37.820+0000] {dag.py:3089} INFO - Sync 1 DAGs
[2026-08-13T00:35:37.843+0000] {logging_mixin.py:188} INFO - [2026-08-13T00:35:37.843+0000] {dag.py:3947} INFO - Setting next_dagrun for flights_ops_medallion_pipe to 2026-08-13 00:30:00+00:00, run_after=2026-08-13 01:00:00+00:00
[2026-08-13T00:35:37.867+0000] {processor.py:183} INFO - Processing /opt/airflow/dags/flights-pipeline.py took 1.058 seconds
[2026-08-13T00:36:08.076+0000] {processor.py:161} INFO - Started process (PID=1978) to work on /opt/airflow/dags/flights-pipeline.py
[2026-08-13T00:36:08.078+0000] {processor.py:830} INFO - Processing file /opt/airflow/dags/flights-pipeline.py for tasks to queue
[2026-08-13T00:36:08.079+0000] {logging_mixin.py:188} INFO - [2026-08-13T00:36:08.079+0000] {dagbag.py:545} INFO - Filling up the DagBag from /opt/airflow/dags/flights-pipeline.py
[2026-08-13T00:36:08.889+0000] {processor.py:840} INFO - DAG(s) 'flights_ops_medallion_pipe' retrieved from /opt/airflow/dags/flights-pipeline.py
[2026-08-13T00:36:08.919+0000] {logging_mixin.py:188} INFO - [2026-08-13T00:36:08.918+0000] {dag.py:3089} INFO - Sync 1 DAGs
[2026-08-13T00:36:08.941+0000] {logging_mixin.py:188} INFO - [2026-08-13T00:36:08.940+0000] {dag.py:3947} INFO - Setting next_dagrun for flights_ops_medallion_pipe to 2026-08-13 00:30:00+00:00, run_after=2026-08-13 01:00:00+00:00
[2026-08-13T00:36:08.967+0000] {processor.py:183} INFO - Processing /opt/airflow/dags/flights-pipeline.py took 0.899 seconds
[2026-08-13T00:36:39.251+0000] {processor.py:161} INFO - Started process (PID=1981) to work on /opt/airflow/dags/flights-pipeline.py
[2026-08-13T00:36:39.252+0000] {processor.py:830} INFO - Processing file /opt/airflow/dags/flights-pipeline.py for tasks to queue
[2026-08-13T00:36:39.254+0000] {logging_mixin.py:188} INFO - [2026-08-13T00:36:39.253+0000] {dagbag.py:545} INFO - Filling up the DagBag from /opt/airflow/dags/flights-pipeline.py
[2026-08-13T00:36:40.105+0000] {processor.py:840} INFO - DAG(s) 'flights_ops_medallion_pipe' retrieved from /opt/airflow/dags/flights-pipeline.py
[2026-08-13T00:36:40.135+0000] {logging_mixin.py:188} INFO - [2026-08-13T00:36:40.135+0000] {dag.py:3089} INFO - Sync 1 DAGs
[2026-08-13T00:36:40.159+0000] {logging_mixin.py:188} INFO - [2026-08-13T00:36:40.159+0000] {dag.py:3947} INFO - Setting next_dagrun for flights_ops_medallion_pipe to 2026-08-13 00:30:00+00:00, run_after=2026-08-13 01:00:00+00:00
[2026-08-13T00:36:40.185+0000] {processor.py:183} INFO - Processing /opt/airflow/dags/flights-pipeline.py took 0.943 seconds
[2026-08-13T00:37:10.503+0000] {processor.py:161} INFO - Started process (PID=1984) to work on /opt/airflow/dags/flights-pipeline.py
[2026-08-13T00:37:10.505+0000] {processor.py:830} INFO - Processing file /opt/airflow/dags/flights-pipeline.py for tasks to queue
[2026-08-13T00:37:10.506+0000] {logging_mixin.py:188} INFO - [2026-08-13T00:37:10.506+0000] {dagbag.py:545} INFO - Filling up the DagBag from /opt/airflow/dags/flights-pipeline.py
[2026-08-13T00:37:11.362+0000] {processor.py:840} INFO - DAG(s) 'flights_ops_medallion_pipe' retrieved from /opt/airflow/dags/flights-pipeline.py
[2026-08-13T00:37:11.391+0000] {logging_mixin.py:188} INFO - [2026-08-13T00:37:11.390+0000] {dag.py:3089} INFO - Sync 1 DAGs
[2026-08-13T00:37:11.414+0000] {logging_mixin.py:188} INFO - [2026-08-13T00:37:11.414+0000] {dag.py:3947} INFO - Setting next_dagrun for flights_ops_medallion_pipe to 2026-08-13 00:30:00+00:00, run_after=2026-08-13 01:00:00+00:00
[2026-08-13T00:37:11.441+0000] {processor.py:183} INFO - Processing /opt/airflow/dags/flights-pipeline.py took 0.945 seconds
[2026-08-13T00:37:41.736+0000] {processor.py:161} INFO - Started process (PID=1987) to work on /opt/airflow/dags/flights-pipeline.py
[2026-08-13T00:37:41.903+0000] {processor.py:830} INFO - Processing file /opt/airflow/dags/flights-pipeline.py for tasks to queue
[2026-08-13T00:37:41.905+0000] {logging_mixin.py:188} INFO - [2026-08-13T00:37:41.905+0000] {dagbag.py:545} INFO - Filling up the DagBag from /opt/airflow/dags/flights-pipeline.py
[2026-08-13T00:37:42.709+0000] {processor.py:840} INFO - DAG(s) 'flights_ops_medallion_pipe' retrieved from /opt/airflow/dags/flights-pipeline.py
[2026-08-13T00:37:42.741+0000] {logging_mixin.py:188} INFO - [2026-08-13T00:37:42.740+0000] {dag.py:3089} INFO - Sync 1 DAGs
[2026-08-13T00:37:42.767+0000] {logging_mixin.py:188} INFO - [2026-08-13T00:37:42.767+0000] {dag.py:3947} INFO - Setting next_dagrun for flights_ops_medallion_pipe to 2026-08-13 00:30:00+00:00, run_after=2026-08-13 01:00:00+00:00
[2026-08-13T00:37:42.795+0000] {processor.py:183} INFO - Processing /opt/airflow/dags/flights-pipeline.py took 1.067 seconds
[2026-08-13T00:38:12.975+0000] {processor.py:161} INFO - Started process (PID=1990) to work on /opt/airflow/dags/flights-pipeline.py
[2026-08-13T00:38:12.976+0000] {processor.py:830} INFO - Processing file /opt/airflow/dags/flights-pipeline.py for tasks to queue
[2026-08-13T00:38:12.978+0000] {logging_mixin.py:188} INFO - [2026-08-13T00:38:12.977+0000] {dagbag.py:545} INFO - Filling up the DagBag from /opt/airflow/dags/flights-pipeline.py
[2026-08-13T00:38:13.828+0000] {processor.py:840} INFO - DAG(s) 'flights_ops_medallion_pipe' retrieved from /opt/airflow/dags/flights-pipeline.py
[2026-08-13T00:38:13.863+0000] {logging_mixin.py:188} INFO - [2026-08-13T00:38:13.860+0000] {dag.py:3089} INFO - Sync 1 DAGs
[2026-08-13T00:38:13.888+0000] {logging_mixin.py:188} INFO - [2026-08-13T00:38:13.888+0000] {dag.py:3947} INFO - Setting next_dagrun for flights_ops_medallion_pipe to 2026-08-13 00:30:00+00:00, run_after=2026-08-13 01:00:00+00:00
[2026-08-13T00:38:13.917+0000] {processor.py:183} INFO - Processing /opt/airflow/dags/flights-pipeline.py took 0.950 seconds
[2026-08-13T00:38:44.210+0000] {processor.py:161} INFO - Started process (PID=1993) to work on /opt/airflow/dags/flights-pipeline.py
[2026-08-13T00:38:44.212+0000] {processor.py:830} INFO - Processing file /opt/airflow/dags/flights-pipeline.py for tasks to queue
[2026-08-13T00:38:44.214+0000] {logging_mixin.py:188} INFO - [2026-08-13T00:38:44.213+0000] {dagbag.py:545} INFO - Filling up the DagBag from /opt/airflow/dags/flights-pipeline.py
[2026-08-13T00:38:44.997+0000] {processor.py:840} INFO - DAG(s) 'flights_ops_medallion_pipe' retrieved from /opt/airflow/dags/flights-pipeline.py
[2026-08-13T00:38:45.028+0000] {logging_mixin.py:188} INFO - [2026-08-13T00:38:45.028+0000] {dag.py:3089} INFO - Sync 1 DAGs
[2026-08-13T00:38:45.050+0000] {logging_mixin.py:188} INFO - [2026-08-13T00:38:45.050+0000] {dag.py:3947} INFO - Setting next_dagrun for flights_ops_medallion_pipe to 2026-08-13 00:30:00+00:00, run_after=2026-08-13 01:00:00+00:00
[2026-08-13T00:38:45.074+0000] {processor.py:183} INFO - Processing /opt/airflow/dags/flights-pipeline.py took 0.871 seconds
[2026-08-13T00:39:15.359+0000] {processor.py:161} INFO - Started process (PID=1996) to work on /opt/airflow/dags/flights-pipeline.py
[2026-08-13T00:39:15.361+0000] {processor.py:830} INFO - Processing file /opt/airflow/dags/flights-pipeline.py for tasks to queue
[2026-08-13T00:39:15.362+0000] {logging_mixin.py:188} INFO - [2026-08-13T00:39:15.362+0000] {dagbag.py:545} INFO - Filling up the DagBag from /opt/airflow/dags/flights-pipeline.py
[2026-08-13T00:39:16.203+0000] {processor.py:840} INFO - DAG(s) 'flights_ops_medallion_pipe' retrieved from /opt/airflow/dags/flights-pipeline.py
[2026-08-13T00:39:16.234+0000] {logging_mixin.py:188} INFO - [2026-08-13T00:39:16.233+0000] {dag.py:3089} INFO - Sync 1 DAGs
[2026-08-13T00:39:16.258+0000] {logging_mixin.py:188} INFO - [2026-08-13T00:39:16.258+0000] {dag.py:3947} INFO - Setting next_dagrun for flights_ops_medallion_pipe to 2026-08-13 00:30:00+00:00, run_after=2026-08-13 01:00:00+00:00
[2026-08-13T00:39:16.284+0000] {processor.py:183} INFO - Processing /opt/airflow/dags/flights-pipeline.py took 0.932 seconds
[2026-08-13T00:39:46.620+0000] {processor.py:161} INFO - Started process (PID=1999) to work on /opt/airflow/dags/flights-pipeline.py
[2026-08-13T00:39:46.622+0000] {processor.py:830} INFO - Processing file /opt/airflow/dags/flights-pipeline.py for tasks to queue
[2026-08-13T00:39:46.624+0000] {logging_mixin.py:188} INFO - [2026-08-13T00:39:46.623+0000] {dagbag.py:545} INFO - Filling up the DagBag from /opt/airflow/dags/flights-pipeline.py
[2026-08-13T00:39:47.989+0000] {processor.py:840} INFO - DAG(s) 'flights_ops_medallion_pipe' retrieved from /opt/airflow/dags/flights-pipeline.py
[2026-08-13T00:39:48.034+0000] {logging_mixin.py:188} INFO - [2026-08-13T00:39:48.033+0000] {dag.py:3089} INFO - Sync 1 DAGs
[2026-08-13T00:39:48.063+0000] {logging_mixin.py:188} INFO - [2026-08-13T00:39:48.063+0000] {dag.py:3947} INFO - Setting next_dagrun for flights_ops_medallion_pipe to 2026-08-13 00:30:00+00:00, run_after=2026-08-13 01:00:00+00:00
[2026-08-13T00:39:48.094+0000] {processor.py:183} INFO - Processing /opt/airflow/dags/flights-pipeline.py took 1.485 seconds
[2026-08-13T00:40:18.428+0000] {processor.py:161} INFO - Started process (PID=2002) to work on /opt/airflow/dags/flights-pipeline.py
[2026-08-13T00:40:18.431+0000] {processor.py:830} INFO - Processing file /opt/airflow/dags/flights-pipeline.py for tasks to queue
[2026-08-13T00:40:18.433+0000] {logging_mixin.py:188} INFO - [2026-08-13T00:40:18.432+0000] {dagbag.py:545} INFO - Filling up the DagBag from /opt/airflow/dags/flights-pipeline.py
[2026-08-13T00:40:19.637+0000] {processor.py:840} INFO - DAG(s) 'flights_ops_medallion_pipe' retrieved from /opt/airflow/dags/flights-pipeline.py
[2026-08-13T00:40:19.766+0000] {logging_mixin.py:188} INFO - [2026-08-13T00:40:19.765+0000] {dag.py:3089} INFO - Sync 1 DAGs
[2026-08-13T00:40:19.816+0000] {logging_mixin.py:188} INFO - [2026-08-13T00:40:19.816+0000] {dag.py:3947} INFO - Setting next_dagrun for flights_ops_medallion_pipe to 2026-08-13 00:30:00+00:00, run_after=2026-08-13 01:00:00+00:00
[2026-08-13T00:40:19.843+0000] {processor.py:183} INFO - Processing /opt/airflow/dags/flights-pipeline.py took 1.440 seconds
[2026-08-13T00:40:50.104+0000] {processor.py:161} INFO - Started process (PID=2005) to work on /opt/airflow/dags/flights-pipeline.py
[2026-08-13T00:40:50.106+0000] {processor.py:830} INFO - Processing file /opt/airflow/dags/flights-pipeline.py for tasks to queue
[2026-08-13T00:40:50.107+0000] {logging_mixin.py:188} INFO - [2026-08-13T00:40:50.107+0000] {dagbag.py:545} INFO - Filling up the DagBag from /opt/airflow/dags/flights-pipeline.py
[2026-08-13T00:40:50.962+0000] {processor.py:840} INFO - DAG(s) 'flights_ops_medallion_pipe' retrieved from /opt/airflow/dags/flights-pipeline.py
[2026-08-13T00:40:50.994+0000] {logging_mixin.py:188} INFO - [2026-08-13T00:40:50.993+0000] {dag.py:3089} INFO - Sync 1 DAGs
[2026-08-13T00:40:51.018+0000] {logging_mixin.py:188} INFO - [2026-08-13T00:40:51.017+0000] {dag.py:3947} INFO - Setting next_dagrun for flights_ops_medallion_pipe to 2026-08-13 00:30:00+00:00, run_after=2026-08-13 01:00:00+00:00
[2026-08-13T00:40:51.040+0000] {processor.py:183} INFO - Processing /opt/airflow/dags/flights-pipeline.py took 0.946 seconds
[2026-08-13T00:41:21.330+0000] {processor.py:161} INFO - Started process (PID=2008) to work on /opt/airflow/dags/flights-pipeline.py
[2026-08-13T00:41:21.331+0000] {processor.py:830} INFO - Processing file /opt/airflow/dags/flights-pipeline.py for tasks to queue
[2026-08-13T00:41:21.334+0000] {logging_mixin.py:188} INFO - [2026-08-13T00:41:21.333+0000] {dagbag.py:545} INFO - Filling up the DagBag from /opt/airflow/dags/flights-pipeline.py
[2026-08-13T00:41:22.298+0000] {processor.py:840} INFO - DAG(s) 'flights_ops_medallion_pipe' retrieved from /opt/airflow/dags/flights-pipeline.py
[2026-08-13T00:41:22.335+0000] {logging_mixin.py:188} INFO - [2026-08-13T00:41:22.332+0000] {dag.py:3089} INFO - Sync 1 DAGs
[2026-08-13T00:41:22.363+0000] {logging_mixin.py:188} INFO - [2026-08-13T00:41:22.363+0000] {dag.py:3947} INFO - Setting next_dagrun for flights_ops_medallion_pipe to 2026-08-13 00:30:00+00:00, run_after=2026-08-13 01:00:00+00:00
[2026-08-13T00:41:22.392+0000] {processor.py:183} INFO - Processing /opt/airflow/dags/flights-pipeline.py took 1.071 seconds
[2026-08-13T00:41:52.621+0000] {processor.py:161} INFO - Started process (PID=2011) to work on /opt/airflow/dags/flights-pipeline.py
[2026-08-13T00:41:52.623+0000] {processor.py:830} INFO - Processing file /opt/airflow/dags/flights-pipeline.py for tasks to queue
[2026-08-13T00:41:52.625+0000] {logging_mixin.py:188} INFO - [2026-08-13T00:41:52.624+0000] {dagbag.py:545} INFO - Filling up the DagBag from /opt/airflow/dags/flights-pipeline.py
[2026-08-13T00:41:53.505+0000] {processor.py:840} INFO - DAG(s) 'flights_ops_medallion_pipe' retrieved from /opt/airflow/dags/flights-pipeline.py
[2026-08-13T00:41:53.538+0000] {logging_mixin.py:188} INFO - [2026-08-13T00:41:53.538+0000] {dag.py:3089} INFO - Sync 1 DAGs
[2026-08-13T00:41:53.565+0000] {logging_mixin.py:188} INFO - [2026-08-13T00:41:53.565+0000] {dag.py:3947} INFO - Setting next_dagrun for flights_ops_medallion_pipe to 2026-08-13 00:30:00+00:00, run_after=2026-08-13 01:00:00+00:00
[2026-08-13T00:41:53.589+0000] {processor.py:183} INFO - Processing /opt/airflow/dags/flights-pipeline.py took 0.983 seconds
[2026-08-13T00:42:23.859+0000] {processor.py:161} INFO - Started process (PID=2014) to work on /opt/airflow/dags/flights-pipeline.py
[2026-08-13T00:42:23.861+0000] {processor.py:830} INFO - Processing file /opt/airflow/dags/flights-pipeline.py for tasks to queue
[2026-08-13T00:42:23.863+0000] {logging_mixin.py:188} INFO - [2026-08-13T00:42:23.862+0000] {dagbag.py:545} INFO - Filling up the DagBag from /opt/airflow/dags/flights-pipeline.py
[2026-08-13T00:42:24.702+0000] {processor.py:840} INFO - DAG(s) 'flights_ops_medallion_pipe' retrieved from /opt/airflow/dags/flights-pipeline.py
[2026-08-13T00:42:24.732+0000] {logging_mixin.py:188} INFO - [2026-08-13T00:42:24.731+0000] {dag.py:3089} INFO - Sync 1 DAGs
[2026-08-13T00:42:24.757+0000] {logging_mixin.py:188} INFO - [2026-08-13T00:42:24.757+0000] {dag.py:3947} INFO - Setting next_dagrun for flights_ops_medallion_pipe to 2026-08-13 00:30:00+00:00, run_after=2026-08-13 01:00:00+00:00
[2026-08-13T00:42:24.786+0000] {processor.py:183} INFO - Processing /opt/airflow/dags/flights-pipeline.py took 0.936 seconds
[2026-08-13T00:42:55.094+0000] {processor.py:161} INFO - Started process (PID=2017) to work on /opt/airflow/dags/flights-pipeline.py
[2026-08-13T00:42:55.096+0000] {processor.py:830} INFO - Processing file /opt/airflow/dags/flights-pipeline.py for tasks to queue
[2026-08-13T00:42:55.098+0000] {logging_mixin.py:188} INFO - [2026-08-13T00:42:55.097+0000] {dagbag.py:545} INFO - Filling up the DagBag from /opt/airflow/dags/flights-pipeline.py
[2026-08-13T00:42:56.087+0000] {processor.py:840} INFO - DAG(s) 'flights_ops_medallion_pipe' retrieved from /opt/airflow/dags/flights-pipeline.py
[2026-08-13T00:42:56.125+0000] {logging_mixin.py:188} INFO - [2026-08-13T00:42:56.124+0000] {dag.py:3089} INFO - Sync 1 DAGs
[2026-08-13T00:42:56.156+0000] {logging_mixin.py:188} INFO - [2026-08-13T00:42:56.156+0000] {dag.py:3947} INFO - Setting next_dagrun for flights_ops_medallion_pipe to 2026-08-13 00:30:00+00:00, run_after=2026-08-13 01:00:00+00:00
[2026-08-13T00:42:56.188+0000] {processor.py:183} INFO - Processing /opt/airflow/dags/flights-pipeline.py took 1.103 seconds
[2026-08-13T00:43:26.340+0000] {processor.py:161} INFO - Started process (PID=2020) to work on /opt/airflow/dags/flights-pipeline.py
[2026-08-13T00:43:26.342+0000] {processor.py:830} INFO - Processing file /opt/airflow/dags/flights-pipeline.py for tasks to queue
[2026-08-13T00:43:26.344+0000] {logging_mixin.py:188} INFO - [2026-08-13T00:43:26.344+0000] {dagbag.py:545} INFO - Filling up the DagBag from /opt/airflow/dags/flights-pipeline.py
[2026-08-13T00:43:27.353+0000] {processor.py:840} INFO - DAG(s) 'flights_ops_medallion_pipe' retrieved from /opt/airflow/dags/flights-pipeline.py
[2026-08-13T00:43:27.389+0000] {logging_mixin.py:188} INFO - [2026-08-13T00:43:27.388+0000] {dag.py:3089} INFO - Sync 1 DAGs
[2026-08-13T00:43:27.415+0000] {logging_mixin.py:188} INFO - [2026-08-13T00:43:27.414+0000] {dag.py:3947} INFO - Setting next_dagrun for flights_ops_medallion_pipe to 2026-08-13 00:30:00+00:00, run_after=2026-08-13 01:00:00+00:00
[2026-08-13T00:43:27.456+0000] {processor.py:183} INFO - Processing /opt/airflow/dags/flights-pipeline.py took 1.125 seconds
[2026-08-13T00:43:57.706+0000] {processor.py:161} INFO - Started process (PID=2023) to work on /opt/airflow/dags/flights-pipeline.py
[2026-08-13T00:43:57.707+0000] {processor.py:830} INFO - Processing file /opt/airflow/dags/flights-pipeline.py for tasks to queue
[2026-08-13T00:43:57.709+0000] {logging_mixin.py:188} INFO - [2026-08-13T00:43:57.708+0000] {dagbag.py:545} INFO - Filling up the DagBag from /opt/airflow/dags/flights-pipeline.py
[2026-08-13T00:43:58.605+0000] {processor.py:840} INFO - DAG(s) 'flights_ops_medallion_pipe' retrieved from /opt/airflow/dags/flights-pipeline.py
[2026-08-13T00:43:58.655+0000] {logging_mixin.py:188} INFO - [2026-08-13T00:43:58.654+0000] {dag.py:3089} INFO - Sync 1 DAGs
[2026-08-13T00:43:58.690+0000] {logging_mixin.py:188} INFO - [2026-08-13T00:43:58.690+0000] {dag.py:3947} INFO - Setting next_dagrun for flights_ops_medallion_pipe to 2026-08-13 00:30:00+00:00, run_after=2026-08-13 01:00:00+00:00
[2026-08-13T00:43:58.717+0000] {processor.py:183} INFO - Processing /opt/airflow/dags/flights-pipeline.py took 1.020 seconds
[2026-08-13T00:44:28.961+0000] {processor.py:161} INFO - Started process (PID=2026) to work on /opt/airflow/dags/flights-pipeline.py
[2026-08-13T00:44:28.962+0000] {processor.py:830} INFO - Processing file /opt/airflow/dags/flights-pipeline.py for tasks to queue
[2026-08-13T00:44:28.964+0000] {logging_mixin.py:188} INFO - [2026-08-13T00:44:28.963+0000] {dagbag.py:545} INFO - Filling up the DagBag from /opt/airflow/dags/flights-pipeline.py
[2026-08-13T00:44:29.804+0000] {processor.py:840} INFO - DAG(s) 'flights_ops_medallion_pipe' retrieved from /opt/airflow/dags/flights-pipeline.py
[2026-08-13T00:44:29.837+0000] {logging_mixin.py:188} INFO - [2026-08-13T00:44:29.836+0000] {dag.py:3089} INFO - Sync 1 DAGs
[2026-08-13T00:44:29.860+0000] {logging_mixin.py:188} INFO - [2026-08-13T00:44:29.860+0000] {dag.py:3947} INFO - Setting next_dagrun for flights_ops_medallion_pipe to 2026-08-13 00:30:00+00:00, run_after=2026-08-13 01:00:00+00:00
[2026-08-13T00:44:29.886+0000] {processor.py:183} INFO - Processing /opt/airflow/dags/flights-pipeline.py took 0.933 seconds
[2026-08-13T00:45:00.194+0000] {processor.py:161} INFO - Started process (PID=2029) to work on /opt/airflow/dags/flights-pipeline.py
[2026-08-13T00:45:00.196+0000] {processor.py:830} INFO - Processing file /opt/airflow/dags/flights-pipeline.py for tasks to queue
[2026-08-13T00:45:00.197+0000] {logging_mixin.py:188} INFO - [2026-08-13T00:45:00.197+0000] {dagbag.py:545} INFO - Filling up the DagBag from /opt/airflow/dags/flights-pipeline.py
[2026-08-13T00:45:01.053+0000] {processor.py:840} INFO - DAG(s) 'flights_ops_medallion_pipe' retrieved from /opt/airflow/dags/flights-pipeline.py
[2026-08-13T00:45:01.087+0000] {logging_mixin.py:188} INFO - [2026-08-13T00:45:01.086+0000] {dag.py:3089} INFO - Sync 1 DAGs
[2026-08-13T00:45:01.109+0000] {logging_mixin.py:188} INFO - [2026-08-13T00:45:01.109+0000] {dag.py:3947} INFO - Setting next_dagrun for flights_ops_medallion_pipe to 2026-08-13 00:30:00+00:00, run_after=2026-08-13 01:00:00+00:00
[2026-08-13T00:45:01.137+0000] {processor.py:183} INFO - Processing /opt/airflow/dags/flights-pipeline.py took 0.950 seconds
[2026-08-13T00:45:31.474+0000] {processor.py:161} INFO - Started process (PID=2032) to work on /opt/airflow/dags/flights-pipeline.py
[2026-08-13T00:45:31.476+0000] {processor.py:830} INFO - Processing file /opt/airflow/dags/flights-pipeline.py for tasks to queue
[2026-08-13T00:45:31.477+0000] {logging_mixin.py:188} INFO - [2026-08-13T00:45:31.477+0000] {dagbag.py:545} INFO - Filling up the DagBag from /opt/airflow/dags/flights-pipeline.py
[2026-08-13T00:45:32.324+0000] {processor.py:840} INFO - DAG(s) 'flights_ops_medallion_pipe' retrieved from /opt/airflow/dags/flights-pipeline.py
[2026-08-13T00:45:32.356+0000] {logging_mixin.py:188} INFO - [2026-08-13T00:45:32.355+0000] {dag.py:3089} INFO - Sync 1 DAGs
[2026-08-13T00:45:32.378+0000] {logging_mixin.py:188} INFO - [2026-08-13T00:45:32.378+0000] {dag.py:3947} INFO - Setting next_dagrun for flights_ops_medallion_pipe to 2026-08-13 00:30:00+00:00, run_after=2026-08-13 01:00:00+00:00
[2026-08-13T00:45:32.403+0000] {processor.py:183} INFO - Processing /opt/airflow/dags/flights-pipeline.py took 0.936 seconds
[2026-08-13T00:46:02.695+0000] {processor.py:161} INFO - Started process (PID=2035) to work on /opt/airflow/dags/flights-pipeline.py
[2026-08-13T00:46:02.696+0000] {processor.py:830} INFO - Processing file /opt/airflow/dags/flights-pipeline.py for tasks to queue
[2026-08-13T00:46:02.698+0000] {logging_mixin.py:188} INFO - [2026-08-13T00:46:02.698+0000] {dagbag.py:545} INFO - Filling up the DagBag from /opt/airflow/dags/flights-pipeline.py
[2026-08-13T00:46:03.517+0000] {processor.py:840} INFO - DAG(s) 'flights_ops_medallion_pipe' retrieved from /opt/airflow/dags/flights-pipeline.py
[2026-08-13T00:46:03.547+0000] {logging_mixin.py:188} INFO - [2026-08-13T00:46:03.547+0000] {dag.py:3089} INFO - Sync 1 DAGs
[2026-08-13T00:46:03.569+0000] {logging_mixin.py:188} INFO - [2026-08-13T00:46:03.569+0000] {dag.py:3947} INFO - Setting next_dagrun for flights_ops_medallion_pipe to 2026-08-13 00:30:00+00:00, run_after=2026-08-13 01:00:00+00:00
[2026-08-13T00:46:03.595+0000] {processor.py:183} INFO - Processing /opt/airflow/dags/flights-pipeline.py took 0.909 seconds
[2026-08-13T00:46:33.887+0000] {processor.py:161} INFO - Started process (PID=2038) to work on /opt/airflow/dags/flights-pipeline.py
[2026-08-13T00:46:33.889+0000] {processor.py:830} INFO - Processing file /opt/airflow/dags/flights-pipeline.py for tasks to queue
[2026-08-13T00:46:33.891+0000] {logging_mixin.py:188} INFO - [2026-08-13T00:46:33.891+0000] {dagbag.py:545} INFO - Filling up the DagBag from /opt/airflow/dags/flights-pipeline.py
[2026-08-13T00:46:34.848+0000] {processor.py:840} INFO - DAG(s) 'flights_ops_medallion_pipe' retrieved from /opt/airflow/dags/flights-pipeline.py
[2026-08-13T00:46:34.887+0000] {logging_mixin.py:188} INFO - [2026-08-13T00:46:34.886+0000] {dag.py:3089} INFO - Sync 1 DAGs
[2026-08-13T00:46:34.914+0000] {logging_mixin.py:188} INFO - [2026-08-13T00:46:34.914+0000] {dag.py:3947} INFO - Setting next_dagrun for flights_ops_medallion_pipe to 2026-08-13 00:30:00+00:00, run_after=2026-08-13 01:00:00+00:00
[2026-08-13T00:46:34.939+0000] {processor.py:183} INFO - Processing /opt/airflow/dags/flights-pipeline.py took 1.063 seconds
[2026-08-13T00:47:05.185+0000] {processor.py:161} INFO - Started process (PID=2041) to work on /opt/airflow/dags/flights-pipeline.py
[2026-08-13T00:47:05.187+0000] {processor.py:830} INFO - Processing file /opt/airflow/dags/flights-pipeline.py for tasks to queue
[2026-08-13T00:47:05.188+0000] {logging_mixin.py:188} INFO - [2026-08-13T00:47:05.188+0000] {dagbag.py:545} INFO - Filling up the DagBag from /opt/airflow/dags/flights-pipeline.py
[2026-08-13T00:47:06.011+0000] {processor.py:840} INFO - DAG(s) 'flights_ops_medallion_pipe' retrieved from /opt/airflow/dags/flights-pipeline.py
[2026-08-13T00:47:06.043+0000] {logging_mixin.py:188} INFO - [2026-08-13T00:47:06.042+0000] {dag.py:3089} INFO - Sync 1 DAGs
[2026-08-13T00:47:06.068+0000] {logging_mixin.py:188} INFO - [2026-08-13T00:47:06.068+0000] {dag.py:3947} INFO - Setting next_dagrun for flights_ops_medallion_pipe to 2026-08-13 00:30:00+00:00, run_after=2026-08-13 01:00:00+00:00
[2026-08-13T00:47:06.096+0000] {processor.py:183} INFO - Processing /opt/airflow/dags/flights-pipeline.py took 0.920 seconds
[2026-08-13T00:47:36.411+0000] {processor.py:161} INFO - Started process (PID=2044) to work on /opt/airflow/dags/flights-pipeline.py
[2026-08-13T00:47:36.414+0000] {processor.py:830} INFO - Processing file /opt/airflow/dags/flights-pipeline.py for tasks to queue
[2026-08-13T00:47:36.416+0000] {logging_mixin.py:188} INFO - [2026-08-13T00:47:36.416+0000] {dagbag.py:545} INFO - Filling up the DagBag from /opt/airflow/dags/flights-pipeline.py
[2026-08-13T00:47:37.762+0000] {processor.py:840} INFO - DAG(s) 'flights_ops_medallion_pipe' retrieved from /opt/airflow/dags/flights-pipeline.py
[2026-08-13T00:47:37.815+0000] {logging_mixin.py:188} INFO - [2026-08-13T00:47:37.814+0000] {dag.py:3089} INFO - Sync 1 DAGs
[2026-08-13T00:47:37.864+0000] {logging_mixin.py:188} INFO - [2026-08-13T00:47:37.863+0000] {dag.py:3947} INFO - Setting next_dagrun for flights_ops_medallion_pipe to 2026-08-13 00:30:00+00:00, run_after=2026-08-13 01:00:00+00:00
[2026-08-13T00:47:37.902+0000] {processor.py:183} INFO - Processing /opt/airflow/dags/flights-pipeline.py took 1.513 seconds
[2026-08-13T00:48:08.187+0000] {processor.py:161} INFO - Started process (PID=2047) to work on /opt/airflow/dags/flights-pipeline.py
[2026-08-13T00:48:08.189+0000] {processor.py:830} INFO - Processing file /opt/airflow/dags/flights-pipeline.py for tasks to queue
[2026-08-13T00:48:08.190+0000] {logging_mixin.py:188} INFO - [2026-08-13T00:48:08.190+0000] {dagbag.py:545} INFO - Filling up the DagBag from /opt/airflow/dags/flights-pipeline.py
[2026-08-13T00:48:09.094+0000] {processor.py:840} INFO - DAG(s) 'flights_ops_medallion_pipe' retrieved from /opt/airflow/dags/flights-pipeline.py
[2026-08-13T00:48:09.128+0000] {logging_mixin.py:188} INFO - [2026-08-13T00:48:09.127+0000] {dag.py:3089} INFO - Sync 1 DAGs
[2026-08-13T00:48:09.152+0000] {logging_mixin.py:188} INFO - [2026-08-13T00:48:09.152+0000] {dag.py:3947} INFO - Setting next_dagrun for flights_ops_medallion_pipe to 2026-08-13 00:30:00+00:00, run_after=2026-08-13 01:00:00+00:00
[2026-08-13T00:48:09.178+0000] {processor.py:183} INFO - Processing /opt/airflow/dags/flights-pipeline.py took 1.004 seconds
[2026-08-13T00:48:39.414+0000] {processor.py:161} INFO - Started process (PID=2050) to work on /opt/airflow/dags/flights-pipeline.py
[2026-08-13T00:48:39.415+0000] {processor.py:830} INFO - Processing file /opt/airflow/dags/flights-pipeline.py for tasks to queue
[2026-08-13T00:48:39.417+0000] {logging_mixin.py:188} INFO - [2026-08-13T00:48:39.416+0000] {dagbag.py:545} INFO - Filling up the DagBag from /opt/airflow/dags/flights-pipeline.py
[2026-08-13T00:48:40.277+0000] {processor.py:840} INFO - DAG(s) 'flights_ops_medallion_pipe' retrieved from /opt/airflow/dags/flights-pipeline.py
[2026-08-13T00:48:40.310+0000] {logging_mixin.py:188} INFO - [2026-08-13T00:48:40.309+0000] {dag.py:3089} INFO - Sync 1 DAGs
[2026-08-13T00:48:40.332+0000] {logging_mixin.py:188} INFO - [2026-08-13T00:48:40.332+0000] {dag.py:3947} INFO - Setting next_dagrun for flights_ops_medallion_pipe to 2026-08-13 00:30:00+00:00, run_after=2026-08-13 01:00:00+00:00
[2026-08-13T00:48:40.355+0000] {processor.py:183} INFO - Processing /opt/airflow/dags/flights-pipeline.py took 0.949 seconds
[2026-08-13T00:49:10.639+0000] {processor.py:161} INFO - Started process (PID=2053) to work on /opt/airflow/dags/flights-pipeline.py
[2026-08-13T00:49:10.640+0000] {processor.py:830} INFO - Processing file /opt/airflow/dags/flights-pipeline.py for tasks to queue
[2026-08-13T00:49:10.642+0000] {logging_mixin.py:188} INFO - [2026-08-13T00:49:10.642+0000] {dagbag.py:545} INFO - Filling up the DagBag from /opt/airflow/dags/flights-pipeline.py
[2026-08-13T00:49:11.458+0000] {processor.py:840} INFO - DAG(s) 'flights_ops_medallion_pipe' retrieved from /opt/airflow/dags/flights-pipeline.py
[2026-08-13T00:49:11.491+0000] {logging_mixin.py:188} INFO - [2026-08-13T00:49:11.490+0000] {dag.py:3089} INFO - Sync 1 DAGs
[2026-08-13T00:49:11.514+0000] {logging_mixin.py:188} INFO - [2026-08-13T00:49:11.513+0000] {dag.py:3947} INFO - Setting next_dagrun for flights_ops_medallion_pipe to 2026-08-13 00:30:00+00:00, run_after=2026-08-13 01:00:00+00:00
[2026-08-13T00:49:11.538+0000] {processor.py:183} INFO - Processing /opt/airflow/dags/flights-pipeline.py took 0.907 seconds
[2026-08-13T00:49:41.823+0000] {processor.py:161} INFO - Started process (PID=2056) to work on /opt/airflow/dags/flights-pipeline.py
[2026-08-13T00:49:41.825+0000] {processor.py:830} INFO - Processing file /opt/airflow/dags/flights-pipeline.py for tasks to queue
[2026-08-13T00:49:41.826+0000] {logging_mixin.py:188} INFO - [2026-08-13T00:49:41.826+0000] {dagbag.py:545} INFO - Filling up the DagBag from /opt/airflow/dags/flights-pipeline.py
[2026-08-13T00:49:42.614+0000] {processor.py:840} INFO - DAG(s) 'flights_ops_medallion_pipe' retrieved from /opt/airflow/dags/flights-pipeline.py
[2026-08-13T00:49:42.645+0000] {logging_mixin.py:188} INFO - [2026-08-13T00:49:42.644+0000] {dag.py:3089} INFO - Sync 1 DAGs
[2026-08-13T00:49:42.668+0000] {logging_mixin.py:188} INFO - [2026-08-13T00:49:42.668+0000] {dag.py:3947} INFO - Setting next_dagrun for flights_ops_medallion_pipe to 2026-08-13 00:30:00+00:00, run_after=2026-08-13 01:00:00+00:00
[2026-08-13T00:49:42.854+0000] {processor.py:183} INFO - Processing /opt/airflow/dags/flights-pipeline.py took 1.038 seconds
[2026-08-13T00:50:13.072+0000] {processor.py:161} INFO - Started process (PID=2059) to work on /opt/airflow/dags/flights-pipeline.py
[2026-08-13T00:50:13.073+0000] {processor.py:830} INFO - Processing file /opt/airflow/dags/flights-pipeline.py for tasks to queue
[2026-08-13T00:50:13.075+0000] {logging_mixin.py:188} INFO - [2026-08-13T00:50:13.074+0000] {dagbag.py:545} INFO - Filling up the DagBag from /opt/airflow/dags/flights-pipeline.py
[2026-08-13T00:50:13.920+0000] {processor.py:840} INFO - DAG(s) 'flights_ops_medallion_pipe' retrieved from /opt/airflow/dags/flights-pipeline.py
[2026-08-13T00:50:13.956+0000] {logging_mixin.py:188} INFO - [2026-08-13T00:50:13.954+0000] {dag.py:3089} INFO - Sync 1 DAGs
[2026-08-13T00:50:13.979+0000] {logging_mixin.py:188} INFO - [2026-08-13T00:50:13.979+0000] {dag.py:3947} INFO - Setting next_dagrun for flights_ops_medallion_pipe to 2026-08-13 00:30:00+00:00, run_after=2026-08-13 01:00:00+00:00
[2026-08-13T00:50:14.006+0000] {processor.py:183} INFO - Processing /opt/airflow/dags/flights-pipeline.py took 0.941 seconds
[2026-08-13T00:50:44.287+0000] {processor.py:161} INFO - Started process (PID=2062) to work on /opt/airflow/dags/flights-pipeline.py
[2026-08-13T00:50:44.288+0000] {processor.py:830} INFO - Processing file /opt/airflow/dags/flights-pipeline.py for tasks to queue
[2026-08-13T00:50:44.290+0000] {logging_mixin.py:188} INFO - [2026-08-13T00:50:44.290+0000] {dagbag.py:545} INFO - Filling up the DagBag from /opt/airflow/dags/flights-pipeline.py
[2026-08-13T00:50:45.231+0000] {processor.py:840} INFO - DAG(s) 'flights_ops_medallion_pipe' retrieved from /opt/airflow/dags/flights-pipeline.py
[2026-08-13T00:50:45.266+0000] {logging_mixin.py:188} INFO - [2026-08-13T00:50:45.265+0000] {dag.py:3089} INFO - Sync 1 DAGs
[2026-08-13T00:50:45.292+0000] {logging_mixin.py:188} INFO - [2026-08-13T00:50:45.292+0000] {dag.py:3947} INFO - Setting next_dagrun for flights_ops_medallion_pipe to 2026-08-13 00:30:00+00:00, run_after=2026-08-13 01:00:00+00:00
[2026-08-13T00:50:45.320+0000] {processor.py:183} INFO - Processing /opt/airflow/dags/flights-pipeline.py took 1.040 seconds
[2026-08-13T00:51:15.515+0000] {processor.py:161} INFO - Started process (PID=2065) to work on /opt/airflow/dags/flights-pipeline.py
[2026-08-13T00:51:15.517+0000] {processor.py:830} INFO - Processing file /opt/airflow/dags/flights-pipeline.py for tasks to queue
[2026-08-13T00:51:15.518+0000] {logging_mixin.py:188} INFO - [2026-08-13T00:51:15.518+0000] {dagbag.py:545} INFO - Filling up the DagBag from /opt/airflow/dags/flights-pipeline.py
[2026-08-13T00:51:16.342+0000] {processor.py:840} INFO - DAG(s) 'flights_ops_medallion_pipe' retrieved from /opt/airflow/dags/flights-pipeline.py
[2026-08-13T00:51:16.373+0000] {logging_mixin.py:188} INFO - [2026-08-13T00:51:16.372+0000] {dag.py:3089} INFO - Sync 1 DAGs
[2026-08-13T00:51:16.396+0000] {logging_mixin.py:188} INFO - [2026-08-13T00:51:16.395+0000] {dag.py:3947} INFO - Setting next_dagrun for flights_ops_medallion_pipe to 2026-08-13 00:30:00+00:00, run_after=2026-08-13 01:00:00+00:00
[2026-08-13T00:51:16.419+0000] {processor.py:183} INFO - Processing /opt/airflow/dags/flights-pipeline.py took 0.912 seconds
[2026-08-13T00:51:46.997+0000] {processor.py:161} INFO - Started process (PID=2068) to work on /opt/airflow/dags/flights-pipeline.py
[2026-08-13T00:51:46.999+0000] {processor.py:830} INFO - Processing file /opt/airflow/dags/flights-pipeline.py for tasks to queue
[2026-08-13T00:51:47.001+0000] {logging_mixin.py:188} INFO - [2026-08-13T00:51:47.000+0000] {dagbag.py:545} INFO - Filling up the DagBag from /opt/airflow/dags/flights-pipeline.py
[2026-08-13T00:51:48.646+0000] {processor.py:840} INFO - DAG(s) 'flights_ops_medallion_pipe' retrieved from /opt/airflow/dags/flights-pipeline.py
[2026-08-13T00:51:48.681+0000] {logging_mixin.py:188} INFO - [2026-08-13T00:51:48.681+0000] {dag.py:3089} INFO - Sync 1 DAGs
[2026-08-13T00:51:48.706+0000] {logging_mixin.py:188} INFO - [2026-08-13T00:51:48.706+0000] {dag.py:3947} INFO - Setting next_dagrun for flights_ops_medallion_pipe to 2026-08-13 00:30:00+00:00, run_after=2026-08-13 01:00:00+00:00
[2026-08-13T00:51:48.732+0000] {processor.py:183} INFO - Processing /opt/airflow/dags/flights-pipeline.py took 1.752 seconds
[2026-08-13T00:52:19.048+0000] {processor.py:161} INFO - Started process (PID=2071) to work on /opt/airflow/dags/flights-pipeline.py
[2026-08-13T00:52:19.050+0000] {processor.py:830} INFO - Processing file /opt/airflow/dags/flights-pipeline.py for tasks to queue
[2026-08-13T00:52:19.052+0000] {logging_mixin.py:188} INFO - [2026-08-13T00:52:19.051+0000] {dagbag.py:545} INFO - Filling up the DagBag from /opt/airflow/dags/flights-pipeline.py
[2026-08-13T00:52:20.009+0000] {processor.py:840} INFO - DAG(s) 'flights_ops_medallion_pipe' retrieved from /opt/airflow/dags/flights-pipeline.py
[2026-08-13T00:52:20.041+0000] {logging_mixin.py:188} INFO - [2026-08-13T00:52:20.040+0000] {dag.py:3089} INFO - Sync 1 DAGs
[2026-08-13T00:52:20.066+0000] {logging_mixin.py:188} INFO - [2026-08-13T00:52:20.066+0000] {dag.py:3947} INFO - Setting next_dagrun for flights_ops_medallion_pipe to 2026-08-13 00:30:00+00:00, run_after=2026-08-13 01:00:00+00:00
[2026-08-13T00:52:20.092+0000] {processor.py:183} INFO - Processing /opt/airflow/dags/flights-pipeline.py took 1.056 seconds
[2026-08-13T00:52:50.273+0000] {processor.py:161} INFO - Started process (PID=2074) to work on /opt/airflow/dags/flights-pipeline.py
[2026-08-13T00:52:50.274+0000] {processor.py:830} INFO - Processing file /opt/airflow/dags/flights-pipeline.py for tasks to queue
[2026-08-13T00:52:50.277+0000] {logging_mixin.py:188} INFO - [2026-08-13T00:52:50.276+0000] {dagbag.py:545} INFO - Filling up the DagBag from /opt/airflow/dags/flights-pipeline.py
[2026-08-13T00:52:51.096+0000] {processor.py:840} INFO - DAG(s) 'flights_ops_medallion_pipe' retrieved from /opt/airflow/dags/flights-pipeline.py
[2026-08-13T00:52:51.126+0000] {logging_mixin.py:188} INFO - [2026-08-13T00:52:51.126+0000] {dag.py:3089} INFO - Sync 1 DAGs
[2026-08-13T00:52:51.152+0000] {logging_mixin.py:188} INFO - [2026-08-13T00:52:51.152+0000] {dag.py:3947} INFO - Setting next_dagrun for flights_ops_medallion_pipe to 2026-08-13 00:30:00+00:00, run_after=2026-08-13 01:00:00+00:00
[2026-08-13T00:52:51.178+0000] {processor.py:183} INFO - Processing /opt/airflow/dags/flights-pipeline.py took 0.913 seconds
[2026-08-13T00:53:21.472+0000] {processor.py:161} INFO - Started process (PID=2077) to work on /opt/airflow/dags/flights-pipeline.py
[2026-08-13T00:53:21.473+0000] {processor.py:830} INFO - Processing file /opt/airflow/dags/flights-pipeline.py for tasks to queue
[2026-08-13T00:53:21.474+0000] {logging_mixin.py:188} INFO - [2026-08-13T00:53:21.474+0000] {dagbag.py:545} INFO - Filling up the DagBag from /opt/airflow/dags/flights-pipeline.py
[2026-08-13T00:53:22.299+0000] {processor.py:840} INFO - DAG(s) 'flights_ops_medallion_pipe' retrieved from /opt/airflow/dags/flights-pipeline.py
[2026-08-13T00:53:22.332+0000] {logging_mixin.py:188} INFO - [2026-08-13T00:53:22.330+0000] {dag.py:3089} INFO - Sync 1 DAGs
[2026-08-13T00:53:22.357+0000] {logging_mixin.py:188} INFO - [2026-08-13T00:53:22.356+0000] {dag.py:3947} INFO - Setting next_dagrun for flights_ops_medallion_pipe to 2026-08-13 00:30:00+00:00, run_after=2026-08-13 01:00:00+00:00
[2026-08-13T00:53:22.383+0000] {processor.py:183} INFO - Processing /opt/airflow/dags/flights-pipeline.py took 0.919 seconds
[2026-08-13T00:53:52.673+0000] {processor.py:161} INFO - Started process (PID=2080) to work on /opt/airflow/dags/flights-pipeline.py
[2026-08-13T00:53:52.675+0000] {processor.py:830} INFO - Processing file /opt/airflow/dags/flights-pipeline.py for tasks to queue
[2026-08-13T00:53:52.677+0000] {logging_mixin.py:188} INFO - [2026-08-13T00:53:52.677+0000] {dagbag.py:545} INFO - Filling up the DagBag from /opt/airflow/dags/flights-pipeline.py
[2026-08-13T00:53:53.513+0000] {processor.py:840} INFO - DAG(s) 'flights_ops_medallion_pipe' retrieved from /opt/airflow/dags/flights-pipeline.py
[2026-08-13T00:53:53.545+0000] {logging_mixin.py:188} INFO - [2026-08-13T00:53:53.544+0000] {dag.py:3089} INFO - Sync 1 DAGs
[2026-08-13T00:53:53.568+0000] {logging_mixin.py:188} INFO - [2026-08-13T00:53:53.568+0000] {dag.py:3947} INFO - Setting next_dagrun for flights_ops_medallion_pipe to 2026-08-13 00:30:00+00:00, run_after=2026-08-13 01:00:00+00:00
[2026-08-13T00:53:53.591+0000] {processor.py:183} INFO - Processing /opt/airflow/dags/flights-pipeline.py took 0.927 seconds
[2026-08-13T00:54:23.893+0000] {processor.py:161} INFO - Started process (PID=2083) to work on /opt/airflow/dags/flights-pipeline.py
[2026-08-13T00:54:23.894+0000] {processor.py:830} INFO - Processing file /opt/airflow/dags/flights-pipeline.py for tasks to queue
[2026-08-13T00:54:23.896+0000] {logging_mixin.py:188} INFO - [2026-08-13T00:54:23.895+0000] {dagbag.py:545} INFO - Filling up the DagBag from /opt/airflow/dags/flights-pipeline.py
[2026-08-13T00:54:24.731+0000] {processor.py:840} INFO - DAG(s) 'flights_ops_medallion_pipe' retrieved from /opt/airflow/dags/flights-pipeline.py
[2026-08-13T00:54:24.762+0000] {logging_mixin.py:188} INFO - [2026-08-13T00:54:24.761+0000] {dag.py:3089} INFO - Sync 1 DAGs
[2026-08-13T00:54:24.783+0000] {logging_mixin.py:188} INFO - [2026-08-13T00:54:24.783+0000] {dag.py:3947} INFO - Setting next_dagrun for flights_ops_medallion_pipe to 2026-08-13 00:30:00+00:00, run_after=2026-08-13 01:00:00+00:00
[2026-08-13T00:54:24.805+0000] {processor.py:183} INFO - Processing /opt/airflow/dags/flights-pipeline.py took 0.921 seconds
[2026-08-13T00:54:55.125+0000] {processor.py:161} INFO - Started process (PID=2086) to work on /opt/airflow/dags/flights-pipeline.py
[2026-08-13T00:54:55.126+0000] {processor.py:830} INFO - Processing file /opt/airflow/dags/flights-pipeline.py for tasks to queue
[2026-08-13T00:54:55.128+0000] {logging_mixin.py:188} INFO - [2026-08-13T00:54:55.127+0000] {dagbag.py:545} INFO - Filling up the DagBag from /opt/airflow/dags/flights-pipeline.py
[2026-08-13T00:54:56.338+0000] {processor.py:840} INFO - DAG(s) 'flights_ops_medallion_pipe' retrieved from /opt/airflow/dags/flights-pipeline.py
[2026-08-13T00:54:56.391+0000] {logging_mixin.py:188} INFO - [2026-08-13T00:54:56.391+0000] {dag.py:3089} INFO - Sync 1 DAGs
[2026-08-13T00:54:56.422+0000] {logging_mixin.py:188} INFO - [2026-08-13T00:54:56.421+0000] {dag.py:3947} INFO - Setting next_dagrun for flights_ops_medallion_pipe to 2026-08-13 00:30:00+00:00, run_after=2026-08-13 01:00:00+00:00
[2026-08-13T00:54:56.448+0000] {processor.py:183} INFO - Processing /opt/airflow/dags/flights-pipeline.py took 1.331 seconds
[2026-08-13T00:55:26.828+0000] {processor.py:161} INFO - Started process (PID=2089) to work on /opt/airflow/dags/flights-pipeline.py
[2026-08-13T00:55:26.832+0000] {processor.py:830} INFO - Processing file /opt/airflow/dags/flights-pipeline.py for tasks to queue
[2026-08-13T00:55:26.835+0000] {logging_mixin.py:188} INFO - [2026-08-13T00:55:26.834+0000] {dagbag.py:545} INFO - Filling up the DagBag from /opt/airflow/dags/flights-pipeline.py
[2026-08-13T00:55:27.702+0000] {processor.py:840} INFO - DAG(s) 'flights_ops_medallion_pipe' retrieved from /opt/airflow/dags/flights-pipeline.py
[2026-08-13T00:55:27.732+0000] {logging_mixin.py:188} INFO - [2026-08-13T00:55:27.731+0000] {dag.py:3089} INFO - Sync 1 DAGs
[2026-08-13T00:55:27.759+0000] {logging_mixin.py:188} INFO - [2026-08-13T00:55:27.759+0000] {dag.py:3947} INFO - Setting next_dagrun for flights_ops_medallion_pipe to 2026-08-13 00:30:00+00:00, run_after=2026-08-13 01:00:00+00:00
[2026-08-13T00:55:27.785+0000] {processor.py:183} INFO - Processing /opt/airflow/dags/flights-pipeline.py took 0.983 seconds
[2026-08-13T00:55:58.000+0000] {processor.py:161} INFO - Started process (PID=2092) to work on /opt/airflow/dags/flights-pipeline.py
[2026-08-13T00:55:58.001+0000] {processor.py:830} INFO - Processing file /opt/airflow/dags/flights-pipeline.py for tasks to queue
[2026-08-13T00:55:58.003+0000] {logging_mixin.py:188} INFO - [2026-08-13T00:55:58.003+0000] {dagbag.py:545} INFO - Filling up the DagBag from /opt/airflow/dags/flights-pipeline.py
[2026-08-13T00:55:58.981+0000] {processor.py:840} INFO - DAG(s) 'flights_ops_medallion_pipe' retrieved from /opt/airflow/dags/flights-pipeline.py
[2026-08-13T00:55:59.018+0000] {logging_mixin.py:188} INFO - [2026-08-13T00:55:59.017+0000] {dag.py:3089} INFO - Sync 1 DAGs
[2026-08-13T00:55:59.046+0000] {logging_mixin.py:188} INFO - [2026-08-13T00:55:59.046+0000] {dag.py:3947} INFO - Setting next_dagrun for flights_ops_medallion_pipe to 2026-08-13 00:30:00+00:00, run_after=2026-08-13 01:00:00+00:00
[2026-08-13T00:55:59.075+0000] {processor.py:183} INFO - Processing /opt/airflow/dags/flights-pipeline.py took 1.086 seconds
[2026-08-13T00:56:29.255+0000] {processor.py:161} INFO - Started process (PID=2095) to work on /opt/airflow/dags/flights-pipeline.py
[2026-08-13T00:56:29.256+0000] {processor.py:830} INFO - Processing file /opt/airflow/dags/flights-pipeline.py for tasks to queue
[2026-08-13T00:56:29.258+0000] {logging_mixin.py:188} INFO - [2026-08-13T00:56:29.257+0000] {dagbag.py:545} INFO - Filling up the DagBag from /opt/airflow/dags/flights-pipeline.py
[2026-08-13T00:56:30.119+0000] {processor.py:840} INFO - DAG(s) 'flights_ops_medallion_pipe' retrieved from /opt/airflow/dags/flights-pipeline.py
[2026-08-13T00:56:30.152+0000] {logging_mixin.py:188} INFO - [2026-08-13T00:56:30.152+0000] {dag.py:3089} INFO - Sync 1 DAGs
[2026-08-13T00:56:30.180+0000] {logging_mixin.py:188} INFO - [2026-08-13T00:56:30.180+0000] {dag.py:3947} INFO - Setting next_dagrun for flights_ops_medallion_pipe to 2026-08-13 00:30:00+00:00, run_after=2026-08-13 01:00:00+00:00
[2026-08-13T00:56:30.213+0000] {processor.py:183} INFO - Processing /opt/airflow/dags/flights-pipeline.py took 0.967 seconds
[2026-08-13T00:57:00.520+0000] {processor.py:161} INFO - Started process (PID=2098) to work on /opt/airflow/dags/flights-pipeline.py
[2026-08-13T00:57:00.522+0000] {processor.py:830} INFO - Processing file /opt/airflow/dags/flights-pipeline.py for tasks to queue
[2026-08-13T00:57:00.523+0000] {logging_mixin.py:188} INFO - [2026-08-13T00:57:00.523+0000] {dagbag.py:545} INFO - Filling up the DagBag from /opt/airflow/dags/flights-pipeline.py
[2026-08-13T00:57:01.309+0000] {processor.py:840} INFO - DAG(s) 'flights_ops_medallion_pipe' retrieved from /opt/airflow/dags/flights-pipeline.py
[2026-08-13T00:57:01.341+0000] {logging_mixin.py:188} INFO - [2026-08-13T00:57:01.340+0000] {dag.py:3089} INFO - Sync 1 DAGs
[2026-08-13T00:57:01.363+0000] {logging_mixin.py:188} INFO - [2026-08-13T00:57:01.363+0000] {dag.py:3947} INFO - Setting next_dagrun for flights_ops_medallion_pipe to 2026-08-13 00:30:00+00:00, run_after=2026-08-13 01:00:00+00:00
[2026-08-13T00:57:01.389+0000] {processor.py:183} INFO - Processing /opt/airflow/dags/flights-pipeline.py took 0.876 seconds
[2026-08-13T00:57:31.667+0000] {processor.py:161} INFO - Started process (PID=2101) to work on /opt/airflow/dags/flights-pipeline.py
[2026-08-13T00:57:31.669+0000] {processor.py:830} INFO - Processing file /opt/airflow/dags/flights-pipeline.py for tasks to queue
[2026-08-13T00:57:31.671+0000] {logging_mixin.py:188} INFO - [2026-08-13T00:57:31.670+0000] {dagbag.py:545} INFO - Filling up the DagBag from /opt/airflow/dags/flights-pipeline.py
[2026-08-13T00:57:32.659+0000] {processor.py:840} INFO - DAG(s) 'flights_ops_medallion_pipe' retrieved from /opt/airflow/dags/flights-pipeline.py
[2026-08-13T00:57:32.705+0000] {logging_mixin.py:188} INFO - [2026-08-13T00:57:32.704+0000] {dag.py:3089} INFO - Sync 1 DAGs
[2026-08-13T00:57:32.728+0000] {logging_mixin.py:188} INFO - [2026-08-13T00:57:32.728+0000] {dag.py:3947} INFO - Setting next_dagrun for flights_ops_medallion_pipe to 2026-08-13 00:30:00+00:00, run_after=2026-08-13 01:00:00+00:00
[2026-08-13T00:57:32.754+0000] {processor.py:183} INFO - Processing /opt/airflow/dags/flights-pipeline.py took 1.096 seconds
[2026-08-13T00:58:02.942+0000] {processor.py:161} INFO - Started process (PID=2104) to work on /opt/airflow/dags/flights-pipeline.py
[2026-08-13T00:58:02.944+0000] {processor.py:830} INFO - Processing file /opt/airflow/dags/flights-pipeline.py for tasks to queue
[2026-08-13T00:58:02.945+0000] {logging_mixin.py:188} INFO - [2026-08-13T00:58:02.945+0000] {dagbag.py:545} INFO - Filling up the DagBag from /opt/airflow/dags/flights-pipeline.py
[2026-08-13T00:58:03.780+0000] {processor.py:840} INFO - DAG(s) 'flights_ops_medallion_pipe' retrieved from /opt/airflow/dags/flights-pipeline.py
[2026-08-13T00:58:03.811+0000] {logging_mixin.py:188} INFO - [2026-08-13T00:58:03.810+0000] {dag.py:3089} INFO - Sync 1 DAGs
[2026-08-13T00:58:03.834+0000] {logging_mixin.py:188} INFO - [2026-08-13T00:58:03.833+0000] {dag.py:3947} INFO - Setting next_dagrun for flights_ops_medallion_pipe to 2026-08-13 00:30:00+00:00, run_after=2026-08-13 01:00:00+00:00
[2026-08-13T00:58:03.857+0000] {processor.py:183} INFO - Processing /opt/airflow/dags/flights-pipeline.py took 0.924 seconds
[2026-08-13T00:58:34.132+0000] {processor.py:161} INFO - Started process (PID=2107) to work on /opt/airflow/dags/flights-pipeline.py
[2026-08-13T00:58:34.133+0000] {processor.py:830} INFO - Processing file /opt/airflow/dags/flights-pipeline.py for tasks to queue
[2026-08-13T00:58:34.135+0000] {logging_mixin.py:188} INFO - [2026-08-13T00:58:34.135+0000] {dagbag.py:545} INFO - Filling up the DagBag from /opt/airflow/dags/flights-pipeline.py
[2026-08-13T00:58:34.948+0000] {processor.py:840} INFO - DAG(s) 'flights_ops_medallion_pipe' retrieved from /opt/airflow/dags/flights-pipeline.py
[2026-08-13T00:58:34.982+0000] {logging_mixin.py:188} INFO - [2026-08-13T00:58:34.982+0000] {dag.py:3089} INFO - Sync 1 DAGs
[2026-08-13T00:58:35.010+0000] {logging_mixin.py:188} INFO - [2026-08-13T00:58:35.009+0000] {dag.py:3947} INFO - Setting next_dagrun for flights_ops_medallion_pipe to 2026-08-13 00:30:00+00:00, run_after=2026-08-13 01:00:00+00:00
[2026-08-13T00:58:35.032+0000] {processor.py:183} INFO - Processing /opt/airflow/dags/flights-pipeline.py took 0.908 seconds
[2026-08-13T00:59:05.314+0000] {processor.py:161} INFO - Started process (PID=2110) to work on /opt/airflow/dags/flights-pipeline.py
[2026-08-13T00:59:05.316+0000] {processor.py:830} INFO - Processing file /opt/airflow/dags/flights-pipeline.py for tasks to queue
[2026-08-13T00:59:05.318+0000] {logging_mixin.py:188} INFO - [2026-08-13T00:59:05.317+0000] {dagbag.py:545} INFO - Filling up the DagBag from /opt/airflow/dags/flights-pipeline.py
[2026-08-13T00:59:06.172+0000] {processor.py:840} INFO - DAG(s) 'flights_ops_medallion_pipe' retrieved from /opt/airflow/dags/flights-pipeline.py
[2026-08-13T00:59:06.206+0000] {logging_mixin.py:188} INFO - [2026-08-13T00:59:06.206+0000] {dag.py:3089} INFO - Sync 1 DAGs
[2026-08-13T00:59:06.231+0000] {logging_mixin.py:188} INFO - [2026-08-13T00:59:06.231+0000] {dag.py:3947} INFO - Setting next_dagrun for flights_ops_medallion_pipe to 2026-08-13 00:30:00+00:00, run_after=2026-08-13 01:00:00+00:00
[2026-08-13T00:59:06.255+0000] {processor.py:183} INFO - Processing /opt/airflow/dags/flights-pipeline.py took 0.948 seconds
